date,prec_AGCD,prec_SILO,PET_morton,sf_mmd
1970-05-28,0.487448,0.499699,3.375048,1.067704
1970-05-29,0.950644,0.842392,2.824191,1.021572
1970-05-30,0.623687,0.511371,1.905714,0.993781
1970-05-31,1.278927,0.685336,2.658286,1.011011
1970-06-01,2.165765,1.499902,2.787619,1.021016
1970-06-02,0.344511,0.302045,3.519048,0.993781
1970-06-03,0.0,0.0,2.74781,0.976551
1970-06-04,0.021652,0.0,1.643429,0.932643
1970-06-05,0.059193,0.0,2.781333,0.873172
1970-06-06,0.022757,0.0,3.350095,0.821482
1970-06-07,0.033424,0.0,2.514667,0.820926
1970-06-08,0.253562,0.193498,2.383048,0.820926
1970-06-09,0.621955,0.391967,1.974857,0.820926
1970-06-10,0.676795,0.301277,1.513905,0.820926
1970-06-11,0.467003,0.21689,1.890286,0.820926
1970-06-12,1.586369,0.74488,2.173524,0.820926
1970-06-13,1.853196,1.123393,3.006667,0.853162
1970-06-14,0.005236,0.0,3.292571,0.87206
1970-06-15,0.087372,0.04832,2.382286,0.805919
1970-06-16,0.000893,0.0,1.909524,0.780352
1970-06-17,0.0,0.0,0.877714,0.780352
1970-06-18,0.391966,0.189308,2.704762,0.764789
1970-06-19,1.255952,1.018266,2.401714,0.725327
1970-06-20,10.181722,6.983621,2.292,0.731441
1970-06-21,1.750346,1.415952,2.513905,0.795359
1970-06-22,4.64646,5.976856,3.110476,0.82037
1970-06-23,0.619875,0.626468,3.088381,0.774238
1970-06-24,0.038341,0.016737,2.46,0.701983
1970-06-25,0.940649,0.484155,3.280571,0.686421
1970-06-26,0.016228,0.001712,1.743238,0.663633
1970-06-27,0.0,0.0,3.579619,0.663077
1970-06-28,0.0,0.0,3.703048,0.648626
1970-06-29,0.0,0.0,3.370095,0.626394
1970-06-30,0.0,0.0,3.281524,0.625838
1970-07-01,0.0,0.0,3.208571,0.611943
1970-07-02,0.0,0.0,3.773905,0.58971
1970-07-03,0.0,0.0,2.929905,0.58971
1970-07-04,0.000727,0.0,3.076381,0.58971
1970-07-05,0.002426,0.0,2.590095,0.58971
1970-07-06,0.556702,0.466078,1.945714,0.58971
1970-07-07,11.119879,5.703136,2.450286,0.58971
1970-07-08,3.762688,1.787576,2.207619,0.711432
1970-07-09,1.376129,1.321692,3.245905,0.650293
1970-07-10,0.220067,0.153473,2.897905,0.611943
1970-07-11,0.090184,0.060904,3.487048,0.576371
1970-07-12,0.0,0.0,0.746476,0.568034
1970-07-13,0.149676,0.143367,0.596952,0.56192
1970-07-14,0.175725,0.130978,1.27581,0.520235
1970-07-15,0.217906,0.258624,2.270286,0.506895
1970-07-16,0.532673,0.453099,1.783238,0.48633
1970-07-17,0.082388,0.031957,2.043048,0.48633
1970-07-18,0.261083,0.407522,2.427048,0.48633
1970-07-19,0.000234,0.0,2.331619,0.48633
1970-07-20,0.0,0.0,0.1,0.48633
1970-07-21,0.0,0.0,0.426857,0.474103
1970-07-22,0.0,0.0,2.775048,0.454094
1970-07-23,0.0,0.0,3.823429,0.454094
1970-07-24,0.0,0.0,3.396762,0.454094
1970-07-25,0.0,0.0,3.389143,0.454094
1970-07-26,0.0,0.0,3.795048,0.454094
1970-07-27,0.0,0.0,3.674095,0.454094
1970-07-28,0.0,0.0,3.610095,0.441866
1970-07-29,0.402387,0.312371,2.280952,0.422413
1970-07-30,7.911695,5.662402,2.308,0.43464
1970-07-31,5.544561,3.709656,2.789143,0.517456
1970-08-01,1.053147,0.943726,3.476571,0.610275
1970-08-02,0.001853,0.001712,3.886476,0.549692
1970-08-03,0.32484,0.351784,4.093714,0.474658
1970-08-04,0.133968,0.214424,3.980381,0.441866
1970-08-05,0.000318,0.003614,3.997333,0.410741
1970-08-06,0.0001,0.0,2.803619,0.391843
1970-08-07,3.014356,3.822253,0.527238,0.391843
1970-08-08,48.635884,32.869112,1.170857,0.593045
1970-08-09,29.691096,21.888939,2.796572,2.305484
1970-08-10,20.166224,26.399158,3.758095,1.346163
1970-08-11,0.0,0.0,4.331048,0.711432
1970-08-12,0.0,0.0,4.468952,0.564143
1970-08-13,0.0,0.0,2.070286,0.507451
1970-08-14,0.0,0.0,3.560952,0.474103
1970-08-15,0.0,0.0,3.301714,0.454094
1970-08-16,0.000102,0.0,3.828762,0.441866
1970-08-17,0.0,0.0,4.244,0.422413
1970-08-18,0.0,0.0,3.213714,0.422413
1970-08-19,0.0,0.0,3.872,0.410741
1970-08-20,0.0,0.0,4.362095,0.391843
1970-08-21,0.0,0.0,3.756762,0.391843
1970-08-22,0.0,0.0,4.39181,0.380727
1970-08-23,0.0,0.0,3.673333,0.362386
1970-08-24,0.0,0.0,4.405333,0.362386
1970-08-25,0.0,0.0,4.780381,0.35127
1970-08-26,0.0,0.0,5.049524,0.33404
1970-08-27,0.0,0.0,4.021905,0.323479
1970-08-28,0.0,0.0,4.394286,0.306249
1970-08-29,0.0,0.0,5.080952,0.306249
1970-08-30,0.0,0.0,4.413333,0.306249
1970-08-31,0.0,0.0,1.30781,0.306249
1970-09-01,0.0,0.0,1.584762,0.306249
1970-09-02,0.0,0.0,2.580191,0.306249
1970-09-03,0.002885,0.0,3.463429,0.306249
1970-09-04,4.149001,2.755207,3.758667,0.31681
1970-09-05,0.931319,1.030248,5.072381,0.33404
1970-09-06,0.0,0.0,4.729714,0.33404
1970-09-07,0.0,0.0,5.081333,0.323479
1970-09-08,0.0,0.0,4.869714,0.306249
1970-09-09,0.0,0.0,4.584,0.306249
1970-09-10,0.0,0.0,4.369905,0.306249
1970-09-11,0.0,0.0,2.492191,0.296245
1970-09-12,0.565428,0.289277,3.391048,0.270122
1970-09-13,0.0,0.0,4.906667,0.264564
1970-09-14,0.0,0.0,4.771048,0.270122
1970-09-15,0.0,0.0,4.084,0.254559
1970-09-16,1.04239,1.686275,3.351619,0.254559
1970-09-17,0.505087,0.567531,1.386857,0.254559
1970-09-18,1.537048,1.321676,4.114476,0.254559
1970-09-19,0.00955,0.0,5.233333,0.264008
1970-09-20,1.587355,1.515751,4.713905,0.279571
1970-09-21,4.220638,3.634395,3.859429,0.290131
1970-09-22,0.084883,0.131144,5.319238,0.306249
1970-09-23,0.0,0.0,4.464572,0.306249
1970-09-24,0.480113,0.697825,5.724762,0.306249
1970-09-25,0.0,0.0,4.444762,0.296245
1970-09-26,0.0,0.0,4.855619,0.270122
1970-09-27,0.0,0.0,2.738286,0.254559
1970-09-28,0.0,0.0,3.998667,0.254559
1970-09-29,0.31152,0.096563,5.241714,0.264008
1970-09-30,0.0,0.0,3.466286,0.279571
1970-10-01,0.0,0.0,5.016191,0.260673
1970-10-02,0.0,0.0,5.124952,0.23066
1970-10-03,0.0,0.0,4.546857,0.230104
1970-10-04,0.025365,0.005326,4.038667,0.230104
1970-10-05,17.862007,19.250452,4.423238,0.23455
1970-10-06,3.175742,3.32323,5.640953,0.719769
1970-10-07,5.537571,5.677479,4.730286,0.475214
1970-10-08,2.713276,2.795964,4.652572,0.346267
1970-10-09,1.990978,2.334958,4.840381,0.340153
1970-10-10,0.572375,0.481438,4.674667,0.306805
1970-10-11,3.232154,3.176867,1.716381,0.296245
1970-10-12,10.443828,12.739532,3.677714,0.321812
1970-10-13,9.710102,11.518818,3.285333,0.464098
1970-10-14,0.818549,0.805497,5.712952,0.709765
1970-10-15,0.240153,0.198837,5.935619,0.578038
1970-10-16,1.708272,2.321629,3.908381,0.371279
1970-10-17,1.139464,1.408141,4.677714,0.334595
1970-10-18,0.147783,0.287764,4.421905,0.323479
1970-10-19,2.646886,3.384323,4.412952,0.306249
1970-10-20,2.00591,3.052344,3.162476,0.446312
1970-10-21,0.0,0.681674,5.760762,0.649737
1970-10-22,0.154725,0.195405,6.228762,0.431861
1970-10-23,0.0,0.0,6.266857,0.359051
1970-10-24,0.0,0.0,6.012762,0.306805
1970-10-25,0.001081,0.0,5.168762,0.28624
1970-10-26,0.000675,0.0,5.351619,0.255115
1970-10-27,0.063047,0.0,5.515619,0.254559
1970-10-28,0.816715,1.057903,5.788953,0.245111
1970-10-29,0.0,0.0,5.319048,0.230104
1970-10-30,0.0,0.0,5.718857,0.230104
1970-10-31,0.0,0.0,4.968381,0.230104
1970-11-01,0.0,0.0,4.727048,0.230104
1970-11-02,0.098849,0.0,6.053333,0.230104
1970-11-03,1.954288,1.411565,3.635619,0.230104
1970-11-04,2.998544,1.900173,5.017905,0.230104
1970-11-05,4.062669,6.922852,5.438667,0.253448
1970-11-06,6.399723,3.603011,3.827238,0.369611
1970-11-07,4.424965,6.555552,3.996762,0.334595
1970-11-08,4.473988,1.144726,6.279238,0.345156
1970-11-09,0.816975,0.0,5.699048,0.362386
1970-11-10,0.288683,0.042286,6.415048,0.330149
1970-11-11,0.001122,0.0,5.452,0.261229
1970-11-12,0.052738,0.118041,5.664,0.23066
1970-11-13,0.113023,0.313497,4.056762,0.230104
1970-11-14,3.13221,2.831027,5.105524,0.230104
1970-11-15,1.211747,0.811752,4.684381,0.230104
1970-11-16,2.2895,2.227,4.896381,0.221211
1970-11-17,3.179269,2.160905,4.532571,0.225102
1970-11-18,1.336062,0.947557,5.525333,0.244555
1970-11-19,0.85314,3.137472,4.545905,0.230104
1970-11-20,3.562829,0.438821,5.368191,0.239552
1970-11-21,5.922915,5.220522,4.865714,0.294577
1970-11-22,8.382541,5.682772,4.304762,0.339598
1970-11-23,15.907857,14.18398,2.469905,0.33404
1970-11-24,20.597453,27.681289,3.040191,0.726439
1970-11-25,6.636295,6.18829,3.71581,1.242783
1970-11-26,2.47013,3.562838,5.394095,0.849272
1970-11-27,0.0,0.0,6.319238,0.471879
1970-11-28,0.0,0.0,5.773143,0.370167
1970-11-29,0.0,0.0,5.236191,0.313475
1970-11-30,0.000225,0.0,4.773714,0.280126
1970-12-01,0.337294,0.206056,4.953714,0.260673
1970-12-02,1.840508,1.22107,4.772191,0.23066
1970-12-03,2.699014,1.104707,5.920381,0.230104
1970-12-04,0.040437,0.0,5.74381,0.230104
1970-12-05,0.0,0.0,5.552381,0.230104
1970-12-06,0.0,0.026826,4.375238,0.221211
1970-12-07,10.442046,6.268125,4.399048,0.215653
1970-12-08,15.299608,11.973668,4.357714,0.278459
1970-12-09,43.744864,41.690849,6.415048,1.676867
1970-12-10,0.0,0.0,5.533714,1.050474
1970-12-11,0.0,0.0,6.003048,0.430194
1970-12-12,0.0,0.0,6.518667,0.324591
1970-12-13,0.54343,0.230871,6.830095,0.296245
1970-12-14,0.0,0.0,6.329143,0.270122
1970-12-15,0.0,0.0,6.670667,0.254559
1970-12-16,0.0,0.0,6.331048,0.245111
1970-12-17,0.00066,0.0,5.778476,0.230104
1970-12-18,1.788531,0.7891,6.284,0.221211
1970-12-19,0.668038,0.896859,5.938476,0.233994
1970-12-20,7.114957,8.730468,4.199048,0.268454
1970-12-21,28.126006,22.65825,4.829524,1.084378
1970-12-22,7.600727,14.50886,4.514095,0.991558
1970-12-23,10.258108,9.384117,3.560381,0.871504
1970-12-24,26.64904,24.914638,4.668572,3.775591
1970-12-25,16.97457,15.245094,5.16,4.302496
1970-12-26,10.30593,20.023948,5.993333,5.460796
1970-12-27,8.480407,13.829632,4.605143,2.735678
1970-12-28,9.204077,6.273283,2.524952,1.691318
1970-12-29,29.147065,28.662588,4.669714,1.382846
1970-12-30,2.313735,4.174396,3.967619,1.246673
1970-12-31,1.432641,3.17097,6.581714,0.989335
1971-01-01,0.232721,0.032355,6.784381,0.842046
1971-01-02,0.0,0.0,5.670667,0.711432
1971-01-03,0.0,0.0,6.317714,0.621391
1971-01-04,0.0,0.0,6.103429,0.554695
1971-01-05,0.0,0.0,5.915048,0.528016
1971-01-06,0.763624,0.590431,6.10381,0.474658
1971-01-07,8.95325,5.531588,4.233714,0.466321
1971-01-08,8.72149,9.622975,4.604381,0.583596
1971-01-09,7.231817,8.138429,4.401524,0.868725
1971-01-10,8.886483,11.081652,6.880381,1.41675
1971-01-11,2.042565,2.714453,5.840952,0.873727
1971-01-12,0.00293,0.0,6.530095,0.586931
1971-01-13,0.0,0.0,5.673714,0.508007
1971-01-14,0.0,0.0,6.366857,0.48633
1971-01-15,0.0,0.0,5.232762,0.474103
1971-01-16,0.289457,0.0,4.705143,0.441866
1971-01-17,0.358358,0.003994,5.485333,0.422413
1971-01-18,3.682697,1.907391,3.729333,0.422413
1971-01-19,2.584847,2.655785,5.566476,0.422413
1971-01-20,0.493726,1.17998,4.968952,0.422413
1971-01-21,0.0,0.0,5.985333,0.410741
1971-01-22,0.636246,0.347993,2.299429,0.391843
1971-01-23,6.944996,3.971362,3.899619,0.391843
1971-01-24,33.392874,31.824176,5.356381,1.341716
1971-01-25,0.064542,0.636682,4.90381,0.790356
1971-01-26,9.702788,7.118842,4.531048,0.397401
1971-01-27,5.404961,3.943015,5.075429,0.502449
1971-01-28,0.088679,0.033516,4.908191,0.730329
1971-01-29,20.480714,23.203517,5.244762,1.078264
1971-01-30,5.56827,11.625668,4.924762,1.206099
1971-01-31,1.468795,0.948356,4.896191,0.731997
1971-02-01,4.197688,1.678975,5.144191,1.305589
1971-02-02,7.884563,4.557277,5.335048,1.018237
1971-02-03,13.335619,14.526217,5.709905,1.406745
1971-02-04,2.374191,1.319009,6.752762,1.077152
1971-02-05,0.36623,0.0,6.224953,0.894292
1971-02-06,12.085311,7.991014,5.388762,0.712544
1971-02-07,13.402245,11.248354,6.475429,0.663633
1971-02-08,20.339072,16.960547,4.018095,0.663077
1971-02-09,84.76109,91.316563,4.257334,12.639033
1971-02-10,10.913549,6.957644,4.856953,6.121649
1971-02-11,10.928391,12.956352,3.828762,4.406431
1971-02-12,29.814974,24.884152,5.188762,4.930001
1971-02-13,9.047015,12.131842,5.594095,6.695241
1971-02-14,7.457597,5.595388,6.039619,3.500467
1971-02-15,0.090389,0.118257,5.15981,3.035258
1971-02-16,60.919859,46.96817,1.899429,2.651196
1971-02-17,151.027519,157.530405,2.434667,91.104971
1971-02-18,69.15191,69.578643,2.898667,62.520414
1971-02-19,11.339306,8.59745,2.879048,28.316658
1971-02-20,27.37184,30.433493,3.076191,18.585603
1971-02-21,1.726957,1.07669,5.062095,17.937533
1971-02-22,4.336088,4.783394,6.244953,12.247189
1971-02-23,8.259914,7.465503,5.360381,9.66936
1971-02-24,9.415759,7.990586,4.305143,8.067527
1971-02-25,9.505277,8.06242,3.969714,7.787956
1971-02-26,21.957029,17.233295,3.715048,7.090975
1971-02-27,17.18607,20.122255,2.088,7.371102
1971-02-28,25.834944,40.551592,3.154286,20.049041
1971-03-01,8.487344,11.31555,3.165905,11.441826
1971-03-02,19.387124,21.013527,4.46781,11.693051
1971-03-03,13.300329,15.158396,2.175238,11.127796
1971-03-04,136.177174,154.720884,2.804,36.569268
1971-03-05,82.56877,85.292151,3.824952,69.978222
1971-03-06,14.706789,17.739922,3.907048,43.956488
1971-03-07,7.630443,6.811924,2.421905,22.989255
1971-03-08,27.25623,20.455357,3.558286,20.809384
1971-03-09,39.829767,35.78318,2.285333,21.160097
1971-03-10,57.605965,60.985265,1.98019,44.855226
1971-03-11,32.387796,27.829423,1.479619,38.072724
1971-03-12,25.882277,21.933438,3.646095,35.698875
1971-03-13,8.162615,5.517307,3.875048,35.407077
1971-03-14,4.655465,3.117456,2.932571,26.962158
1971-03-15,3.809293,4.619007,3.487429,23.958026
1971-03-16,4.246016,18.696948,1.757333,35.582712
1971-03-17,114.150694,139.978036,1.866095,26.728164
1971-03-18,43.215296,44.82224,4.07581,79.27019
1971-03-19,5.429453,9.390076,4.716,42.460258
1971-03-20,1.804719,0.8228,3.951619,32.357924
1971-03-21,1.044924,0.951175,5.165333,25.960595
1971-03-22,0.493754,0.434073,4.255619,22.181669
1971-03-23,0.559859,0.585806,5.171429,19.358174
1971-03-24,0.616899,0.399018,4.84,16.990439
1971-03-25,2.740428,1.733305,3.342667,14.707187
1971-03-26,2.36417,1.349445,2.344762,12.535097
1971-03-27,2.458198,1.37118,4.117714,10.637575
1971-03-28,3.85957,4.574841,4.697714,9.124114
1971-03-29,3.996622,3.445285,2.596572,8.02473
1971-03-30,7.887612,3.96682,1.735048,7.478372
1971-03-31,20.823077,11.9424,1.253143,8.263171
1971-04-01,32.674576,22.803194,1.508952,22.411773
1971-04-02,5.518413,1.426976,3.707429,19.189209
1971-04-03,1.047455,0.464129,3.669333,14.170834
1971-04-04,0.987584,0.663395,2.996952,12.073778
1971-04-05,0.818021,0.138079,4.185333,10.910475
1971-04-06,1.773635,0.975594,2.967619,10.311872
1971-04-07,0.72968,0.2634,2.890286,9.995063
1971-04-08,2.30237,0.507599,3.616381,9.757178
1971-04-09,0.710871,0.347019,3.186095,9.523183
1971-04-10,6.652299,4.957702,2.056,9.335876
1971-04-11,57.960474,33.539015,1.409143,13.428833
1971-04-12,17.846399,12.188118,1.358095,23.462802
1971-04-13,15.263705,12.031793,2.318095,15.11904
1971-04-14,4.320919,6.451563,1.506476,12.422268
1971-04-15,4.757029,1.05406,2.087429,11.160588
1971-04-16,4.924494,3.691332,2.730667,10.553648
1971-04-17,3.945121,5.234387,3.227429,10.142907
1971-04-18,5.04277,2.398429,3.122476,9.71438
1971-04-19,4.665798,2.958983,3.098095,9.364223
1971-04-20,0.0,0.0,3.431238,8.977937
1971-04-21,49.931553,43.690042,1.713333,14.069678
1971-04-22,28.189018,18.733868,1.286667,26.633121
1971-04-23,10.539786,5.582815,1.327238,17.546245
1971-04-24,0.264109,0.421889,2.000952,14.831132
1971-04-25,0.716598,0.711227,3.151238,13.793442
1971-04-26,0.870246,0.078285,4.584381,13.023651
1971-04-27,0.505126,0.370235,4.838476,12.307772
1971-04-28,0.0,0.0,4.113714,11.533534
1971-04-29,0.0,0.0,3.405905,10.782084
1971-04-30,0.0,0.0,3.043429,10.10011
1971-05-01,0.0,0.0,4.0,9.553753
1971-05-02,0.0,0.0,3.090095,9.04908
1971-05-03,0.0,0.0,3.465333,8.491607
1971-05-04,0.0,0.0,2.697714,7.908566
1971-05-05,0.0,0.0,3.502667,7.361097
1971-05-06,0.0,0.0,2.537333,6.914785
1971-05-07,0.0,0.0,3.655048,6.424008
1971-05-08,0.0,0.0,1.889905,5.985477
1971-05-09,0.0,0.0,2.865714,5.548057
1971-05-10,0.0,0.0,4.126286,5.054501
1971-05-11,0.0,0.0,3.641143,4.631533
1971-05-12,0.0,0.0,3.533714,4.22635
1971-05-13,0.0,0.0,3.919048,3.838398
1971-05-14,0.0,0.0,3.333333,3.468786
1971-05-15,0.034881,0.0,3.800952,3.116405
1971-05-16,0.0,0.0,3.153905,2.831277
1971-05-17,5.424924,4.236528,2.761905,2.612289
1971-05-18,12.639492,8.652334,3.075048,2.421092
1971-05-19,24.754518,10.444742,3.042095,3.698334
1971-05-20,5.040162,3.140348,3.420381,3.449889
1971-05-21,3.05389,3.352681,3.252952,3.263138
1971-05-22,4.30833,6.360337,3.078667,3.123631
1971-05-23,0.380593,0.269123,3.527429,2.988014
1971-05-24,0.0,0.0,3.286095,2.854621
1971-05-25,0.0,0.0,1.770667,2.724562
1971-05-26,0.000943,0.0,1.930286,2.572827
1971-05-27,0.0,0.0,1.857714,2.434987
1971-05-28,0.490952,0.331596,3.182286,2.350504
1971-05-29,2.99912,1.723004,3.297333,2.254906
1971-05-30,0.0,0.0,3.183619,2.173202
1971-05-31,0.920084,1.063007,1.789333,2.059262
1971-06-01,0.0,0.0,2.967619,1.968666
1971-06-02,0.0,0.0,3.030095,1.89252
1971-06-03,0.0,0.0,2.998667,1.805814
1971-06-04,0.452338,0.856142,2.56381,1.733004
1971-06-05,0.0,0.0,2.434667,1.650189
1971-06-06,0.04955,0.012553,2.7,1.580157
1971-06-07,0.36923,0.714843,2.947238,1.482335
1971-06-08,0.0,0.0,2.255429,1.422864
1971-06-09,0.125355,0.411942,2.121333,1.386181
1971-06-10,0.012958,0.0,2.915048,1.329488
1971-06-11,1.186815,2.167177,3.346095,1.311703
1971-06-12,0.458943,0.850804,2.973714,1.249452
1971-06-13,0.0,0.0,2.974667,1.194983
1971-06-14,0.000225,0.0,2.259619,1.161079
1971-06-15,0.0,0.0,2.550286,1.093271
1971-06-16,0.0,0.0,0.973333,1.067148
1971-06-17,0.0,0.0,1.764762,1.051029
1971-06-18,0.0,0.0,2.762476,1.010456
1971-06-19,0.0,0.0,2.478667,0.970438
1971-06-20,0.0,0.0,2.216381,0.931531
1971-06-21,0.00165,0.0,1.892572,0.892625
1971-06-22,10.714764,6.84586,2.127238,0.855386
1971-06-23,1.304187,1.026231,2.244952,0.818147
1971-06-24,0.46742,0.319774,2.13619,0.782019
1971-06-25,23.923501,17.017253,0.7,0.746448
1971-06-26,30.172176,18.968344,0.349905,0.950984
1971-06-27,0.0,0.0,0.956762,2.591724
1971-06-28,0.0,0.0,1.452952,1.645186
1971-06-29,0.002191,0.0,2.169714,1.38896
1971-06-30,0.437277,0.376927,1.467619,1.312258
1971-07-01,0.003237,0.0,1.979429,1.265015
1971-07-02,0.126256,0.091369,2.161905,1.221106
1971-07-03,0.042279,0.001712,2.65581,1.178309
1971-07-04,0.002009,0.0,2.941714,1.15163
1971-07-05,0.598852,0.371991,2.264952,1.134956
1971-07-06,0.002217,0.0,1.949524,1.108833
1971-07-07,0.329133,0.131613,3.471429,1.108833
1971-07-08,0.0,0.0,2.787809,1.092715
1971-07-09,0.000735,0.0,1.1,1.051585
1971-07-10,0.007584,0.005326,2.029714,1.010456
1971-07-11,0.000352,0.0,1.785524,0.986
1971-07-12,2.906088,1.985843,2.127619,0.985444
1971-07-13,10.654496,5.416357,1.478286,1.016014
1971-07-14,8.848947,3.050412,2.046286,1.176642
1971-07-15,3.740621,4.760677,2.945333,1.376176
1971-07-16,0.5129,0.587952,3.266667,1.261124
1971-07-17,0.004905,0.0,2.137905,1.103831
1971-07-18,0.387227,0.307211,2.458667,1.011011
1971-07-19,2.44104,2.414628,2.143619,0.970438
1971-07-20,4.438834,1.722201,1.950667,1.012123
1971-07-21,1.802111,1.495197,2.101714,0.980442
1971-07-22,3.236155,3.05634,1.973524,0.908187
1971-07-23,12.165206,7.863989,2.503619,1.112724
1971-07-24,0.000586,0.0,1.889714,1.068259
1971-07-25,0.0,0.0,2.088952,0.894292
1971-07-26,0.0,0.0,2.191429,0.855386
1971-07-27,0.0,0.0,3.205524,0.832042
1971-07-28,0.0,0.0,3.549905,0.817591
1971-07-29,0.0,0.0,2.944571,0.795914
1971-07-30,0.0,0.0,3.128,0.782019
1971-07-31,0.0,0.0,3.532,0.760343
1971-08-01,0.0,0.0,3.684762,0.746448
1971-08-02,0.0,0.0,3.465143,0.724771
1971-08-03,0.0,0.0,2.858667,0.724771
1971-08-04,0.0,0.0,3.539619,0.724771
1971-08-05,0.0,0.0,3.893714,0.724771
1971-08-06,0.0,0.0,2.519429,0.724771
1971-08-07,5.833172,5.799172,3.101333,0.728106
1971-08-08,0.629131,0.551925,3.965333,0.853718
1971-08-09,1.7e-05,0.0,3.803048,0.759787
1971-08-10,1.715186,1.722993,3.100191,0.724771
1971-08-11,1.035541,0.946809,3.714667,0.725883
1971-08-12,0.0,0.0,3.597714,0.765345
1971-08-13,0.0,0.0,4.203429,0.711988
1971-08-14,0.000368,0.0,3.780381,0.690867
1971-08-15,0.0,0.0,3.680191,0.678084
1971-08-16,0.001004,0.0,2.059619,0.657519
1971-08-17,0.0,0.0,2.908952,0.644735
1971-08-18,0.000502,0.0,2.898286,0.624726
1971-08-19,0.108592,0.109677,3.0,0.624726
1971-08-20,0.84425,1.054409,3.671429,0.624726
1971-08-21,0.709669,0.785299,3.779619,0.624726
1971-08-22,1.12268,1.021855,4.228381,0.649737
1971-08-23,0.461678,0.383055,3.568952,0.664744
1971-08-24,0.903391,1.115392,3.484,0.625282
1971-08-25,0.086966,0.245883,3.032,0.624726
1971-08-26,1.164509,0.953472,3.319429,0.624726
1971-08-27,5.569025,2.933929,3.410286,0.624726
1971-08-28,1.034269,0.829293,3.508571,0.662521
1971-08-29,0.0,0.0,4.152381,0.685309
1971-08-30,0.0,0.0,4.654667,0.613054
1971-08-31,0.0,0.0,2.991048,0.581373
1971-09-01,0.0,0.0,4.088762,0.550804
1971-09-02,0.0,0.0,4.362476,0.531907
1971-09-03,0.0,0.0,4.258667,0.531907
1971-09-04,0.0,0.0,4.183619,0.531907
1971-09-05,0.0,0.0,2.735619,0.531907
1971-09-06,0.0,0.0,3.867238,0.509118
1971-09-07,0.0,0.0,3.877524,0.474103
1971-09-08,0.270662,0.397118,4.452952,0.473547
1971-09-09,0.413384,0.669269,3.893333,0.473547
1971-09-10,0.031406,0.060673,4.609905,0.473547
1971-09-11,0.0,0.0,4.295619,0.473547
1971-09-12,0.0,0.0,4.524952,0.473547
1971-09-13,0.164027,0.186597,3.986286,0.473547
1971-09-14,1.539767,2.222231,2.714857,0.473547
1971-09-15,1.084524,0.327965,3.348762,0.473547
1971-09-16,0.010686,0.0,4.907429,0.473547
1971-09-17,0.0,0.0,4.202095,0.462987
1971-09-18,0.0,0.0,4.930095,0.445757
1971-09-19,0.0,0.0,5.138667,0.445757
1971-09-20,0.0,0.0,4.196762,0.445757
1971-09-21,0.0,0.0,3.448762,0.435196
1971-09-22,0.0,0.0,4.605714,0.418522
1971-09-23,0.0,0.0,4.435619,0.418522
1971-09-24,0.0,0.0,5.360381,0.418522
1971-09-25,0.0,0.0,4.974095,0.418522
1971-09-26,0.0,0.0,4.670286,0.418522
1971-09-27,0.0,0.0,2.361333,0.418522
1971-09-28,0.0,0.0,2.024571,0.418522
1971-09-29,0.04373,0.061094,4.576762,0.418522
1971-09-30,0.373419,0.393529,4.317524,0.418522
1971-10-01,0.0,0.0,4.819048,0.418522
1971-10-02,0.0,0.0,5.130095,0.418522
1971-10-03,0.0,0.0,4.119238,0.418522
1971-10-04,0.0,0.0,4.720381,0.418522
1971-10-05,0.0,0.0,4.598095,0.418522
1971-10-06,0.130188,0.088323,4.552,0.408518
1971-10-07,0.423331,0.335935,4.515048,0.392399
1971-10-08,0.0,0.0,5.238667,0.392399
1971-10-09,0.0,0.0,4.977905,0.392399
1971-10-10,0.0,0.0,5.155048,0.392399
1971-10-11,0.0,0.0,4.756953,0.38295
1971-10-12,0.0,0.0,4.894286,0.357939
1971-10-13,0.0,0.0,4.596,0.342377
1971-10-14,0.0,0.0,5.049143,0.342377
1971-10-15,0.596594,0.53667,4.629714,0.342377
1971-10-16,0.333828,1.271954,3.991619,0.342377
1971-10-17,1.058538,1.474228,5.38819,0.342377
1971-10-18,4.556598,1.581336,3.597333,0.342377
1971-10-19,11.396618,20.112739,4.223238,0.558029
1971-10-20,0.0,0.0,3.734667,0.567478
1971-10-21,0.0,0.0,4.56,0.459096
1971-10-22,0.0,0.0,5.188762,0.392955
1971-10-23,0.0,0.0,5.313333,0.392399
1971-10-24,0.000729,0.0,5.483238,0.392399
1971-10-25,1.270125,1.023587,5.583619,0.38295
1971-10-26,0.0,0.0,5.820953,0.367388
1971-10-27,0.0,0.0,4.313714,0.357383
1971-10-28,0.0,0.0,5.297333,0.342377
1971-10-29,0.00226,0.0,4.470667,0.333484
1971-10-30,13.918964,6.618226,3.321143,0.352381
1971-10-31,0.024555,0.637657,4.371429,0.554139
1971-11-01,5.694128,12.214444,4.352,0.429082
1971-11-02,1.311006,0.809881,2.802857,0.439643
1971-11-03,0.719684,0.808709,3.586667,0.45187
1971-11-04,0.713333,0.192906,4.873143,0.419078
1971-11-05,0.879249,0.347993,4.148572,0.418522
1971-11-06,0.353914,0.161805,4.837333,0.398513
1971-11-07,1.382329,1.623142,4.216762,0.367388
1971-11-08,0.857117,0.450818,3.732381,0.367388
1971-11-09,0.0,0.0,5.786667,0.367388
1971-11-10,0.0001,0.0,5.308572,0.357383
1971-11-11,0.0,0.0,5.970667,0.342377
1971-11-12,0.0,0.0,6.165905,0.333484
1971-11-13,0.0,0.0,5.482667,0.318477
1971-11-14,0.0,0.0,5.924,0.318477
1971-11-15,0.000402,0.0,4.044,0.318477
1971-11-16,0.0,0.0,2.225714,0.309584
1971-11-17,0.0,0.0,4.624381,0.286796
1971-11-18,0.0,0.0,5.612953,0.273457
1971-11-19,2.778458,2.392517,5.488,0.273457
1971-11-20,24.179996,26.102633,2.159429,0.290131
1971-11-21,18.296105,19.562997,4.526286,0.780908
1971-11-22,3.053333,1.348712,2.522857,0.711432
1971-11-23,0.0,0.0,4.637905,0.391288
1971-11-24,0.001116,0.0,5.649905,0.33404
1971-11-25,0.095971,0.014287,4.787429,0.318477
1971-11-26,31.181936,30.828351,3.621143,0.600826
1971-11-27,4.859087,9.959363,3.509333,0.797026
1971-11-28,0.0,0.0,5.394286,0.528572
1971-11-29,1.481642,1.21086,4.406286,0.390176
1971-11-30,4.518823,3.246411,5.510286,0.417966
1971-12-01,0.0,0.0,5.955619,0.410185
1971-12-02,0.0,0.0,6.077524,0.33404
1971-12-03,0.004163,0.090256,5.510667,0.318477
1971-12-04,45.032377,45.835758,5.485333,0.485219
1971-12-05,0.101466,0.26228,4.618667,1.920866
1971-12-06,10.300279,9.499755,5.785714,0.48244
1971-12-07,1.060169,0.75232,5.257334,0.499114
1971-12-08,0.238244,0.12298,5.236572,0.442978
1971-12-09,3.3e-05,0.0,6.058476,0.383506
1971-12-10,0.0,0.0,5.892572,0.357939
1971-12-11,0.0,0.0,3.48,0.342377
1971-12-12,13.815848,13.006228,4.945714,0.384618
1971-12-13,0.0,0.041653,4.956,0.623059
1971-12-14,0.008858,0.077672,5.252,0.374613
1971-12-15,22.548938,28.141483,4.255048,0.371279
1971-12-16,0.000201,0.0,3.810857,0.388509
1971-12-17,0.0,0.0,4.887619,0.324591
1971-12-18,0.0,0.0,5.328191,0.287352
1971-12-19,0.000301,0.0,5.792571,0.273457
1971-12-20,0.002682,0.0,5.676762,0.273457
1971-12-21,0.019221,0.0,5.734857,0.273457
1971-12-22,0.0,0.0,5.03181,0.273457
1971-12-23,0.0,0.0,2.450667,0.273457
1971-12-24,32.581202,22.802194,1.931048,0.280126
1971-12-25,10.190694,9.502058,2.981143,2.09928
1971-12-26,3.956404,3.946959,4.201715,0.802028
1971-12-27,3.008417,2.849484,4.87181,0.482996
1971-12-28,2.757719,1.413484,6.212,0.415743
1971-12-29,0.002561,0.0,5.148,0.357939
1971-12-30,0.0,0.0,5.448571,0.333484
1971-12-31,0.0,0.0,6.396762,0.309584
1972-01-01,0.358395,0.491749,6.390667,0.295689
1972-01-02,4.930597,2.923014,5.385333,0.304026
1972-01-03,30.500229,34.799328,3.252,0.359051
1972-01-04,15.057465,13.264147,4.382476,1.09605
1972-01-05,24.164364,21.294032,2.469714,2.446103
1972-01-06,16.922911,14.028143,3.121333,3.342618
1972-01-07,22.575032,14.889634,2.246667,1.549588
1972-01-08,241.84885,207.260734,1.548381,33.132162
1972-01-09,157.678516,151.068525,1.98019,157.407646
1972-01-10,45.997963,39.021888,2.448571,106.640309
1972-01-11,20.156561,19.492099,2.527238,43.565756
1972-01-12,45.507967,52.810984,3.414476,44.22661
1972-01-13,11.50471,11.429337,2.794286,35.018013
1972-01-14,24.774842,24.576518,4.916,34.691199
1972-01-15,0.001373,16.306811,4.330667,18.578933
1972-01-16,4.186408,8.350805,4.488953,10.867678
1972-01-17,0.283804,0.005326,5.102476,7.411675
1972-01-18,0.000236,0.0,6.849143,5.560841
1972-01-19,0.0,0.0,6.219048,4.391425
1972-01-20,0.0,0.0,5.718476,3.454891
1972-01-21,0.000229,0.0,5.913714,2.801263
1972-01-22,0.897145,0.635585,6.165143,2.428317
1972-01-23,2.298969,2.489855,6.466667,2.210997
1972-01-24,0.65877,1.585286,3.92781,2.038141
1972-01-25,0.0,0.0,3.998667,1.893632
1972-01-26,0.0,0.0,5.228,1.826379
1972-01-27,0.000532,0.0,6.420762,1.849167
1972-01-28,0.0,0.0,5.463238,1.808038
1972-01-29,0.0,0.0,6.060381,1.682425
1972-01-30,0.044157,0.0,4.818476,1.577378
1972-01-31,3.811895,3.569474,4.390095,1.721332
1972-02-01,5.55409,4.379155,3.542476,1.74412
1972-02-02,6.690798,2.109882,2.931238,1.584603
1972-02-03,4.559412,4.278434,4.533905,1.72689
1972-02-04,19.370807,14.901284,1.976571,1.602389
1972-02-05,13.921817,12.184153,2.306667,1.822488
1972-02-06,2.615528,1.882852,4.743048,2.32327
1972-02-07,6.747011,5.876723,3.504762,1.752457
1972-02-08,5.086391,4.373238,3.449905,1.770799
1972-02-09,0.104645,0.258657,5.306667,1.909194
1972-02-10,0.611218,0.012553,5.528,1.418417
1972-02-11,0.0,0.0,5.632762,1.312814
1972-02-12,0.0,0.0,5.558095,1.249452
1972-02-13,0.319139,0.407224,4.292953,1.180532
1972-02-14,5.563103,6.904533,5.018476,1.533469
1972-02-15,8.59673,6.173047,4.698095,1.978114
1972-02-16,6.033158,4.096911,4.100952,1.70299
1972-02-17,2.109005,1.390064,3.024952,1.328377
1972-02-18,12.819414,14.098999,2.583429,2.303817
1972-02-19,17.683765,24.274378,2.368381,3.238683
1972-02-20,19.176438,21.578967,3.768571,7.353872
1972-02-21,9.354795,9.995392,4.529714,4.349739
1972-02-22,0.212526,0.111433,4.151619,2.778475
1972-02-23,41.624849,46.060542,3.680191,3.00969
1972-02-24,84.899619,82.785837,2.313333,22.73025
1972-02-25,88.009983,87.27382,2.33581,55.556163
1972-02-26,52.300179,32.043964,3.731048,59.39456
1972-02-27,10.217314,9.30591,2.373714,19.701662
1972-02-28,145.318653,127.458053,1.689524,54.207221
1972-02-29,34.47668,26.728721,2.423429,83.896164
1972-03-01,2.828657,3.232691,3.294857,24.858987
1972-03-02,54.613977,57.323368,3.793524,33.953644
1972-03-03,37.46043,59.565096,3.47181,31.807121
1972-03-04,21.996068,22.940322,4.06,26.751507
1972-03-05,35.261226,35.594663,2.657714,26.379117
1972-03-06,26.079334,40.446649,2.189333,26.398015
1972-03-07,23.401094,22.53506,2.184,20.426989
1972-03-08,51.638849,47.207756,1.634095,23.525053
1972-03-09,10.146313,9.146243,1.684,24.698359
1972-03-10,17.157887,18.445702,1.879619,17.277235
1972-03-11,8.057396,9.644322,3.047048,14.981756
1972-03-12,31.080869,27.346222,2.874857,20.125186
1972-03-13,58.463082,63.734405,3.396952,38.769705
1972-03-14,0.184568,5.75919,5.546095,27.210048
1972-03-15,0.0,4.156742,5.656572,16.179518
1972-03-16,0.0,0.0,4.943619,12.710176
1972-03-17,0.0,0.017139,3.110667,10.879906
1972-03-18,52.01433,35.218401,1.173333,11.850899
1972-03-19,25.000839,23.68906,3.788762,22.268375
1972-03-20,0.020783,7.155592,4.497714,13.167049
1972-03-21,0.000419,0.0,3.656381,10.816544
1972-03-22,0.000153,0.0,5.518667,9.06631
1972-03-23,0.001371,0.0,5.577905,8.175353
1972-03-24,0.0,0.0,4.777714,7.286063
1972-03-25,1.34,0.055417,3.66,6.755268
1972-03-26,0.015385,0.0,1.883238,6.510714
1972-03-27,5.193936,3.170467,2.618857,6.639105
1972-03-28,0.129557,0.007041,4.544,6.21169
1972-03-29,0.0,0.0,4.889714,5.215129
1972-03-30,0.0,0.0,4.714667,4.868306
1972-03-31,0.002541,0.0,4.764,4.276929
1972-04-01,0.0,0.0,4.008762,3.896757
1972-04-02,0.0,0.0,3.081333,3.641086
1972-04-03,0.0,0.0,4.325333,3.378746
1972-04-04,0.0,0.0,4.953143,3.115294
1972-04-05,0.000472,0.0,5.085143,2.906866
1972-04-06,0.000921,0.0,4.340381,2.829053
1972-04-07,0.0,0.0,3.752,2.660644
1972-04-08,0.352,0.001712,3.652,2.534476
1972-04-09,0.731637,0.069291,2.879619,2.411087
1972-04-10,0.205833,0.003994,3.260381,2.291033
1972-04-11,0.576756,0.213711,2.854667,2.173758
1972-04-12,0.02067,0.0,3.005524,2.080938
1972-04-13,8.147037,5.410502,2.021333,2.159863
1972-04-14,3.279063,1.245894,1.245333,2.155972
1972-04-15,1.664074,0.061905,1.971048,2.057594
1972-04-16,0.201743,0.127218,2.729905,1.947545
1972-04-17,0.558138,0.279781,3.1,1.900857
1972-04-18,4.224911,2.089682,2.878286,1.933094
1972-04-19,5.447853,3.747715,3.776191,1.95477
1972-04-20,0.08729,0.264122,3.756381,1.905304
1972-04-21,1.559191,0.771183,3.980571,1.773022
1972-04-22,0.003149,0.0,4.677143,1.732448
1972-04-23,0.0,0.0,4.378286,1.630735
1972-04-24,0.0,0.0,3.652952,1.53069
1972-04-25,0.251564,0.173864,2.478667,1.434536
1972-04-26,0.65482,0.295623,2.411048,1.35839
1972-04-27,0.807413,0.332564,1.977714,1.329488
1972-04-28,1.132013,0.555774,3.223619,1.328933
1972-04-29,1.010011,0.892504,2.7,1.311703
1972-04-30,1.825002,0.925067,2.528572,1.266682
1972-05-01,4.478597,6.532316,2.327238,1.273352
1972-05-02,7.739572,4.770055,2.710286,1.394518
1972-05-03,1.017504,0.463968,2.506667,1.340049
1972-05-04,5.94234,3.074455,2.408572,1.272796
1972-05-05,0.050026,0.0,2.211619,1.276131
1972-05-06,21.858936,14.584337,1.867619,1.596275
1972-05-07,11.477677,7.982611,3.267619,2.317156
1972-05-08,10.532128,6.250423,3.07981,1.848611
1972-05-09,4.924775,1.846825,2.505524,1.893076
1972-05-10,12.766311,22.119584,2.652762,1.788584
1972-05-11,8.445011,5.686237,2.408762,2.339944
1972-05-12,2.150469,1.778269,2.273714,2.219334
1972-05-13,0.0,0.0,3.673333,1.753569
1972-05-14,0.0,0.0,3.096191,1.531802
1972-05-15,0.0,0.0,3.473714,1.400076
1972-05-16,0.955647,0.211053,1.729714,1.319484
1972-05-17,1.292744,0.236351,2.780381,1.288359
1972-05-18,0.0,0.0,3.864,1.25112
1972-05-19,0.000251,0.0,3.514286,1.176086
1972-05-20,0.0,0.0,2.589333,1.129398
1972-05-21,0.000153,0.0,1.770095,1.101608
1972-05-22,0.0,0.0,2.069714,1.101052
1972-05-23,3.403519,2.224283,1.795619,1.111612
1972-05-24,1.395454,0.929086,3.393333,1.340049
1972-05-25,1.414879,0.945274,3.369714,1.252231
1972-05-26,0.0,0.0,3.049905,1.176086
1972-05-27,0.000502,0.0,3.0,1.129398
1972-05-28,0.001907,0.0,1.669905,1.101608
1972-05-29,1.933073,0.716536,1.114476,1.118282
1972-05-30,0.01824,0.0,1.306476,1.128842
1972-05-31,0.003996,0.0,1.725905,1.084378
1972-06-01,0.460102,0.131739,1.959048,1.040469
1972-06-02,0.000192,0.0,2.373524,1.01379
1972-06-03,0.264237,0.565412,2.770286,1.013235
1972-06-04,0.0,0.0,3.154667,1.013235
1972-06-05,0.043916,0.0,3.166286,1.013235
1972-06-06,1.7e-05,0.0,3.228381,0.980442
1972-06-07,0.0,0.0,2.591619,0.929308
1972-06-08,0.153871,0.101887,1.923619,0.928752
1972-06-09,0.245993,0.219766,2.128381,0.928752
1972-06-10,2.144847,1.218207,1.536952,0.944871
1972-06-11,1.284308,0.578651,0.615048,0.954319
1972-06-12,1.222407,0.623005,1.120952,0.91319
1972-06-13,1.942984,0.758079,1.394857,0.888178
1972-06-14,15.489894,9.06186,1.30781,0.88929
1972-06-15,12.767139,8.823173,1.511619,1.255566
1972-06-16,2.320913,1.594275,1.992952,1.094382
1972-06-17,1.005342,0.72548,1.961333,0.999895
1972-06-18,5.205534,3.713504,1.56419,1.051029
1972-06-19,7.649541,2.282621,2.573714,1.245562
1972-06-20,2.249775,1.046845,1.98,1.325042
1972-06-21,0.000175,0.0,3.443429,1.118838
1972-06-22,0.0,0.0,3.497143,0.955987
1972-06-23,0.0,0.0,2.610286,0.91319
1972-06-24,0.0,0.0,2.446667,0.888178
1972-06-25,0.000733,0.0,3.111238,0.87206
1972-06-26,0.000136,0.0,3.133905,0.84816
1972-06-27,0.0,0.0,2.676762,0.832598
1972-06-28,0.0,0.0,2.584,0.794247
1972-06-29,0.0,0.0,2.619619,0.770903
1972-06-30,0.0,0.0,2.989714,0.742001
1972-07-01,0.0,0.0,2.386667,0.697537
1972-07-02,0.0,0.0,1.585905,0.683086
1972-07-03,0.0,0.0,2.482286,0.661409
1972-07-04,0.0,0.0,2.506286,0.661409
1972-07-05,0.0,0.0,2.644381,0.661409
1972-07-06,0.0,0.0,3.558667,0.64807
1972-07-07,0.0,0.0,2.711238,0.61361
1972-07-08,0.0,0.0,1.098476,0.593045
1972-07-09,0.0,0.0,2.525905,0.593045
1972-07-10,0.0,0.0,3.416381,0.580262
1972-07-11,0.0,0.0,3.324191,0.585264
1972-07-12,0.000167,0.0,1.960762,0.613054
1972-07-13,0.0,0.0,2.789714,0.580817
1972-07-14,0.0,0.0,3.273905,0.560253
1972-07-15,0.0,0.0,2.715048,0.560253
1972-07-16,0.0,0.0,0.458857,0.560253
1972-07-17,0.0,0.0,1.640952,0.547469
1972-07-18,0.000205,0.0,1.406667,0.528016
1972-07-19,0.277013,0.031012,3.141714,0.540244
1972-07-20,0.175584,0.06699,3.381524,0.559697
1972-07-21,0.0,0.0,1.924762,0.560253
1972-07-22,0.2125,0.047949,2.073714,0.547469
1972-07-23,2.356079,0.424926,2.519429,0.528016
1972-07-24,1.022612,0.360345,3.330286,0.540244
1972-07-25,0.0,0.0,2.278667,0.559697
1972-07-26,1.898002,0.695565,2.727048,0.560253
1972-07-27,0.020891,0.0,3.458667,0.560253
1972-07-28,0.001004,0.0,2.708571,0.547469
1972-07-29,0.001453,0.0,3.175238,0.540244
1972-07-30,0.0,0.0,3.44,0.559697
1972-07-31,0.0,0.0,3.564571,0.560253
1972-08-01,3.468302,2.511218,2.594667,0.57248
1972-08-02,1.042111,0.434839,3.059429,0.618612
1972-08-03,0.005796,0.0,3.793714,0.645847
1972-08-04,0.0,0.0,3.187048,0.611943
1972-08-05,0.0,0.0,3.184,0.580262
1972-08-06,0.0,0.0,3.556762,0.560253
1972-08-07,0.0,0.0,3.452571,0.547469
1972-08-08,0.0,0.0,3.552952,0.528016
1972-08-09,0.0,0.0,3.740571,0.528016
1972-08-10,0.0,0.0,3.372381,0.516344
1972-08-11,0.0,0.0,3.880381,0.484663
1972-08-12,0.0,0.0,1.972381,0.462431
1972-08-13,0.0,0.0,2.69219,0.44798
1972-08-14,0.0,0.0,2.138667,0.426303
1972-08-15,0.0,0.0,4.200571,0.426303
1972-08-16,0.0,0.0,3.926667,0.412964
1972-08-17,0.0,0.0,3.020952,0.392399
1972-08-18,0.0,0.0,2.690667,0.392399
1972-08-19,0.0,0.0,3.670667,0.379616
1972-08-20,0.0,0.0,2.605714,0.360162
1972-08-21,0.0,0.0,3.653333,0.360162
1972-08-22,0.0,0.0,4.332762,0.360162
1972-08-23,5.2e-05,0.0,4.095048,0.360162
1972-08-24,0.0,0.0,4.180381,0.360162
1972-08-25,0.079961,0.281508,3.417714,0.360162
1972-08-26,0.123285,0.001712,3.350286,0.360162
1972-08-27,0.001021,0.0,3.810286,0.360162
1972-08-28,1.7e-05,0.0,3.890667,0.360162
1972-08-29,0.0,0.0,4.283619,0.360162
1972-08-30,0.0,0.0,4.223429,0.347935
1972-08-31,0.0,0.0,2.56,0.329037
1972-09-01,0.026706,0.003614,2.915048,0.317921
1972-09-02,0.936605,1.064318,2.561333,0.300135
1972-09-03,0.244142,0.003428,2.279429,0.289019
1972-09-04,0.085166,0.037499,3.075048,0.272345
1972-09-05,0.156443,0.040927,1.632,0.272345
1972-09-06,2.989488,2.514981,2.603429,0.272345
1972-09-07,18.747385,20.388893,3.698667,0.388509
1972-09-08,0.100638,0.132336,4.967048,0.755341
1972-09-09,0.349267,0.286459,5.183619,0.526348
1972-09-10,3.114057,3.166964,3.942286,0.462987
1972-09-11,0.112786,0.054458,3.354667,0.44798
1972-09-12,0.830785,0.911917,3.2,0.412964
1972-09-13,0.189857,0.080007,5.259048,0.379616
1972-09-14,8.4e-05,0.0,3.844952,0.360162
1972-09-15,1.001553,0.47619,4.704,0.360162
1972-09-16,2.85215,2.266405,4.521714,0.347935
1972-09-17,5.497453,5.913888,3.954667,0.329037
1972-09-18,1.462,1.012935,4.662476,0.317921
1972-09-19,1.897375,1.785835,4.997524,0.289575
1972-09-20,2.16824,1.030429,2.803048,0.272345
1972-09-21,6.567965,5.046792,3.207619,0.339042
1972-09-22,1.086142,0.510036,4.551619,0.69976
1972-09-23,1.541339,0.694835,5.281714,0.536909
1972-09-24,0.006551,0.0,5.243619,0.484663
1972-09-25,0.0,0.0,5.565905,0.462431
1972-09-26,0.0,0.0,4.790095,0.461875
1972-09-27,0.0,0.0,5.314095,0.461875
1972-09-28,0.0,0.0,5.461714,0.461875
1972-09-29,0.0,0.0,5.604381,0.44798
1972-09-30,0.0,0.0,5.449334,0.426303
1972-10-01,0.0,0.0,4.964953,0.426303
1972-10-02,0.0,0.0,4.560381,0.412964
1972-10-03,0.0,0.0,5.432191,0.392399
1972-10-04,0.0,0.0,5.112,0.379616
1972-10-05,0.0,0.0,5.289714,0.360162
1972-10-06,0.0,0.0,4.889333,0.360162
1972-10-07,0.0,0.0,5.058667,0.347935
1972-10-08,0.0,0.0,4.315429,0.329037
1972-10-09,0.0,0.0,4.936952,0.317921
1972-10-10,0.0,0.0,4.195048,0.300135
1972-10-11,0.0,0.0,5.204381,0.289019
1972-10-12,0.0,0.0,3.569714,0.272345
1972-10-13,0.001639,0.0,2.747619,0.262341
1972-10-14,0.0,0.0,5.375048,0.246222
1972-10-15,0.0,0.0,5.076762,0.236773
1972-10-16,0.000772,0.0,4.884762,0.221767
1972-10-17,0.0,0.0,3.606095,0.21343
1972-10-18,0.0,0.0,4.017714,0.199534
1972-10-19,0.0,0.0,5.074095,0.182304
1972-10-20,0.0,0.0,5.036381,0.157293
1972-10-21,0.0,0.0,5.937333,0.157293
1972-10-22,0.0,0.0,5.324572,0.1723
1972-10-23,0.0,0.0,5.588762,0.198423
1972-10-24,0.0,0.0,5.480953,0.190642
1972-10-25,0.000225,0.0,4.580762,0.177302
1972-10-26,0.001231,0.0,4.925714,0.169521
1972-10-27,0.0,0.0,4.907238,0.165074
1972-10-28,0.0,0.0,5.388381,0.176746
1972-10-29,0.000469,0.0,5.252571,0.177302
1972-10-30,0.006298,0.008559,5.456381,0.177302
1972-10-31,0.0,0.0,4.97181,0.16174
1972-11-01,0.0,0.0,5.552952,0.160628
1972-11-02,0.0,0.0,5.723238,0.198423
1972-11-03,0.0,0.0,4.980762,0.198979
1972-11-04,0.000482,0.0,5.538286,0.198979
1972-11-05,0.000249,0.0,5.574095,0.198979
1972-11-06,0.002413,0.0,4.899429,0.174523
1972-11-07,0.000843,0.0,5.146476,0.145621
1972-11-08,0.003514,0.012743,4.707238,0.149512
1972-11-09,0.0,0.0,4.496,0.138396
1972-11-10,0.007993,0.012743,5.168953,0.138396
1972-11-11,0.719673,2.194221,5.117333,0.138396
1972-11-12,0.895774,0.555009,5.109714,0.152847
1972-11-13,6.440437,6.453652,4.045143,0.193421
1972-11-14,1.72976,2.443751,5.260762,0.221211
1972-11-15,0.18665,0.063418,4.988762,0.212874
1972-11-16,3.047249,0.736546,4.532381,0.216764
1972-11-17,0.0,0.0,5.850667,0.227325
1972-11-18,0.0,0.0,5.161714,0.175079
1972-11-19,0.0,0.0,4.853333,0.153403
1972-11-20,0.025407,0.038071,4.362286,0.176746
1972-11-21,0.0,0.0,6.129714,0.169521
1972-11-22,0.00178,0.0,5.929714,0.150068
1972-11-23,0.0,0.0,5.24781,0.138396
1972-11-24,0.139555,0.042275,4.432572,0.138396
1972-11-25,0.135489,0.109096,5.219048,0.145621
1972-11-26,0.002236,0.0,5.634095,0.164519
1972-11-27,0.753318,0.146084,5.224,0.168965
1972-11-28,0.0,0.0,4.828,0.150068
1972-11-29,8.446949,8.679027,2.739048,0.138396
1972-11-30,20.027273,16.616307,3.228571,0.244555
1972-12-01,25.45585,17.416541,3.349905,0.645291
1972-12-02,9.608823,5.846649,3.763238,1.205544
1972-12-03,11.604183,10.136154,4.891429,0.709209
1972-12-04,3.644626,2.535566,6.056953,0.909855
1972-12-05,0.451336,0.173683,3.630095,0.51023
1972-12-06,0.269829,0.471734,6.455048,0.326814
1972-12-07,2.533797,3.059586,6.002095,0.307917
1972-12-08,0.688823,0.209717,5.934476,0.55136
1972-12-09,0.025552,0.050402,4.305524,0.378504
1972-12-10,0.000247,0.0,4.365714,0.290131
1972-12-11,2.661572,3.558051,5.072952,0.252336
1972-12-12,2.865977,0.656352,6.067429,0.221767
1972-12-13,0.0,0.0,5.165524,0.212874
1972-12-14,0.021393,0.0,5.054286,0.190642
1972-12-15,0.944913,0.807746,5.301714,0.177302
1972-12-16,0.0,0.0,6.061524,0.177302
1972-12-17,0.0,0.0,5.057333,0.177302
1972-12-18,0.371923,0.031383,6.405143,0.16174
1972-12-19,0.0,0.0,5.268952,0.138952
1972-12-20,0.01457,0.0,6.031429,0.138396
1972-12-21,0.444957,0.192152,6.515429,0.138396
1972-12-22,0.084554,0.155718,6.498667,0.138396
1972-12-23,0.0,0.0,6.227048,0.138396
1972-12-24,0.0,0.0,5.577143,0.138396
1972-12-25,0.0,0.0,6.081333,0.138396
1972-12-26,0.0,0.0,5.782286,0.138396
1972-12-27,0.0,0.0,5.837143,0.138396
1972-12-28,0.000941,0.0,4.962095,0.131726
1972-12-29,0.000577,0.0,4.558095,0.121166
1972-12-30,0.0,0.0,5.218476,0.121166
1972-12-31,0.0,0.0,5.472762,0.121166
1973-01-01,0.378746,0.126461,5.900381,0.12728
1973-01-02,0.004477,0.0,5.673334,0.125056
1973-01-03,3.3e-05,0.0,5.57181,0.111161
1973-01-04,0.244795,0.361676,5.985714,0.108938
1973-01-05,0.0,0.0,6.166857,0.090596
1973-01-06,0.003744,0.0,7.160762,0.085038
1973-01-07,0.000532,0.0,6.690857,0.077257
1973-01-08,0.0,0.0,6.072952,0.077257
1973-01-09,0.387104,1.042016,6.301143,0.071699
1973-01-10,0.000125,0.0,6.497333,0.055025
1973-01-11,0.0,0.0,6.120381,0.044464
1973-01-12,0.386477,0.475348,5.93981,0.044464
1973-01-13,0.07274,0.0,5.243048,0.060583
1973-01-14,0.08638,0.0,4.338667,0.140619
1973-01-15,1.219288,1.032492,5.156381,0.087262
1973-01-16,7.665363,4.502989,4.563619,0.077813
1973-01-17,1.342799,0.994072,5.485333,0.157293
1973-01-18,0.438597,0.284773,3.800762,0.146177
1973-01-19,47.882094,49.162619,2.750857,0.182304
1973-01-20,54.540112,54.240323,4.544571,1.08938
1973-01-21,22.172902,22.29273,4.661333,3.032479
1973-01-22,7.631533,8.856489,6.388191,1.507902
1973-01-23,0.0,0.0,6.394286,0.65474
1973-01-24,0.196585,0.171182,4.970286,0.418522
1973-01-25,0.04872,0.0,3.334667,0.307917
1973-01-26,20.643618,21.1872,4.370667,0.421301
1973-01-27,4.815984,5.9815,4.827619,0.742001
1973-01-28,12.137956,14.541262,3.296381,0.818703
1973-01-29,0.159105,0.662268,5.527429,0.769792
1973-01-30,3.412262,4.150257,5.674095,0.499114
1973-01-31,9.84917,5.214391,6.23581,0.406294
1973-02-01,4.731912,3.838045,5.867048,0.396846
1973-02-02,16.485273,9.323195,6.441905,0.50356
1973-02-03,14.003188,14.330825,3.288191,0.653628
1973-02-04,54.250497,60.322249,5.714667,6.663005
1973-02-05,17.17117,11.241655,5.334095,3.43655
1973-02-06,23.412693,18.227217,3.288571,1.714662
1973-02-07,3.898553,2.769096,4.939238,1.32004
1973-02-08,1.933036,2.703819,2.484952,1.088269
1973-02-09,51.727608,48.712541,3.968,3.227011
1973-02-10,8.404379,9.673832,4.513714,6.116091
1973-02-11,14.291386,20.359232,4.430095,6.63577
1973-02-12,15.009063,13.921845,5.581143,6.253375
1973-02-13,0.413837,0.044921,2.936191,3.53326
1973-02-14,23.041732,13.881877,4.702667,2.868516
1973-02-15,7.574098,2.680123,5.956952,2.210441
1973-02-16,6.53667,3.531018,5.719429,2.154861
1973-02-17,0.0,0.0,4.239048,1.46177
1973-02-18,14.375461,7.830048,5.341524,1.74801
1973-02-19,19.899163,10.316911,2.651619,1.637405
1973-02-20,2.028331,0.959593,5.330857,1.42342
1973-02-21,11.567254,5.564332,1.622286,1.413971
1973-02-22,15.864611,12.408691,4.786857,1.53069
1973-02-23,13.983731,14.725825,4.428762,1.570152
1973-02-24,13.357662,13.598051,6.092762,4.064055
1973-02-25,7.081358,5.372517,6.005714,3.041927
1973-02-26,1.33301,1.660485,5.185333,2.587278
1973-02-27,2.023397,0.589886,5.198667,1.959217
1973-02-28,0.19119,0.0,6.129333,1.562371
1973-03-01,0.006215,0.0,6.865143,1.37173
1973-03-02,0.000125,0.0,5.364381,1.205544
1973-03-03,20.570584,19.175944,4.937714,1.228332
1973-03-04,32.673151,33.415756,1.274286,2.130961
1973-03-05,115.995288,114.009482,2.134095,22.570178
1973-03-06,46.009005,45.412512,1.790286,34.776237
1973-03-07,20.848311,23.766202,5.170667,16.860381
1973-03-08,5.482467,5.161498,5.547809,10.572545
1973-03-09,18.092139,17.720916,4.317334,8.158679
1973-03-10,9.82942,11.136487,2.538667,7.045399
1973-03-11,21.912453,24.606053,4.016381,7.192688
1973-03-12,2.042245,2.195953,6.588381,5.735364
1973-03-13,0.270993,0.087808,6.297714,4.535934
1973-03-14,0.0,0.0,6.346095,3.761696
1973-03-15,0.0,0.0,5.921714,3.295375
1973-03-16,0.0591,0.022651,4.505333,2.888525
1973-03-17,0.065595,0.0,4.655619,2.622294
1973-03-18,2.160993,1.480746,5.288762,2.487788
1973-03-19,2.000856,2.274056,5.813714,2.319379
1973-03-20,4.630337,4.466665,5.073143,2.257129
1973-03-21,0.313114,0.85885,4.250667,2.045923
1973-03-22,3.187481,2.803574,4.822095,1.835828
1973-03-23,1.759721,1.360527,4.841333,1.755792
1973-03-24,54.92609,70.188896,2.148381,2.431652
1973-03-25,7.13016,4.020328,2.258667,8.888453
1973-03-26,5.239792,9.064497,1.414667,4.134086
1973-03-27,61.813568,64.95009,2.363619,12.025423
1973-03-28,19.036189,16.674802,3.263238,18.219327
1973-03-29,20.01152,16.132508,3.544381,13.80956
1973-03-30,5.536341,3.938462,3.224381,10.03119
1973-03-31,9.704096,12.602233,3.142857,8.271508
1973-04-01,0.0,0.030449,2.284952,6.744708
1973-04-02,3.030939,2.01238,2.036191,5.479693
1973-04-03,6.373374,3.553867,3.314667,5.978251
1973-04-04,0.503196,0.154818,3.223238,5.215685
1973-04-05,29.489053,13.651586,2.157905,5.500258
1973-04-06,8.997755,3.207703,4.224953,10.556983
1973-04-07,4.164846,1.390084,4.494857,6.616317
1973-04-08,17.821416,12.35142,3.766095,5.777605
1973-04-09,6.132866,2.901489,3.455619,6.637437
1973-04-10,2.770616,1.609674,4.078667,5.486363
1973-04-11,1.972093,0.612538,3.128762,4.627642
1973-04-12,15.581633,11.702058,2.491429,4.251362
1973-04-13,94.050672,68.536736,1.773714,19.899529
1973-04-14,41.592001,26.916132,2.973905,30.37981
1973-04-15,18.12901,8.718024,1.529714,17.091596
1973-04-16,18.569278,15.082041,3.755238,15.387494
1973-04-17,0.978685,0.089142,2.255238,12.132693
1973-04-18,7.644827,3.204528,3.628,9.645461
1973-04-19,4.088501,1.92835,5.179048,8.605547
1973-04-20,0.015342,0.001712,5.24381,7.261052
1973-04-21,0.240698,0.094811,5.085143,6.294505
1973-04-22,1.233979,1.281999,5.077143,5.715355
1973-04-23,0.000402,0.001712,5.101333,5.302391
1973-04-24,2.356218,2.001455,4.762667,4.792717
1973-04-25,5.080153,4.279214,3.861333,4.509256
1973-04-26,14.031479,7.479358,3.794095,5.136205
1973-04-27,14.134769,11.477299,3.634476,4.482021
1973-04-28,13.736771,11.203192,3.588191,5.610863
1973-04-29,13.042971,9.536539,3.785333,5.25348
1973-04-30,0.236908,0.067746,4.361714,4.500363
1973-05-01,0.453599,0.139595,4.316,4.028483
1973-05-02,0.039126,0.037097,4.768952,3.659428
1973-05-03,0.0,0.0,4.408762,3.380413
1973-05-04,0.251955,0.030657,2.740762,3.207557
1973-05-05,118.861732,88.84246,3.606095,8.419352
1973-05-06,3.92513,3.315574,3.728,15.985542
1973-05-07,1.162427,0.716925,3.454286,7.859655
1973-05-08,0.12984,0.003994,4.281714,6.162223
1973-05-09,0.271259,0.231383,4.165143,5.267931
1973-05-10,1.636137,1.711363,3.928762,4.8533
1973-05-11,2.477055,1.971572,4.219048,4.429775
1973-05-12,0.728423,0.488185,4.851238,4.452563
1973-05-13,0.0,0.0,4.181333,4.004584
1973-05-14,0.0,0.0,4.514476,3.611629
1973-05-15,0.0,0.0,4.316191,3.379302
1973-05-16,0.0,0.0,3.738667,3.184214
1973-05-17,0.0,0.0,2.537714,3.04693
1973-05-18,2.566546,1.401129,1.213143,2.954666
1973-05-19,0.959066,0.225876,2.217143,2.880743
1973-05-20,8.94885,5.599158,1.421333,3.240906
1973-05-21,11.394637,4.04378,3.056381,3.148086
1973-05-22,0.71393,1.336933,3.22,2.802931
1973-05-23,0.148971,0.114989,3.053905,2.621738
1973-05-24,0.0,0.0,3.218667,2.513356
1973-05-25,0.499736,0.497434,2.209905,2.417757
1973-05-26,0.261486,0.528311,2.927619,2.379406
1973-05-27,4.61827,2.795216,2.667048,2.38552
1973-05-28,0.72059,0.793855,2.850095,2.257129
1973-05-29,0.288698,0.096565,1.922667,2.215443
1973-05-30,9.28447,5.081087,1.501714,2.261575
1973-05-31,6.88683,6.815954,2.284571,2.704553
1973-06-01,18.888748,14.400668,2.608952,2.504463
1973-06-02,0.101393,0.101851,4.004,2.672872
1973-06-03,0.0,0.0,3.851048,2.273803
1973-06-04,0.0,0.0,3.711429,2.108173
1973-06-05,2.869604,2.524533,2.767619,2.010351
1973-06-06,0.0,0.0,3.150095,1.950324
1973-06-07,0.440843,0.060756,1.991048,1.951436
1973-06-08,5.21731,5.582225,4.256,2.268245
1973-06-09,0.084273,0.071394,3.640762,2.087052
1973-06-10,0.0,0.0,3.327048,1.871399
1973-06-11,0.0,0.0,3.231429,1.799145
1973-06-12,0.0,0.0,3.661714,1.798589
1973-06-13,0.0,0.0,2.788952,1.755236
1973-06-14,0.0,0.0,2.581333,1.666307
1973-06-15,0.002364,0.0,2.212,1.631847
1973-06-16,0.0,0.0,2.383619,1.590161
1973-06-17,0.0,0.0,1.744571,1.48567
1973-06-18,0.049392,0.005144,1.034095,1.421752
1973-06-19,3.20141,3.631001,2.127238,1.44065
1973-06-20,3.134025,2.279175,2.482476,1.472331
1973-06-21,3.225865,0.336544,2.508571,1.733004
1973-06-22,3.439217,0.360378,3.312571,1.575155
1973-06-23,0.155978,0.006855,2.468,1.453989
1973-06-24,0.029338,0.0,2.570476,1.38229
1973-06-25,2.989176,3.109094,2.288,1.359502
1973-06-26,0.711222,1.043622,2.422286,1.436759
1973-06-27,0.18468,0.481697,1.615048,1.352276
1973-06-28,4.590192,2.878409,2.025905,1.339493
1973-06-29,4.20739,0.654288,2.016381,1.514016
1973-06-30,6.89131,2.683215,2.775619,1.880292
1973-07-01,4.97667,1.749439,2.16781,1.760238
1973-07-02,4.795446,3.27973,2.267238,2.268801
1973-07-03,0.326895,0.003428,1.661333,1.760238
1973-07-04,1.724634,0.015427,2.353333,1.614617
1973-07-05,0.0,0.0,2.996952,1.545141
1973-07-06,0.0,0.0,2.813333,1.473442
1973-07-07,0.0,0.0,3.027048,1.432868
1973-07-08,0.0,0.0,2.610095,1.351721
1973-07-09,0.154217,0.075966,3.196381,1.301698
1973-07-10,0.0,0.0,3.02381,1.253343
1973-07-11,0.139436,0.051989,2.281333,1.223885
1973-07-12,0.334535,0.532151,2.601333,1.223329
1973-07-13,0.31027,0.145716,2.371238,1.204988
1973-07-14,0.395694,0.438057,2.552762,1.176642
1973-07-15,0.382643,0.316929,2.898095,1.176086
1973-07-16,1.336631,0.648161,2.738857,1.1583
1973-07-17,0.129109,0.03082,3.765905,1.129954
1973-07-18,0.0,0.0,3.527048,1.112168
1973-07-19,0.0,0.0,3.674667,1.067148
1973-07-20,0.0,0.0,3.527238,1.022683
1973-07-21,0.0,0.0,3.338286,0.995449
1973-07-22,0.000828,0.0,3.408572,0.978775
1973-07-23,3.785608,3.345832,2.027048,0.985444
1973-07-24,0.0,0.0,2.765905,1.038246
1973-07-25,0.0,0.0,3.661333,1.005453
1973-07-26,0.002468,0.0,3.384,0.937089
1973-07-27,0.0,0.0,3.77981,0.910411
1973-07-28,0.0,0.0,4.004,0.910411
1973-07-29,0.0,0.0,3.902286,0.910411
1973-07-30,0.0001,0.0,4.018667,0.910411
1973-07-31,0.074012,0.007041,3.223619,0.894292
1973-08-01,0.074911,0.012743,3.321143,0.869281
1973-08-02,0.0,0.0,4.062857,0.840379
1973-08-03,1.771542,2.089049,3.725333,0.795359
1973-08-04,0.248369,0.148538,3.052,0.767568
1973-08-05,1.116404,1.550411,3.305333,0.725327
1973-08-06,2.71793,2.275769,3.055048,0.80314
1973-08-07,5.343391,7.344707,3.746095,0.946538
1973-08-08,2.909418,1.887146,4.168953,1.038802
1973-08-09,0.0,0.0,3.972,0.892069
1973-08-10,0.0,0.0,3.323619,0.774794
1973-08-11,0.035779,0.02511,3.393714,0.729774
1973-08-12,0.167731,0.001712,3.592762,0.725327
1973-08-13,5.536445,2.781824,3.285333,0.725327
1973-08-14,3.909635,3.832344,3.990095,0.904852
1973-08-15,2.134745,4.914026,3.535048,1.052141
1973-08-16,0.001706,0.0,4.086476,0.875951
1973-08-17,0.017969,0.005326,3.751619,0.76868
1973-08-18,0.000236,0.0,4.070286,0.725327
1973-08-19,2.614728,3.211145,0.967619,0.700872
1973-08-20,0.001151,0.0,2.941714,0.952652
1973-08-21,0.000225,0.0,3.188,0.702539
1973-08-22,0.0,0.0,2.158476,0.636954
1973-08-23,0.0,0.0,4.420381,0.599715
1973-08-24,0.0,0.0,4.356762,0.577483
1973-08-25,0.0,0.0,4.690095,0.543023
1973-08-26,0.0,0.0,4.835048,0.521902
1973-08-27,0.000244,0.0,4.655048,0.490221
1973-08-28,0.0,0.0,4.911619,0.489665
1973-08-29,0.0,0.0,4.437905,0.489665
1973-08-30,1.454124,3.3676,2.821524,0.452426
1973-08-31,0.073289,0.180885,3.273333,0.412964
1973-09-01,0.0,0.0,4.262286,0.45854
1973-09-02,0.0,0.0,4.320381,0.470212
1973-09-03,0.0,0.0,4.92781,0.423524
1973-09-04,0.106695,0.0293,5.054476,0.395178
1973-09-05,0.435329,0.448917,4.777333,0.395178
1973-09-06,3.18918,1.942608,2.914095,0.439087
1973-09-07,0.90045,1.571385,1.076381,0.442422
1973-09-08,20.248038,17.748702,1.272762,0.412408
1973-09-09,11.571548,8.556906,1.621714,0.860944
1973-09-10,9.639394,4.798996,1.806095,0.93042
1973-09-11,13.578359,11.978056,1.615048,1.110501
1973-09-12,4.635279,3.896698,3.529905,2.118733
1973-09-13,2.616551,2.30751,3.912572,1.212769
1973-09-14,6.259704,4.295174,2.610667,1.064369
1973-09-15,38.045365,51.884903,2.63981,1.473998
1973-09-16,0.580725,0.984539,5.312572,1.241115
1973-09-17,0.001185,0.0,4.771048,0.974884
1973-09-18,0.0,0.0,5.202095,0.8137
1973-09-19,0.41184,0.659958,4.328381,0.700872
1973-09-20,0.646062,1.104507,4.304381,0.636954
1973-09-21,0.020766,0.02511,3.509524,0.578038
1973-09-22,0.115936,0.149104,3.481333,0.543023
1973-09-23,0.334308,0.604325,4.631619,0.521902
1973-09-24,0.0,0.0,5.228381,0.490221
1973-09-25,0.0,0.0,5.574286,0.510786
1973-09-26,0.0,0.0,5.83181,0.521902
1973-09-27,0.0,0.0,5.796953,0.490221
1973-09-28,0.0,0.0,4.350286,0.470768
1973-09-29,0.003564,0.0,4.281333,0.440754
1973-09-30,1.843867,1.667714,4.752571,0.422969
1973-10-01,0.971635,1.022032,5.444762,0.395178
1973-10-02,6.7e-05,0.0,4.726667,0.395178
1973-10-03,0.763484,0.68142,4.844762,0.395178
1973-10-04,0.229606,0.035588,5.059238,0.395178
1973-10-05,0.416801,0.391587,5.741905,0.395178
1973-10-06,0.135534,0.418057,5.355048,0.378504
1973-10-07,31.183307,52.812363,4.55219,0.353493
1973-10-08,22.987254,26.705249,4.306667,0.352937
1973-10-09,5.882294,4.262263,5.303048,0.978219
1973-10-10,0.000426,0.0,6.106476,3.375411
1973-10-11,0.0,0.0,4.945333,1.688539
1973-10-12,0.0,0.0,3.896381,1.105499
1973-10-13,0.0,0.0,4.79581,0.799249
1973-10-14,5.2e-05,0.0,6.461714,0.558585
1973-10-15,0.0,0.0,5.886286,0.471324
1973-10-16,0.0,0.0,6.028571,0.406294
1973-10-17,2.007121,1.683191,5.099619,0.324035
1973-10-18,14.314237,13.995579,4.581714,0.391843
1973-10-19,4.146987,4.967025,5.690095,2.027025
1973-10-20,0.04014,0.153439,5.569143,1.744676
1973-10-21,0.0,0.0,6.345333,1.106054
1973-10-22,0.299135,0.373867,6.320762,0.849272
1973-10-23,14.711566,22.633863,5.959619,0.87873
1973-10-24,7.426021,6.12477,4.208762,1.597387
1973-10-25,13.434684,15.411387,4.744,1.940319
1973-10-26,7.23091,8.621667,4.927238,1.482891
1973-10-27,0.987308,0.921129,5.426857,1.343939
1973-10-28,0.006862,0.0,5.859048,1.019904
1973-10-29,0.072383,0.249506,6.520381,0.847604
1973-10-30,0.0,0.0,6.640953,0.738111
1973-10-31,0.0,0.0,5.784952,0.588043
1973-11-01,0.001235,0.0,5.752571,0.500781
1973-11-02,0.0,0.0,4.682667,0.452426
1973-11-03,0.000134,0.030622,5.149905,0.440754
1973-11-04,3.783568,4.761071,4.071048,0.449091
1973-11-05,1.494288,1.199342,4.51619,0.479105
1973-11-06,1.460314,0.663954,3.61981,0.410185
1973-11-07,0.34088,0.214597,4.166286,0.420745
1973-11-08,0.153979,0.096144,3.40819,0.661965
1973-11-09,16.965887,23.069529,5.244953,0.935422
1973-11-10,24.037554,20.983723,4.820191,2.301593
1973-11-11,12.82944,12.597487,5.324762,3.333725
1973-11-12,23.107496,19.019414,4.288762,3.567164
1973-11-13,35.067558,48.381537,2.853333,9.30364
1973-11-14,1.768172,2.185499,6.486857,5.050611
1973-11-15,0.674265,0.022287,3.337714,2.785701
1973-11-16,29.554926,31.430969,2.218476,3.378746
1973-11-17,6.352465,6.557666,3.784571,3.047485
1973-11-18,1.241734,1.303179,2.083619,2.343279
1973-11-19,21.001992,16.298082,2.02,2.358841
1973-11-20,15.605714,16.956511,2.803238,4.851076
1973-11-21,9.533006,12.54053,5.59581,5.480805
1973-11-22,0.680878,0.83368,6.149333,3.917322
1973-11-23,3.058951,2.574775,4.237524,2.991349
1973-11-24,0.776914,2.753258,4.675048,2.837391
1973-11-25,6.867115,5.158621,3.235238,2.431096
1973-11-26,32.827753,29.164527,2.784762,5.182893
1973-11-27,16.969237,13.626609,4.283619,4.785491
1973-11-28,0.603663,0.843005,5.467238,3.236459
1973-11-29,0.0,0.0,6.116,2.623405
1973-11-30,0.0,0.0,6.936191,2.317712
1973-12-01,0.036257,0.02511,7.04781,2.104838
1973-12-02,1.331445,1.7411,6.785334,1.96144
1973-12-03,1.909914,4.28933,7.153714,1.914197
1973-12-04,0.004684,0.0,6.668953,1.738562
1973-12-05,0.350298,0.0,6.484762,1.798033
1973-12-06,0.000965,0.0,6.604952,1.734671
1973-12-07,2.134128,0.452513,6.573905,1.624621
1973-12-08,3.08277,3.368365,6.763238,1.600722
1973-12-09,15.235794,6.741055,4.897905,1.575155
1973-12-10,43.353631,35.610604,2.484571,2.770138
1973-12-11,45.368062,28.472283,1.826667,6.980926
1973-12-12,71.967872,52.437867,1.395238,9.037964
1973-12-13,65.919905,49.463235,2.301333,58.077856
1973-12-14,40.804881,33.585452,2.700191,40.225361
1973-12-15,5.128763,3.521464,4.844572,24.905675
1973-12-16,11.037961,4.847738,5.216762,14.255873
1973-12-17,3.503452,4.070828,5.972191,10.11734
1973-12-18,0.792238,0.306604,1.817714,7.943026
1973-12-19,2.212448,2.365454,5.652762,7.079303
1973-12-20,0.575904,0.005144,5.864191,5.998816
1973-12-21,14.08997,11.543544,4.746095,5.261817
1973-12-22,35.321382,31.43063,3.35219,7.846872
1973-12-23,23.397199,29.354041,3.446476,10.390797
1973-12-24,3.741406,3.009085,6.83981,7.098201
1973-12-25,57.902137,59.49383,4.141333,8.365439
1973-12-26,12.757137,12.305065,3.595238,15.305791
1973-12-27,28.484444,26.351024,3.62019,14.915059
1973-12-28,2.754293,1.191021,5.161714,14.664946
1973-12-29,4.975616,5.140338,5.434476,10.462496
1973-12-30,13.620387,15.941669,6.557714,18.194315
1973-12-31,8.931512,10.997682,6.188,15.221864
1974-01-01,0.10404,0.045878,6.090095,13.084233
1974-01-02,8.973324,6.593311,2.57981,10.096775
1974-01-03,14.360551,12.148149,2.473524,10.669811
1974-01-04,23.807913,18.822423,3.779429,10.748736
1974-01-05,31.267647,26.281276,3.773905,11.613014
1974-01-06,24.320385,29.968711,3.107238,14.885045
1974-01-07,36.704022,31.690305,3.677333,21.718127
1974-01-08,18.893659,23.457055,3.901524,22.594633
1974-01-09,16.407461,18.577491,3.501905,17.243887
1974-01-10,23.167344,21.234594,6.077524,13.805114
1974-01-11,0.441644,0.160275,6.73581,12.387252
1974-01-12,1.327091,0.400914,6.584,10.302423
1974-01-13,3.716077,2.506039,4.913905,10.187372
1974-01-14,19.047044,22.142604,3.650476,13.07145
1974-01-15,11.744141,7.794228,3.234286,14.375371
1974-01-16,9.310872,4.052547,2.100572,12.471179
1974-01-17,3.334399,3.968723,2.910095,9.946152
1974-01-18,28.309007,22.179001,2.433714,9.814981
1974-01-19,4.043748,4.159218,1.927048,8.86233
1974-01-20,73.124708,58.65674,1.286286,11.9754
1974-01-21,39.997891,33.785302,2.098286,28.072659
1974-01-22,11.744641,8.952884,1.920762,22.704683
1974-01-23,35.389364,31.075145,1.725333,20.014581
1974-01-24,13.168895,10.436291,3.408,23.77461
1974-01-25,15.975521,19.590055,3.444762,19.055815
1974-01-26,27.706603,22.615897,3.638667,19.803374
1974-01-27,1.150311,1.353284,4.505524,18.182644
1974-01-28,6.6005,7.437693,3.770286,14.293668
1974-01-29,9.923194,25.19365,1.178667,12.244966
1974-01-30,39.423802,48.671616,1.715048,11.226173
1974-01-31,63.111624,35.386636,2.053714,31.838246
1974-02-01,33.196269,30.16835,5.174667,52.581488
1974-02-02,14.490737,18.135403,5.101333,35.708324
1974-02-03,46.243676,45.424697,5.820571,23.996376
1974-02-04,90.407013,88.482805,2.475048,53.100611
1974-02-05,20.291505,24.275556,5.231429,60.43503
1974-02-06,27.402926,25.601304,5.827048,29.060882
1974-02-07,6.755078,17.511923,6.32781,28.686825
1974-02-08,6.476003,5.916552,3.58781,20.880527
1974-02-09,107.222001,103.767192,5.248,59.570751
1974-02-10,31.168294,29.537261,2.074667,31.902163
1974-02-11,139.211019,129.627004,2.213333,131.178597
1974-02-12,12.324133,6.062835,1.937905,40.021936
1974-02-13,6.24684,6.633252,3.335048,28.03931
1974-02-14,1.741376,1.458441,4.090286,23.157665
1974-02-15,9.780964,8.426057,2.163238,19.22478
1974-02-16,125.177705,108.420316,2.521524,44.03041
1974-02-17,5.92577,4.04717,2.615048,42.652567
1974-02-18,17.756097,24.017118,3.222286,24.448802
1974-02-19,15.766691,17.702409,6.204762,30.291993
1974-02-20,0.05952,0.153296,6.499048,22.427335
1974-02-21,0.0,0.0,3.866286,18.611726
1974-02-22,9.281886,8.114025,5.779048,16.491881
1974-02-23,2.268404,1.027375,6.644381,14.788335
1974-02-24,4.551706,5.368883,6.486095,13.514983
1974-02-25,2.392427,1.822814,5.477524,12.194943
1974-02-26,15.055923,12.31768,5.528,11.672486
1974-02-27,0.839297,1.996894,4.722095,10.536974
1974-02-28,8.106847,6.629819,2.004381,9.931145
1974-03-01,20.081881,21.132723,2.865143,9.390901
1974-03-02,33.134697,29.758804,4.256,20.97557
1974-03-03,38.189059,36.454811,2.571048,16.507999
1974-03-04,33.152316,27.224313,1.958667,17.131614
1974-03-05,74.601077,66.703394,1.952952,15.466975
1974-03-06,14.641445,9.498422,1.638667,23.394994
1974-03-07,2.304946,0.302039,3.383619,17.177746
1974-03-08,0.757805,0.0,3.808,12.329449
1974-03-09,5.070785,2.761306,4.046286,11.051094
1974-03-10,2.888155,1.281322,3.780381,10.536418
1974-03-11,9.469812,8.546432,4.32,9.994507
1974-03-12,11.082236,10.507019,5.769333,9.437589
1974-03-13,0.0,0.0,5.454667,8.969044
1974-03-14,0.009111,0.0,4.848381,8.080866
1974-03-15,0.000872,0.0,4.796381,7.603429
1974-03-16,23.791881,30.389665,2.284381,7.368323
1974-03-17,13.359459,10.515221,2.591619,8.081978
1974-03-18,21.371966,21.649649,2.111429,9.461489
1974-03-19,15.334821,13.698802,1.934095,15.094584
1974-03-20,61.076081,67.807586,1.902857,14.245868
1974-03-21,70.981881,64.642252,1.179619,11.759747
1974-03-22,67.953692,67.9818,2.122095,45.082551
1974-03-23,9.09441,6.652887,3.663429,23.524497
1974-03-24,0.187719,0.399016,4.416381,17.850271
1974-03-25,31.560588,37.212524,4.793714,14.840581
1974-03-26,3.674617,0.807207,5.047048,13.150374
1974-03-27,4.379234,5.012519,4.928762,12.248301
1974-03-28,6.25372,5.421139,2.14019,11.608012
1974-03-29,6.286122,7.502411,2.903238,11.668039
1974-03-30,1.634446,0.96891,3.886857,11.734736
1974-03-31,0.864648,0.581532,4.770286,10.047308
1974-04-01,3.062891,1.679759,4.656953,8.881783
1974-04-02,1.604157,0.680334,4.600381,8.274287
1974-04-03,0.521561,0.17446,4.838095,7.825195
1974-04-04,0.023287,0.0,5.227619,7.41501
1974-04-05,0.555763,0.131407,5.520381,6.960361
1974-04-06,1.9212,1.636172,5.143238,6.544618
1974-04-07,9.435128,8.104717,4.297714,6.133877
1974-04-08,7.551605,5.820723,3.786667,5.750927
1974-04-09,3.069295,2.654803,3.408191,5.438008
1974-04-10,0.460342,0.083192,3.83181,5.095075
1974-04-11,1.032169,1.175167,4.538857,4.739915
1974-04-12,0.547422,0.075956,5.324,4.453119
1974-04-13,0.061006,0.09881,5.430286,4.175772
1974-04-14,0.0001,0.0,5.6,3.906206
1974-04-15,0.579009,0.405676,5.140571,3.644977
1974-04-16,3.507459,1.813324,4.178476,3.374855
1974-04-17,43.789208,29.307929,2.855619,3.646644
1974-04-18,37.225305,27.436537,3.03581,5.824293
1974-04-19,28.553596,19.19782,4.393143,13.914608
1974-04-20,1.485493,1.380897,3.793714,20.351399
1974-04-21,5.817217,3.025287,5.024,10.744845
1974-04-22,1.417372,1.677284,4.514286,7.831309
1974-04-23,0.085831,0.219572,4.452572,6.617984
1974-04-24,0.000387,0.0,4.90781,6.134989
1974-04-25,0.0,0.0,4.579048,5.750927
1974-04-26,0.439007,0.474285,3.865333,5.398545
1974-04-27,5.448746,1.493639,3.856,4.996142
1974-04-28,3.353026,2.309862,3.885524,4.643761
1974-04-29,2.965197,1.444917,4.556762,4.3603
1974-04-30,0.005158,0.012743,3.439238,4.051271
1974-05-01,0.0,0.0,2.024191,3.717232
1974-05-02,0.0,0.0,2.834286,3.462117
1974-05-03,0.175874,0.0,3.905333,3.290928
1974-05-04,0.0,0.0,3.722857,3.208669
1974-05-05,0.028084,0.0,3.171048,3.097508
1974-05-06,10.195835,8.781098,3.753143,3.139749
1974-05-07,5.524254,1.853484,1.619429,3.208669
1974-05-08,4.492813,2.501086,2.621714,2.920762
1974-05-09,9.823756,6.658059,2.774667,3.33706
1974-05-10,20.319795,11.985697,1.936572,2.968005
1974-05-11,27.303624,18.897117,2.677333,4.435333
1974-05-12,7.362297,4.450599,3.296,3.532704
1974-05-13,4.281166,0.402434,2.958667,3.396532
1974-05-14,12.044176,9.181653,2.829333,3.466007
1974-05-15,1.751695,0.883035,3.386667,3.198665
1974-05-16,3.707846,2.994193,2.957905,2.971896
1974-05-17,3.341025,1.621843,3.324191,2.892415
1974-05-18,4.686533,2.382261,3.088572,2.815714
1974-05-19,3.5349,1.538288,2.31219,2.75791
1974-05-20,7.920487,3.880473,2.907429,3.008579
1974-05-21,7.803168,3.176157,2.98,3.195886
1974-05-22,13.695554,9.461838,3.078286,3.482126
1974-05-23,7.974792,5.427732,2.965905,3.425434
1974-05-24,18.631648,13.465635,2.483238,4.172993
1974-05-25,0.0,0.0,1.229714,3.529925
1974-05-26,0.0,0.0,2.389333,3.070829
1974-05-27,0.0,0.0,2.412,2.835167
1974-05-28,0.0,0.0,2.890667,2.666758
1974-05-29,0.029187,0.0,3.277905,2.563934
1974-05-30,0.0,0.0,3.523429,2.44777
1974-05-31,0.0,0.0,3.455048,2.403306
1974-06-01,0.0,0.0,3.517714,2.376071
1974-06-02,0.000725,0.0,3.104762,2.307151
1974-06-03,0.000296,0.0,2.627429,2.211553
1974-06-04,0.0,0.0,3.115429,2.128738
1974-06-05,0.0,0.0,2.464,2.102059
1974-06-06,0.000136,0.0,3.021905,2.036474
1974-06-07,0.0,0.0,3.403048,1.971445
1974-06-08,0.0,0.0,2.853905,1.906971
1974-06-09,0.0,0.0,2.455238,1.867509
1974-06-10,0.001334,0.0,2.412,1.819709
1974-06-11,0.274896,0.572483,1.047048,1.697988
1974-06-12,0.001408,0.0,1.353333,1.646854
1974-06-13,0.0,0.0,2.641333,1.682425
1974-06-14,0.0,0.0,3.549714,1.660193
1974-06-15,0.0,0.0,2.321714,1.62351
1974-06-16,0.0,0.0,1.730095,1.62351
1974-06-17,2.733981,1.001297,0.957714,1.62351
1974-06-18,12.312952,8.191757,1.388,1.669086
1974-06-19,1.342612,1.421052,1.610095,1.69632
1974-06-20,1.373821,0.525622,2.954857,1.601833
1974-06-21,0.277714,0.045876,1.702095,1.542918
1974-06-22,0.013434,0.0,2.441905,1.507346
1974-06-23,0.016412,0.0,2.360952,1.506791
1974-06-24,0.47074,0.28127,1.714667,1.506791
1974-06-25,1.231507,0.525466,2.383238,1.506791
1974-06-26,0.00253,0.0,3.416381,1.506791
1974-06-27,0.0,0.0,3.758667,1.485114
1974-06-28,0.0,0.0,3.466286,1.429534
1974-06-29,0.098878,0.025296,3.157333,1.395074
1974-06-30,0.0,0.0,3.325143,1.395074
1974-07-01,0.0,0.0,3.321143,1.373953
1974-07-02,0.0,0.0,1.983619,1.32004
1974-07-03,0.0,0.0,2.567238,1.266682
1974-07-04,0.0,0.0,3.028952,1.214437
1974-07-05,0.0,0.0,2.493905,1.1822
1974-07-06,0.0,0.0,2.836762,1.1822
1974-07-07,0.0,0.0,3.179048,1.1822
1974-07-08,0.0,0.0,1.600381,1.143293
1974-07-09,0.0,0.0,2.135048,1.08271
1974-07-10,0.0,0.0,2.661333,1.082155
1974-07-11,0.0,0.0,2.872952,1.082155
1974-07-12,0.0,0.0,3.185524,1.063813
1974-07-13,0.0,0.0,3.405143,1.0338
1974-07-14,0.0,0.0,3.069905,1.0338
1974-07-15,0.0,0.0,2.789333,1.015458
1974-07-16,0.0,0.0,2.873333,0.986
1974-07-17,0.0,0.0,3.781333,0.986
1974-07-18,0.546473,0.542874,3.267429,0.986
1974-07-19,0.0,0.0,3.397905,0.986
1974-07-20,0.0,0.0,3.338667,0.968214
1974-07-21,0.0,0.0,2.825143,0.922082
1974-07-22,0.0,0.0,2.582286,0.894292
1974-07-23,0.009154,0.0,2.133143,0.910966
1974-07-24,0.005984,0.0,1.219238,0.921527
1974-07-25,0.013813,0.003614,1.636762,0.894292
1974-07-26,0.060949,0.028733,3.549905,0.893736
1974-07-27,0.0,0.0,4.131429,0.893736
1974-07-28,0.0,0.0,3.738857,0.893736
1974-07-29,0.0,0.0,3.892381,0.876506
1974-07-30,0.0,0.0,3.957333,0.833153
1974-07-31,0.0,0.0,3.665333,0.806475
1974-08-01,5.041819,2.427926,2.781333,0.839267
1974-08-02,0.572362,1.181845,4.248381,0.965991
1974-08-03,0.0,0.0,3.366286,0.905964
1974-08-04,0.0,0.0,3.565333,0.833709
1974-08-05,0.0,0.0,2.543238,0.806475
1974-08-06,0.0,0.0,2.686286,0.806475
1974-08-07,0.0,0.0,3.763429,0.806475
1974-08-08,0.0,0.0,3.807238,0.806475
1974-08-09,0.0,0.0,3.619048,0.806475
1974-08-10,0.050761,0.001712,3.52381,0.806475
1974-08-11,0.493968,0.754601,3.74,0.806475
1974-08-12,0.0,0.0,4.170286,0.777017
1974-08-13,0.0,0.0,3.823429,0.704206
1974-08-14,0.0,0.0,2.902667,0.661409
1974-08-15,0.0,0.0,4.135048,0.687532
1974-08-16,0.0,0.0,3.203238,0.703095
1974-08-17,0.0,0.0,2.920191,0.636398
1974-08-18,0.0,0.0,3.898286,0.59638
1974-08-19,0.0,0.0,3.956381,0.595824
1974-08-20,0.0,0.0,4.062095,0.62028
1974-08-21,0.0,0.0,4.797714,0.660854
1974-08-22,0.0,0.0,4.956762,0.635842
1974-08-23,0.0,0.0,3.680191,0.59638
1974-08-24,0.535126,0.734971,3.284571,0.595824
1974-08-25,8.458439,7.564356,3.100381,0.646403
1974-08-26,19.666447,21.866639,3.749143,0.918748
1974-08-27,0.676194,0.259801,2.932191,0.973772
1974-08-28,2.890826,0.504316,2.461714,0.807586
1974-08-29,22.848521,23.398975,2.217714,0.949317
1974-08-30,25.716047,24.495004,2.589333,1.337825
1974-08-31,3.286884,2.396316,2.410476,1.12384
1974-09-01,1.36335,1.082638,3.711048,0.814812
1974-09-02,0.04481,0.0569,2.769905,0.676972
1974-09-03,3.604115,5.641091,3.079619,0.670858
1974-09-04,1.746382,2.367356,2.82819,0.784243
1974-09-05,1.410664,1.071563,3.244952,0.68253
1974-09-06,0.585906,1.430192,4.896191,0.75812
1974-09-07,0.0,0.0,3.413524,0.700872
1974-09-08,0.094235,0.008948,2.229524,0.685309
1974-09-09,0.809842,0.806811,2.809333,0.675305
1974-09-10,0.60675,0.003428,2.033714,0.600271
1974-09-11,2.418385,2.90261,3.439048,0.646403
1974-09-12,2.824159,2.916357,4.712,0.724215
1974-09-13,0.487606,0.775756,4.398667,0.725327
1974-09-14,0.0,0.0,5.415619,0.69976
1974-09-15,0.0,0.0,5.253714,0.636954
1974-09-16,0.0,0.0,5.34,0.578038
1974-09-17,0.0,0.0,5.34,0.522458
1974-09-18,0.0001,0.0,5.145333,0.490221
1974-09-19,0.331654,0.028573,4.633334,0.489665
1974-09-20,1.4712,0.961253,4.895238,0.489665
1974-09-21,0.0,0.0,3.522286,0.504116
1974-09-22,0.000928,0.0,4.806286,0.53802
1974-09-23,0.001496,0.0,5.53981,0.543023
1974-09-24,0.0,0.0,5.740952,0.543023
1974-09-25,0.047279,0.0,4.85181,0.543023
1974-09-26,0.000169,0.0,5.653143,0.543023
1974-09-27,0.0,0.0,5.576952,0.543023
1974-09-28,0.0,0.0,4.855429,0.543023
1974-09-29,0.263689,0.460146,3.506667,0.521902
1974-09-30,15.125389,13.60013,3.772191,0.490221
1974-10-01,6.619449,6.880692,4.444952,0.489665
1974-10-02,2.293566,2.295606,5.150095,0.489665
1974-10-03,0.391598,0.49696,5.181143,0.489665
1974-10-04,0.000169,0.0,5.502667,0.470768
1974-10-05,0.0,0.0,2.8,0.440754
1974-10-06,0.000201,0.0,4.628381,0.440754
1974-10-07,0.001776,0.0,3.553143,0.440754
1974-10-08,0.0001,0.0,6.051619,0.440754
1974-10-09,0.0,0.0,6.029333,0.475214
1974-10-10,0.0,0.0,4.416191,0.450203
1974-10-11,0.000644,0.0,5.802095,0.395178
1974-10-12,0.01934,0.037659,5.215429,0.418522
1974-10-13,0.498108,0.63387,5.575429,0.440754
1974-10-14,2.340502,1.873455,5.177714,0.450759
1974-10-15,3.622245,4.154443,4.685333,0.516344
1974-10-16,1.632465,2.661488,4.824571,0.649182
1974-10-17,4.634202,5.582961,5.792953,0.644735
1974-10-18,0.006224,0.0,3.487048,0.674193
1974-10-19,0.0,0.0,4.928952,0.594157
1974-10-20,0.0,0.0,4.759048,0.57248
1974-10-21,0.0,0.0,5.258667,0.461875
1974-10-22,0.0,0.0,5.163429,0.489109
1974-10-23,0.0,0.0,6.214286,0.45854
1974-10-24,0.0,0.0,6.287048,0.440754
1974-10-25,0.0,0.0,6.245524,0.382395
1974-10-26,0.0,0.0,6.618476,0.347935
1974-10-27,0.0,0.0,5.929524,0.332372
1974-10-28,0.919927,0.639225,5.177714,0.33793
1974-10-29,1.011581,3.902821,4.764952,0.31681
1974-10-30,0.075759,0.337692,6.028952,0.352381
1974-10-31,0.0,0.0,5.755619,0.336819
1974-11-01,0.0,0.0,5.974667,0.31403
1974-11-02,3.840067,3.614049,4.815429,0.298468
1974-11-03,1.232844,0.012553,6.290286,0.271789
1974-11-04,0.0,0.0,5.961714,0.33126
1974-11-05,0.0,0.0,5.896952,0.287352
1974-11-06,0.0,0.0,5.955619,0.241776
1974-11-07,0.041341,0.186206,4.235619,0.222322
1974-11-08,0.57104,0.283754,5.502667,0.245666
1974-11-09,0.000292,0.0,5.434667,0.245666
1974-11-10,0.0,0.0,5.897524,0.245666
1974-11-11,0.0,0.0,5.808572,0.245666
1974-11-12,0.003354,0.0,6.0,0.228992
1974-11-13,3.198828,3.013695,4.837333,0.190642
1974-11-14,2.315792,1.607384,4.696381,0.192309
1974-11-15,2.582989,2.695369,5.594857,0.270122
1974-11-16,7.810612,7.649122,4.862667,0.293466
1974-11-17,8.276899,6.154084,5.543238,0.371279
1974-11-18,18.708311,23.46239,6.236952,0.398513
1974-11-19,9.415327,8.330004,5.327048,0.649182
1974-11-20,0.537894,0.710071,6.549333,0.44131
1974-11-21,0.000569,0.0,4.951619,0.388509
1974-11-22,0.234345,0.348529,5.428952,0.28235
1974-11-23,0.0,0.0,6.473524,0.262341
1974-11-24,0.0,0.0,5.804,0.254559
1974-11-25,0.000805,0.0,5.903429,0.210095
1974-11-26,0.36072,0.17727,6.093524,0.188418
1974-11-27,0.670121,2.160726,3.317333,0.188418
1974-11-28,0.000184,0.0,2.172952,0.187307
1974-11-29,0.0,0.0,6.395429,0.167853
1974-11-30,0.0,0.0,6.707048,0.146177
1974-12-01,0.0,0.0,6.348381,0.15507
1974-12-02,0.0,0.0,6.322667,0.142286
1974-12-03,0.0,0.0,6.005333,0.141731
1974-12-04,0.0,0.0,6.188952,0.115052
1974-12-05,0.0,0.0,5.531619,0.123945
1974-12-06,0.039049,0.119757,6.896952,0.130059
1974-12-07,0.0,0.0,6.128571,0.121722
1974-12-08,0.0,0.0,6.232381,0.121722
1974-12-09,0.0,0.0,6.285714,0.121722
1974-12-10,0.0,0.0,6.262286,0.121166
1974-12-11,0.0,0.0,4.756,0.102268
1974-12-12,0.46183,0.180694,5.360191,0.087817
1974-12-13,0.0,0.0,7.280952,0.10338
1974-12-14,0.0,0.0,6.615048,0.11394
1974-12-15,0.0,0.0,6.387048,0.10338
1974-12-16,0.0,0.0,6.391048,0.115608
1974-12-17,0.0,0.0,6.46,0.121722
1974-12-18,0.0,0.0,6.752381,0.118387
1974-12-19,0.0,0.0,6.356762,0.102268
1974-12-20,0.000499,0.0,6.033905,0.095043
1974-12-21,0.069081,0.005144,4.591048,0.09671
1974-12-22,2.144764,1.222022,3.053714,0.096154
1974-12-23,3.724423,2.403377,6.262095,0.151179
1974-12-24,1.756561,0.953109,4.798095,0.191197
1974-12-25,22.479885,23.83768,5.080381,0.414076
1974-12-26,6.17997,4.861289,4.796381,0.279015
1974-12-27,0.57652,0.0,5.653333,0.156737
1974-12-28,0.022889,0.027017,4.800381,0.193976
1974-12-29,0.017708,0.0,4.093905,0.126724
1974-12-30,52.750664,46.801633,2.711238,0.359051
1974-12-31,25.878759,20.208494,2.359619,1.819709
1975-01-01,3.576667,3.64681,3.140952,1.171639
1975-01-02,11.704901,8.989314,3.288952,1.252231
1975-01-03,12.52293,18.377067,4.608762,1.764685
1975-01-04,21.653354,24.744169,3.609905,1.695209
1975-01-05,6.147299,9.289862,6.880381,1.44065
1975-01-06,0.504864,0.0,7.688762,0.950429
1975-01-07,0.053759,0.02853,7.129333,0.601938
1975-01-08,0.004113,0.0,6.596,0.405183
1975-01-09,0.0,0.0,5.205524,0.308472
1975-01-10,22.630906,15.168557,4.35981,0.279015
1975-01-11,22.459684,28.235386,5.898857,3.48824
1975-01-12,5.15082,4.601873,6.071048,1.663528
1975-01-13,0.037111,0.023014,6.692381,0.966547
1975-01-14,3.284782,2.424195,4.093714,0.71699
1975-01-15,21.200577,15.618792,1.998857,0.558585
1975-01-16,43.158906,35.968908,1.744762,4.904434
1975-01-17,36.24694,25.922259,1.045905,13.129254
1975-01-18,0.873875,0.833833,6.01581,3.890643
1975-01-19,0.0,0.0,6.423619,1.958661
1975-01-20,1.269234,0.003994,5.430095,1.405078
1975-01-21,2.416923,3.4011,7.072381,1.288359
1975-01-22,0.050751,0.046598,7.072762,1.095494
1975-01-23,0.0,0.0,7.328381,0.941536
1975-01-24,0.0,0.0,6.801334,0.833153
1975-01-25,0.000368,0.0,6.781334,0.679751
1975-01-26,1.30407,0.745686,6.319048,0.56859
1975-01-27,15.991618,13.975017,6.096571,0.500781
1975-01-28,1.848039,2.397842,7.016762,0.526348
1975-01-29,0.174565,4.958789,5.65181,0.344044
1975-01-30,27.399937,20.120135,4.558857,0.309028
1975-01-31,19.15849,14.080909,3.334857,0.597492
1975-02-01,29.59447,24.922434,2.681333,2.253238
1975-02-02,37.985614,36.608537,2.67181,4.677109
1975-02-03,7.093936,5.401297,3.058857,5.702016
1975-02-04,3.435162,3.236289,3.824,2.398304
1975-02-05,8.102176,7.25747,5.657905,1.863062
1975-02-06,12.118013,8.602577,2.180952,1.529023
1975-02-07,28.434892,26.164157,4.176953,3.634972
1975-02-08,8.820311,8.986634,4.822667,5.52916
1975-02-09,71.778562,55.00967,3.474095,11.442382
1975-02-10,1.634909,0.812916,5.305333,11.903145
1975-02-11,19.280515,16.866246,4.949714,5.603638
1975-02-12,3.74925,3.648708,4.965143,5.441898
1975-02-13,7.283058,5.696719,4.301333,4.329174
1975-02-14,4.880751,5.586227,5.018667,4.18133
1975-02-15,2.109228,2.046631,5.877143,3.727792
1975-02-16,1.485837,0.571543,5.109143,3.397087
1975-02-17,6.864126,5.550452,2.755238,2.969672
1975-02-18,8.742902,7.098045,2.404762,3.005244
1975-02-19,0.262076,0.020351,2.510476,2.608954
1975-02-20,3.254262,1.373689,2.448762,2.429985
1975-02-21,10.805253,14.895746,4.605714,2.698995
1975-02-22,32.023333,34.585642,3.072,3.566608
1975-02-23,46.21298,38.253837,4.910095,9.769405
1975-02-24,18.197961,12.158588,2.990286,11.927601
1975-02-25,9.23346,12.833696,2.364571,9.463156
1975-02-26,10.162586,6.219013,2.884952,7.294956
1975-02-27,0.13716,0.115532,2.790286,5.480805
1975-02-28,0.03606,0.159565,5.461143,4.442559
1975-03-01,6.464753,6.842241,5.577524,3.98124
1975-03-02,2.408389,1.545666,5.52381,3.671656
1975-03-03,0.123064,0.524102,4.485333,3.318163
1975-03-04,4.125783,3.530007,5.413333,3.225343
1975-03-05,1.806211,0.720718,4.722857,3.093617
1975-03-06,49.582418,56.596476,1.907048,3.835618
1975-03-07,52.251414,43.744485,5.078476,14.878932
1975-03-08,4.175086,2.603188,5.841333,7.757943
1975-03-09,0.933949,0.198988,5.947048,5.221799
1975-03-10,1.372275,1.031777,6.395429,4.321949
1975-03-11,0.062708,1.696927,5.906857,3.720011
1975-03-12,0.843899,0.705655,5.6,3.257024
1975-03-13,0.601248,0.227034,5.647048,3.018583
1975-03-14,0.00085,0.0,6.156381,2.880743
1975-03-15,0.212165,0.044555,4.392381,2.825719
1975-03-16,19.883895,25.029871,4.865143,2.688435
1975-03-17,12.959935,21.175718,4.556762,2.660088
1975-03-18,12.766843,9.519758,2.933143,3.507693
1975-03-19,56.636853,57.25479,3.280191,3.126966
1975-03-20,0.748155,0.514828,4.202667,8.295407
1975-03-21,13.856776,13.369677,4.318667,5.942124
1975-03-22,4.823058,10.505432,3.954667,4.8533
1975-03-23,1.539591,0.937888,5.28,4.361967
1975-03-24,7.317055,6.30476,5.314095,3.947336
1975-03-25,3.854864,4.667559,5.063619,3.670544
1975-03-26,1.231347,1.323771,5.718286,3.531037
1975-03-27,8.422723,6.546815,4.521334,3.304268
1975-03-28,15.773235,18.738072,3.628762,3.086392
1975-03-29,51.820755,63.177288,3.045905,3.651091
1975-03-30,7.23691,2.72888,4.55181,26.280184
1975-03-31,12.241739,19.342574,4.572381,10.541976
1975-04-01,24.645921,20.247004,4.233333,7.222701
1975-04-02,11.032545,14.424672,4.053333,8.313193
1975-04-03,4.93349,1.22814,4.583238,6.48737
1975-04-04,1.855419,0.894809,4.592762,5.586964
1975-04-05,6.127727,2.760679,3.677143,5.062839
1975-04-06,14.364784,10.570208,3.586476,4.618749
1975-04-07,30.380452,21.543035,4.130667,4.193002
1975-04-08,8.592403,8.464897,1.764381,4.316391
1975-04-09,23.783774,18.004721,3.416571,7.143777
1975-04-10,8.107533,5.939372,2.272571,22.82696
1975-04-11,9.938575,5.533478,1.989333,12.382806
1975-04-12,13.549922,2.900737,2.826286,9.30364
1975-04-13,0.335783,0.135816,3.597143,7.91468
1975-04-14,1.973558,0.683601,4.14781,7.352204
1975-04-15,0.319931,0.0,4.344381,7.095422
1975-04-16,0.02857,0.0,4.89981,6.821965
1975-04-17,0.044377,0.001712,5.136572,6.615205
1975-04-18,0.001564,0.0,5.100762,6.412336
1975-04-19,0.0,0.0,4.483048,6.174451
1975-04-20,0.0,0.0,4.908,5.91878
1975-04-21,0.0,0.0,4.84,5.688676
1975-04-22,0.0,0.0,4.785524,5.441898
1975-04-23,0.05646,0.163569,4.699238,5.220132
1975-04-24,6.55069,4.466243,3.062095,4.982802
1975-04-25,1.496137,0.377282,3.511238,4.803833
1975-04-26,0.40532,0.458838,2.012952,4.628198
1975-04-27,7.081998,3.41043,2.480571,4.455898
1975-04-28,0.484736,0.040732,2.211238,4.286377
1975-04-29,0.004933,0.0,4.073524,4.120191
1975-04-30,2.597541,1.023212,4.547048,3.956784
1975-05-01,1.375844,0.741833,3.260952,3.796156
1975-05-02,2.416693,2.07858,3.513333,3.638307
1975-05-03,11.433956,7.087179,2.12781,3.454891
1975-05-04,8.231527,1.308678,2.047429,3.258136
1975-05-05,1.772963,0.110637,2.227238,3.110847
1975-05-06,2.913116,2.10237,3.494857,2.994128
1975-05-07,0.358791,0.283235,3.142667,2.89575
1975-05-08,5.186795,3.193127,3.656571,2.757354
1975-05-09,4.314343,2.475922,3.053524,2.595615
1975-05-10,0.12231,0.091236,3.511619,2.422759
1975-05-11,0.000301,0.0,3.623048,2.293812
1975-05-12,0.002647,0.0,3.62781,2.168756
1975-05-13,0.023443,0.028538,2.681143,2.053704
1975-05-14,0.0,0.0,3.206095,1.935317
1975-05-15,0.0,0.0,3.388952,1.81693
1975-05-16,0.0,0.0,3.736381,1.715218
1975-05-17,0.327305,0.205652,3.768,1.686316
1975-05-18,0.000136,0.0,2.661714,1.622398
1975-05-19,0.069576,0.001712,2.513524,1.577934
1975-05-20,0.081062,0.032161,3.472952,1.57182
1975-05-21,0.243813,0.166815,3.038286,1.495119
1975-05-22,0.42287,0.008571,2.908572,1.496786
1975-05-23,0.042411,0.0,2.733524,1.473442
1975-05-24,0.065084,0.168093,3.967429,1.450098
1975-05-25,0.327305,0.220333,3.989333,1.377844
1975-05-26,0.243324,0.181496,2.615048,1.370062
1975-05-27,0.01282,0.0,1.392571,1.370062
1975-05-28,0.190564,0.140339,1.698095,1.370062
1975-05-29,0.230577,0.061513,2.29219,1.396741
1975-05-30,0.635885,0.254091,2.664571,1.400076
1975-05-31,0.083352,0.16792,3.392571,1.376732
1975-06-01,0.539505,1.370192,2.653714,1.330044
1975-06-02,1.650978,0.469119,3.084952,1.321707
1975-06-03,0.771449,0.003428,1.846857,1.396185
1975-06-04,0.099403,0.003428,2.140191,1.300586
1975-06-05,0.21184,0.068165,1.411238,1.280577
1975-06-06,0.079552,0.239609,0.673714,1.290026
1975-06-07,0.293424,0.272761,0.414286,1.241115
1975-06-08,0.204801,0.110467,2.042857,1.223329
1975-06-09,0.027833,0.043223,1.639238,1.222774
1975-06-10,1.591838,0.98341,1.628,1.192204
1975-06-11,7.858214,0.184184,1.961905,1.701323
1975-06-12,0.001871,0.0,2.473714,1.6513
1975-06-13,0.0,0.0,3.128381,1.522353
1975-06-14,0.0,0.0,1.383238,1.476221
1975-06-15,0.0,0.0,1.953905,1.32004
1975-06-16,0.0,0.0,1.896952,1.144405
1975-06-17,0.229049,0.175203,2.829714,1.152186
1975-06-18,0.0,0.0,2.325333,1.08938
1975-06-19,0.870309,0.88548,1.336571,1.083822
1975-06-20,0.606942,0.540882,2.957524,1.095494
1975-06-21,0.0,0.0,1.101714,1.129398
1975-06-22,0.0,0.0,2.299238,1.102164
1975-06-23,0.0,0.0,2.025714,1.083266
1975-06-24,0.0,0.0,3.138095,1.054364
1975-06-25,0.0,0.0,3.330286,0.997672
1975-06-26,0.000733,0.0,3.220952,0.980442
1975-06-27,0.0,0.0,3.38019,0.937645
1975-06-28,0.0,0.0,3.143619,0.910411
1975-06-29,0.0,0.0,2.887048,0.910411
1975-06-30,0.303531,0.196722,1.706286,0.910411
1975-07-01,0.731222,0.397301,1.372762,0.910411
1975-07-02,0.538504,0.374037,2.529714,0.892625
1975-07-03,0.791988,0.582005,3.576381,0.887067
1975-07-04,0.0,0.0,2.514095,0.910411
1975-07-05,0.0,0.0,1.747429,0.908187
1975-07-06,0.349174,0.578395,2.914667,0.87873
1975-07-07,0.0,0.0,2.428762,0.868725
1975-07-08,2.131935,0.449079,2.728,0.868725
1975-07-09,0.798696,0.110251,3.452,0.868725
1975-07-10,0.0,0.0,3.244381,0.868725
1975-07-11,1.334749,0.627764,3.265333,0.863167
1975-07-12,0.747182,1.068337,3.110857,0.807586
1975-07-13,0.00138,0.0,2.571429,0.794803
1975-07-14,0.001801,0.0,3.345333,0.794803
1975-07-15,0.0,0.0,3.140952,0.794803
1975-07-16,3.3e-05,0.0,2.471048,0.794803
1975-07-17,2.39854,2.378404,2.353143,0.794803
1975-07-18,0.18881,0.049299,3.343619,0.794803
1975-07-19,0.0,0.0,3.687048,0.785354
1975-07-20,0.0,0.0,4.105143,0.733108
1975-07-21,0.0,0.0,4.110095,0.725327
1975-07-22,0.0,0.0,3.87619,0.725327
1975-07-23,0.8813,0.230971,2.830667,0.725327
1975-07-24,1.558315,1.718561,2.67181,0.725327
1975-07-25,6.775869,4.407762,3.318857,0.725327
1975-07-26,2.793337,4.097472,2.29181,0.725327
1975-07-27,6.697645,2.407379,2.969714,0.725327
1975-07-28,1.241868,0.323028,2.987619,0.725327
1975-07-29,8.743006,7.192924,2.706667,0.725327
1975-07-30,20.882582,9.332154,2.862476,0.845937
1975-07-31,34.07404,18.660959,2.532571,1.613505
1975-08-01,16.66306,13.81102,2.673524,1.425087
1975-08-02,18.734057,15.752901,2.964381,1.470107
1975-08-03,15.274788,9.517681,2.622095,1.929203
1975-08-04,4.002783,1.050394,3.701333,1.725222
1975-08-05,0.435387,0.562427,3.82381,1.431201
1975-08-06,0.803382,1.122261,2.037905,1.158856
1975-08-07,3.372188,5.089514,1.266286,1.052141
1975-08-08,3.904448,0.427219,1.790857,1.03769
1975-08-09,2.890869,1.898964,2.986095,1.006565
1975-08-10,2.806157,1.89539,3.168,0.995449
1975-08-11,6.314193,6.58323,4.447429,1.063813
1975-08-12,0.0,0.0,3.436,1.021572
1975-08-13,0.0,0.0,3.05981,0.918192
1975-08-14,0.0,0.0,2.680381,0.798693
1975-08-15,24.774089,23.191555,1.234095,0.818147
1975-08-16,28.069794,26.381862,4.501333,1.50957
1975-08-17,0.003819,0.0,3.542667,1.197762
1975-08-18,0.001927,0.0,4.331238,0.870948
1975-08-19,0.0,0.0,3.823238,0.747004
1975-08-20,0.000632,0.0,4.170286,0.725327
1975-08-21,0.0,0.0,3.830095,0.788133
1975-08-22,0.0,0.0,4.307048,0.76868
1975-08-23,0.0,0.0,3.602286,0.725883
1975-08-24,0.0,0.0,4.255619,0.679751
1975-08-25,0.0,0.0,4.530857,0.599715
1975-08-26,0.0,0.0,4.769143,0.599159
1975-08-27,0.0,0.0,4.633143,0.570257
1975-08-28,0.0,0.0,4.462095,0.622503
1975-08-29,0.0,0.0,4.986857,0.543023
1975-08-30,0.0,0.0,5.05219,0.542467
1975-08-31,0.0,0.0,3.502667,0.514677
1975-09-01,0.0,0.0,4.258286,0.462987
1975-09-02,0.003506,0.0,4.946476,0.440199
1975-09-03,0.0,0.0,5.012381,0.426303
1975-09-04,0.0,0.0,4.644381,0.460208
1975-09-05,1.655456,0.521652,2.432381,0.440199
1975-09-06,0.406784,2.68133,1.425333,0.411852
1975-09-07,3.196354,0.280964,0.473524,0.395178
1975-09-08,41.467327,26.471169,1.720571,0.395178
1975-09-09,7.928147,5.39689,1.738286,0.887622
1975-09-10,2.057948,0.311814,2.063238,1.83027
1975-09-11,4.562163,1.538224,2.728952,1.650189
1975-09-12,8.540099,6.373091,3.806095,1.462326
1975-09-13,8.999055,11.922409,3.715048,1.845832
1975-09-14,0.258927,0.132336,4.287048,1.936429
1975-09-15,8.468019,7.220376,3.116762,1.604057
1975-09-16,11.038199,10.137635,3.938095,1.519574
1975-09-17,3.950863,2.500707,4.389714,1.54403
1975-09-18,3.840573,3.608931,4.502286,1.531802
1975-09-19,12.02761,15.290233,4.893143,1.569597
1975-09-20,0.85976,0.33311,5.665143,1.715774
1975-09-21,0.332866,0.0,6.003429,1.409524
1975-09-22,0.0,0.0,5.541143,1.271129
1975-09-23,0.314457,0.427732,4.282286,1.241671
1975-09-24,0.024224,0.016737,5.223238,1.193316
1975-09-25,7.120778,6.727201,5.937524,1.192204
1975-09-26,10.429193,10.528913,3.409143,1.262792
1975-09-27,20.330197,11.918412,4.715429,2.523916
1975-09-28,0.173451,0.182227,4.598667,2.613956
1975-09-29,2.981027,4.950978,4.262857,2.122624
1975-09-30,1.020335,0.892528,5.674857,1.835272
1975-10-01,6.307733,4.999758,5.475619,1.655191
1975-10-02,0.0,0.0,6.189714,1.482891
1975-10-03,0.000472,0.0,5.887429,1.343939
1975-10-04,0.003205,0.0,4.641905,1.225553
1975-10-05,4.518294,10.162594,2.306857,1.208878
1975-10-06,7.988984,9.794581,4.621905,1.974779
1975-10-07,0.417887,0.696508,5.368572,1.51346
1975-10-08,0.005007,0.0,5.364572,1.270573
1975-10-09,0.0,0.0,5.662286,1.222218
1975-10-10,0.009343,0.0,5.038857,1.188314
1975-10-11,0.0,0.0,6.388952,1.137179
1975-10-12,0.0,0.0,6.142667,1.063813
1975-10-13,0.110422,0.0,4.867238,1.039358
1975-10-14,0.570573,0.701675,5.252191,1.039358
1975-10-15,3.974174,2.729505,4.968953,1.039358
1975-10-16,2.357641,1.906647,5.084,1.059367
1975-10-17,1.495519,1.737449,6.005333,1.047695
1975-10-18,0.004066,0.0,6.692762,1.035467
1975-10-19,0.058817,0.0,5.725524,0.992114
1975-10-20,0.026257,0.003994,4.090476,0.952652
1975-10-21,2.45295,0.732156,3.984762,0.911522
1975-10-22,6.728265,8.25693,3.300952,0.939312
1975-10-23,13.2658,11.470658,4.188,1.079376
1975-10-24,11.485219,16.881845,5.199048,3.399311
1975-10-25,0.05436,0.571576,4.957143,1.58905
1975-10-26,0.12894,0.0,2.868572,1.179977
1975-10-27,0.002119,0.0,3.567619,1.082155
1975-10-28,0.0,0.0,4.857333,1.001007
1975-10-29,2.056743,2.724481,4.511619,0.998228
1975-10-30,8.008101,8.986982,5.475238,1.173307
1975-10-31,0.251096,0.429834,5.79181,1.306145
1975-11-01,0.0,0.0,6.393714,1.062146
1975-11-02,0.0,0.0,6.562667,0.971549
1975-11-03,0.0,0.0,6.680191,0.918192
1975-11-04,0.0,0.0,6.238476,0.868169
1975-11-05,0.02224,0.0,6.153714,0.823705
1975-11-06,0.001812,0.0,6.853714,0.793691
1975-11-07,0.050759,0.033665,6.240381,0.749227
1975-11-08,0.286471,0.260106,5.196,0.688088
1975-11-09,0.576339,0.506971,5.349333,0.700872
1975-11-10,5.906438,0.912334,6.844572,0.719213
1975-11-11,0.011695,0.0,6.917333,0.694758
1975-11-12,0.000153,0.0,7.278476,0.581373
1975-11-13,0.0,0.0,6.494095,0.548025
1975-11-14,0.025439,0.0,5.892572,0.490221
1975-11-15,0.0,0.0,6.684952,0.489665
1975-11-16,0.016583,0.0,6.084952,0.489665
1975-11-17,4.949291,5.593068,5.794667,0.470768
1975-11-18,2.741815,4.848305,4.355238,0.459652
1975-11-19,20.138709,8.426825,4.856953,0.551916
1975-11-20,0.82545,0.39937,6.243619,0.761454
1975-11-21,0.006568,0.025518,6.268952,0.538576
1975-11-22,0.0,0.0,6.525333,0.42408
1975-11-23,0.0,0.0,6.264191,0.37906
1975-11-24,0.00332,0.0,6.209334,0.353493
1975-11-25,0.008951,0.0,5.651238,0.33793
1975-11-26,0.0,0.0,4.781333,0.314586
1975-11-27,0.000329,0.0,5.956381,0.300135
1975-11-28,5.324719,7.890977,6.096571,0.333484
1975-11-29,17.252409,29.319959,5.054286,0.524125
1975-11-30,4.048231,4.484554,4.798286,0.828151
1975-12-01,1.384518,2.887545,2.118857,0.664188
1975-12-02,4.486029,5.622461,5.718667,0.678084
1975-12-03,0.276877,0.835195,6.301333,0.631396
1975-12-04,0.001879,0.0,6.730095,0.472435
1975-12-05,3.01785,1.937497,6.144,0.423524
1975-12-06,1.231895,1.872285,4.868952,0.43075
1975-12-07,0.011739,0.065098,5.393524,0.45187
1975-12-08,0.490346,0.367419,2.109333,0.37906
1975-12-09,10.350984,6.650241,1.844952,0.402404
1975-12-10,10.811858,9.251176,1.833524,0.828151
1975-12-11,17.653674,14.895036,2.275048,0.709209
1975-12-12,81.094723,90.551238,1.989524,4.293047
1975-12-13,74.532742,70.857085,3.257714,37.703668
1975-12-14,15.845843,13.131184,6.93181,10.270187
1975-12-15,6.237922,6.239918,6.483238,6.017158
1975-12-16,0.0,0.0,6.977714,4.643205
1975-12-17,0.0,0.0,6.674286,3.592731
1975-12-18,0.0,0.0,5.834476,2.625628
1975-12-19,1.131034,0.014287,5.077524,1.869176
1975-12-20,11.821696,7.898825,2.118286,1.438982
1975-12-21,15.061447,24.222395,2.434095,12.675716
1975-12-22,4.504103,4.864304,3.722286,7.729041
1975-12-23,3.632439,3.72411,2.459429,5.519155
1975-12-24,3.874066,2.373833,5.823048,4.445894
1975-12-25,4.088862,1.471937,6.078476,3.870634
1975-12-26,11.791799,4.899572,2.902476,3.566608
1975-12-27,34.092783,15.79361,2.255048,3.500467
1975-12-28,86.817519,27.95141,2.631238,47.358578
1975-12-29,11.813235,6.284314,5.747429,29.626693
1975-12-30,11.556884,6.410448,3.662095,14.589912
1975-12-31,5.390729,2.163175,3.468,11.280642
1976-01-01,6.492667,6.600719,3.278857,9.726608
1976-01-02,0.574291,0.0,4.339619,8.3043
1976-01-03,0.0,0.0,2.462095,6.994265
1976-01-04,1.907072,2.428907,2.007619,5.795947
1976-01-05,4.441231,3.066448,2.132,4.779933
1976-01-06,0.45433,0.100361,2.221524,3.967345
1976-01-07,0.018685,0.0,2.240762,3.3265
1976-01-08,0.008101,0.020741,5.365333,2.922985
1976-01-09,0.000997,0.0,6.378667,2.714002
1976-01-10,0.000904,0.0,6.369333,2.554485
1976-01-11,0.000569,0.0,6.26,2.457775
1976-01-12,0.0,0.0,6.239619,2.3644
1976-01-13,0.003912,0.145115,4.118857,2.273247
1976-01-14,11.658566,6.813668,5.312381,2.188209
1976-01-15,16.649829,25.34314,6.172762,2.459442
1976-01-16,12.013276,7.085483,6.782476,2.365511
1976-01-17,2.751477,4.689659,2.958095,2.251015
1976-01-18,57.220141,61.71421,5.744953,5.078401
1976-01-19,0.025815,0.0,3.517333,3.960675
1976-01-20,0.014012,0.023014,3.224952,3.060269
1976-01-21,0.0,0.0,5.087048,2.677874
1976-01-22,0.0,0.0,4.220762,2.423871
1976-01-23,0.97718,0.856697,3.285143,2.240455
1976-01-24,0.005668,0.0,5.684381,2.067043
1976-01-25,0.0,0.0,5.330667,1.902525
1976-01-26,0.110314,0.121654,4.529143,1.775801
1976-01-27,21.58362,17.909438,3.766286,2.035362
1976-01-28,11.246914,8.773107,3.447619,1.924757
1976-01-29,64.332141,51.882858,2.611619,3.50547
1976-01-30,5.624745,11.639389,2.469524,6.835304
1976-01-31,6.546715,5.703397,5.617905,4.550385
1976-02-01,23.719619,48.090776,2.981524,3.989021
1976-02-02,35.47752,28.575393,2.321333,8.3043
1976-02-03,36.079407,35.943209,1.934476,12.466733
1976-02-04,51.656235,54.523989,2.193714,18.768463
1976-02-05,8.330502,6.569834,4.625524,38.940893
1976-02-06,3.767093,1.423189,5.493524,14.030216
1976-02-07,30.757777,22.752667,3.794667,9.408131
1976-02-08,9.853324,5.601839,2.19981,8.383225
1976-02-09,5.007108,1.502959,3.61981,7.885222
1976-02-10,24.387573,36.404916,4.320191,7.408896
1976-02-11,3.907353,1.749533,4.089333,6.946466
1976-02-12,4.969451,5.069258,4.376191,6.481812
1976-02-13,13.703728,7.675365,4.608,12.775205
1976-02-14,9.515363,6.577476,2.646667,9.630454
1976-02-15,13.686791,15.831979,3.482476,7.805186
1976-02-16,8.858529,5.142021,2.403429,6.351197
1976-02-17,28.971438,22.735423,3.780952,10.698713
1976-02-18,3.352,1.855422,4.920762,8.749501
1976-02-19,8.831944,18.2312,5.016381,6.6769
1976-02-20,7.992052,10.480342,6.159429,6.126652
1976-02-21,0.658198,0.540869,6.485905,5.878762
1976-02-22,0.0,0.0,5.975048,5.461907
1976-02-23,0.435541,0.345839,6.051429,5.357416
1976-02-24,1.38627,2.438439,2.491429,5.257927
1976-02-25,79.566114,79.051913,2.609905,18.044248
1976-02-26,19.616523,22.493257,4.701715,10.861564
1976-02-27,5.428032,5.642813,6.594095,7.282173
1976-02-28,0.0,0.0,5.213143,6.520162
1976-02-29,0.48708,3.486645,5.277143,6.361202
1976-03-01,6.865787,3.329077,5.821714,6.184455
1976-03-02,1.323739,5.119759,6.135238,12.327781
1976-03-03,2.033209,1.342407,3.896952,8.997391
1976-03-04,14.038616,7.925715,2.730857,8.394341
1976-03-05,32.545789,29.143046,5.405905,8.220373
1976-03-06,0.684245,0.668145,5.715048,7.976375
1976-03-07,33.36915,32.115207,5.591238,7.734599
1976-03-08,1.239593,0.158447,4.755048,7.496714
1976-03-09,16.069449,22.046239,5.006857,7.310519
1976-03-10,27.803291,20.116141,5.354095,10.304647
1976-03-11,3.736345,17.198782,4.31981,9.151905
1976-03-12,25.54388,15.79659,4.613714,8.580536
1976-03-13,3.643413,6.42602,6.195429,8.960707
1976-03-14,0.014455,0.0,6.232191,7.236597
1976-03-15,0.001533,0.0,5.156381,6.173339
1976-03-16,0.192807,0.0293,6.441524,5.650881
1976-03-17,0.068921,0.0,6.276762,5.306837
1976-03-18,0.267141,0.258441,5.909524,4.896097
1976-03-19,1.010041,2.87271,5.705905,4.61208
1976-03-20,4.172327,2.130409,6.172953,4.406431
1976-03-21,0.069464,0.197675,6.17181,4.246915
1976-03-22,1.193531,1.397279,5.214095,4.005139
1976-03-23,69.291388,86.409333,2.63181,6.507379
1976-03-24,9.679985,5.990429,2.876952,7.668458
1976-03-25,8.470186,5.326044,2.692952,5.162328
1976-03-26,9.363977,9.446978,4.305905,8.030844
1976-03-27,4.660333,2.843951,3.216381,6.421785
1976-03-28,14.646566,28.847386,2.309714,11.140579
1976-03-29,4.124089,5.073318,3.637905,7.347758
1976-03-30,5.50609,12.227192,3.786667,9.8072
1976-03-31,3.622137,1.903175,4.362857,6.343416
1976-04-01,0.122919,0.0,4.725333,6.875323
1976-04-02,0.644944,0.103774,5.218095,5.594189
1976-04-03,0.0,0.0,4.672953,5.283494
1976-04-04,2.749362,0.582082,4.566857,4.990028
1976-04-05,6.883545,4.407165,4.204953,4.704899
1976-04-06,1.488651,0.363427,3.220191,4.428108
1976-04-07,17.991196,17.657856,3.391238,4.204118
1976-04-08,2.495182,1.612918,3.622667,7.34609
1976-04-09,1.516012,1.423943,2.110286,5.852639
1976-04-10,2.90236,1.048365,1.504191,5.211795
1976-04-11,119.620039,101.682837,1.85581,4.739359
1976-04-12,66.694937,47.577868,1.65581,22.55128
1976-04-13,14.49707,8.303938,1.783238,20.900536
1976-04-14,8.945619,6.575343,2.368571,9.674918
1976-04-15,0.254113,0.0,5.113524,7.247713
1976-04-16,0.000125,0.0,4.867429,6.502932
1976-04-17,0.146795,0.119592,5.058476,6.067736
1976-04-18,0.717214,0.070845,4.092381,5.688676
1976-04-19,0.611151,0.300125,4.824,5.383539
1976-04-20,0.01224,0.003614,4.594667,5.087294
1976-04-21,0.148467,0.0,4.644,4.799386
1976-04-22,2.491542,0.547936,4.724191,4.519816
1976-04-23,0.064981,0.0,3.757714,4.248582
1976-04-24,0.006231,5.964551,2.928,3.985686
1976-04-25,13.825169,6.310201,3.153714,4.223015
1976-04-26,6.055839,2.762208,2.764952,8.19036
1976-04-27,4.947241,2.949276,1.431048,6.240036
1976-04-28,1.341014,0.968494,3.308571,5.589187
1976-04-29,0.320329,0.485471,3.936191,5.320733
1976-04-30,0.000125,0.0,4.44781,5.086182
1976-05-01,0.0,0.0,3.270667,4.799386
1976-05-02,5.521261,1.914957,3.034667,4.554832
1976-05-03,1.885234,1.14225,3.305333,4.336956
1976-05-04,5.601652,5.092928,3.012571,4.105184
1976-05-05,2.208743,2.408502,1.54819,3.89898
1976-05-06,8.707548,8.76909,3.058667,3.648312
1976-05-07,3.777764,3.868904,3.640381,3.665542
1976-05-08,0.00966,0.0,3.557714,6.04606
1976-05-09,0.006248,0.0,3.693905,5.055613
1976-05-10,0.215945,0.491737,3.029524,4.706011
1976-05-11,0.023813,0.0,3.916381,4.463124
1976-05-12,0.017122,0.003614,3.026857,4.247471
1976-05-13,0.468302,0.0,2.356,3.985686
1976-05-14,0.001347,0.0,2.944952,3.763364
1976-05-15,0.877688,0.0,2.521333,3.596622
1976-05-16,1.380874,0.319959,3.412572,3.434882
1976-05-17,1.249033,0.393659,3.812571,3.248687
1976-05-18,0.347096,0.460305,4.122857,3.028588
1976-05-19,0.004016,0.0,3.858857,2.816826
1976-05-20,0.039849,0.0,3.333524,2.652307
1976-05-21,0.0,0.0,3.686095,2.517246
1976-05-22,0.0,0.0,3.80381,2.330495
1976-05-23,0.000404,0.0,3.159429,2.18543
1976-05-24,0.0,0.0,3.590095,2.065932
1976-05-25,0.0,0.0,3.243619,1.909194
1976-05-26,8.000865,4.738579,3.273524,1.805814
1976-05-27,0.579937,1.006392,3.069143,1.976447
1976-05-28,0.105895,0.0,1.584952,1.853614
1976-05-29,0.017104,0.0,1.302667,1.804703
1976-05-30,3.449111,2.667967,1.415619,1.774689
1976-05-31,5.203633,5.836523,2.032191,1.728557
1976-06-01,4.823194,1.588942,1.983429,1.699655
1976-06-02,3.430037,0.778962,1.911429,1.655191
1976-06-03,1.912173,1.28756,3.280762,1.626845
1976-06-04,0.745344,0.635378,2.785333,1.583492
1976-06-05,0.099061,0.003614,2.842095,1.555702
1976-06-06,0.163428,0.155385,2.468381,1.487337
1976-06-07,7.086509,1.358234,2.92419,1.445652
1976-06-08,0.247623,0.165857,3.513143,1.445652
1976-06-09,0.003497,0.0,2.676,1.420085
1976-06-10,0.0,0.0,2.156381,1.380067
1976-06-11,0.744868,0.001712,2.554667,1.379511
1976-06-12,3.779981,1.511001,1.601143,1.379511
1976-06-13,13.970631,4.852173,2.426286,1.355055
1976-06-14,18.477007,13.385066,3.113143,1.316149
1976-06-15,0.000251,0.003614,2.62781,1.292249
1976-06-16,0.0,0.0,2.178667,1.254455
1976-06-17,0.312989,0.330238,1.889714,1.253899
1976-06-18,0.0,0.0,2.166095,1.231111
1976-06-19,0.0,0.0,2.568952,1.194427
1976-06-20,0.0,0.0,2.119619,1.194427
1976-06-21,4.116414,2.819763,2.302667,1.171639
1976-06-22,0.0,0.0,2.383619,1.136624
1976-06-23,0.0,0.0,2.331048,1.136068
1976-06-24,0.0,0.0,2.821333,1.136068
1976-06-25,0.0,0.0,2.103619,1.136068
1976-06-26,2.216709,2.673333,2.091048,1.114391
1976-06-27,0.004539,0.0,2.979238,1.080487
1976-06-28,0.000125,0.0,2.232571,1.080487
1976-06-29,0.004115,0.0,3.053333,1.080487
1976-06-30,0.005432,0.0,3.196762,1.059367
1976-07-01,0.0,0.0,2.981714,1.026574
1976-07-02,0.0,0.0,2.642667,1.006009
1976-07-03,0.020833,0.0,2.854667,0.974328
1976-07-04,0.0,0.0,3.352,0.973772
1976-07-05,0.0,0.0,3.110667,0.973772
1976-07-06,0.000136,0.0,2.931048,0.973772
1976-07-07,0.003298,0.0,2.644952,0.954319
1976-07-08,0.002128,0.0,2.340381,0.92375
1976-07-09,0.0,0.0,1.601905,0.904297
1976-07-10,0.0,0.0,2.21581,0.874839
1976-07-11,5.307653,3.194264,2.068952,0.874283
1976-07-12,3.189003,2.566089,1.7,0.93431
1976-07-13,0.261862,0.174287,1.489905,1.697432
1976-07-14,1.846784,0.959175,2.369905,1.421196
1976-07-15,0.022561,0.005326,1.710857,1.355611
1976-07-16,0.022156,0.0,2.042286,1.316149
1976-07-17,0.016265,0.0,1.734286,1.292249
1976-07-18,0.272565,0.140353,1.298667,1.254455
1976-07-19,0.016014,0.0,2.392952,1.231111
1976-07-20,0.020353,0.0,2.738857,1.194427
1976-07-21,0.0,0.0,3.283048,1.171639
1976-07-22,0.032394,0.0,2.909143,1.136624
1976-07-23,1.817777,0.555931,2.381143,1.136068
1976-07-24,2.397342,0.616144,2.853524,1.136068
1976-07-25,0.0,0.0,3.407238,1.114391
1976-07-26,0.004557,0.0,2.78,1.059922
1976-07-27,0.0,0.0,3.368,1.026574
1976-07-28,0.0,0.0,3.718476,1.006009
1976-07-29,0.0,0.0,4.060381,0.954875
1976-07-30,0.000597,0.0,3.541714,0.92375
1976-07-31,0.0,0.0,3.916,0.904297
1976-08-01,0.000236,0.0,2.871429,0.874839
1976-08-02,0.025004,0.04831,2.809905,0.874283
1976-08-03,0.000125,0.0,3.149714,0.855942
1976-08-04,0.0,0.0,3.797143,0.827595
1976-08-05,0.000136,0.0,3.828952,0.82704
1976-08-06,0.0,0.0,3.560191,0.82704
1976-08-07,0.0,0.0,3.573714,0.80981
1976-08-08,0.0,0.0,3.067238,0.765345
1976-08-09,0.0,0.0,2.695238,0.738666
1976-08-10,0.0,0.0,2.723619,0.738111
1976-08-11,0.0,0.0,2.16819,0.721992
1976-08-12,0.0,0.0,3.135048,0.680863
1976-08-13,0.0,0.0,3.395238,0.655851
1976-08-14,0.0,0.0,3.292952,0.640289
1976-08-15,0.0,0.0,3.345333,0.616945
1976-08-16,3.5e-05,0.0,3.952,0.601938
1976-08-17,0.000593,0.0,3.444381,0.579706
1976-08-18,0.00127,0.0,4.052952,0.57915
1976-08-19,0.000389,0.0,4.392572,0.565255
1976-08-20,0.000177,0.0,3.791048,0.543578
1976-08-21,1.915584,2.838263,2.805905,0.543578
1976-08-22,2.923932,2.765279,3.588,0.543578
1976-08-23,0.665781,0.566061,4.24,0.543578
1976-08-24,0.000404,0.0,4.757333,0.543578
1976-08-25,0.0,0.0,4.569524,0.530239
1976-08-26,3.5e-05,0.0,3.440572,0.509118
1976-08-27,0.000837,0.0,3.012952,0.509118
1976-08-28,0.057772,0.0,2.09981,0.509118
1976-08-29,0.05888,0.0,3.259048,0.509118
1976-08-30,0.000937,0.0,3.932571,0.509118
1976-08-31,0.016715,0.0,4.220381,0.509118
1976-09-01,0.056455,0.0,3.953905,0.509118
1976-09-02,0.005301,0.0,4.444953,0.496335
1976-09-03,0.0,0.0,4.586095,0.476326
1976-09-04,0.0,0.0,4.873905,0.476326
1976-09-05,0.0,0.0,4.636191,0.476326
1976-09-06,0.0,0.0,3.419238,0.476326
1976-09-07,0.0,0.0,3.474667,0.464098
1976-09-08,8.4e-05,0.0,5.485143,0.444645
1976-09-09,0.0,0.0,5.260381,0.444645
1976-09-10,0.0,0.0,1.285905,0.444645
1976-09-11,0.0,0.0,3.487238,0.418522
1976-09-12,0.0,0.0,4.248953,0.377948
1976-09-13,0.0,0.0,5.047238,0.354604
1976-09-14,0.0,0.0,4.852572,0.319589
1976-09-15,0.0,0.0,5.109333,0.319589
1976-09-16,0.001399,0.0,5.144952,0.319589
1976-09-17,0.0,0.0,4.181333,0.319589
1976-09-18,2.122227,0.392285,4.598667,0.319589
1976-09-19,0.0,0.0,4.556952,0.29958
1976-09-20,6.7e-05,0.0,4.583429,0.269566
1976-09-21,1.160285,1.239185,4.821334,0.26901
1976-09-22,0.961337,0.863172,4.928762,0.26901
1976-09-23,0.0,0.0,5.291048,0.26901
1976-09-24,0.0,0.0,5.117334,0.25178
1976-09-25,0.000335,0.0,4.857524,0.226213
1976-09-26,0.0,0.0,5.588952,0.225657
1976-09-27,0.0,0.0,5.202476,0.225657
1976-09-28,0.01051,0.0,5.675048,0.225657
1976-09-29,1.080458,0.519195,4.395619,0.225657
1976-09-30,1.665314,0.4863,3.229524,0.225657
1976-10-01,2.972171,6.744569,4.103238,0.211206
1976-10-02,0.308023,0.413827,4.896572,0.188418
1976-10-03,0.168986,0.457469,4.830095,0.188418
1976-10-04,1.112909,0.724632,4.500953,0.188418
1976-10-05,0.141855,0.074038,4.723619,0.188418
1976-10-06,0.0,0.0,5.262286,0.175635
1976-10-07,0.0,0.0,4.898286,0.156737
1976-10-08,0.0,0.0,5.281333,0.156737
1976-10-09,0.0,0.0,4.680953,0.156737
1976-10-10,0.0001,0.0,4.230857,0.156737
1976-10-11,0.0,0.0,6.026667,0.156737
1976-10-12,0.0,0.0,5.816381,0.156737
1976-10-13,1.693158,2.263927,4.3,0.156737
1976-10-14,0.737939,0.0,5.532381,0.156737
1976-10-15,0.512766,0.949461,5.566476,0.156737
1976-10-16,0.041038,0.0,2.695238,0.145621
1976-10-17,0.0,0.0,1.820762,0.129503
1976-10-18,0.0,0.0,2.070286,0.129503
1976-10-19,0.000954,0.0,5.323619,0.129503
1976-10-20,0.0,0.0,4.968953,0.129503
1976-10-21,1.644081,2.187556,4.036952,0.129503
1976-10-22,8.402563,5.841507,3.916762,0.129503
1976-10-23,23.144449,26.543025,5.22781,0.120054
1976-10-24,4.246483,13.057101,6.39181,0.106159
1976-10-25,0.0,0.0,5.617334,0.106159
1976-10-26,0.005026,0.0,5.259619,0.106159
1976-10-27,0.061646,0.0,6.140953,0.106159
1976-10-28,0.000368,0.0,5.457714,0.106159
1976-10-29,0.006961,0.0,4.915238,0.106159
1976-10-30,0.002015,0.0,5.977143,0.098378
1976-10-31,0.006308,0.0,4.167429,0.086706
1976-11-01,0.013,0.0,4.710667,0.086706
1976-11-02,0.044808,0.089624,4.745334,0.086706
1976-11-03,0.841492,0.350577,5.467238,0.086706
1976-11-04,1.567835,0.847363,5.668571,0.086706
1976-11-05,0.00324,0.0,5.947619,0.086706
1976-11-06,0.0,0.0,4.910095,0.086706
1976-11-07,2.734818,1.064711,5.000381,0.086706
1976-11-08,2.854343,7.716011,5.553905,0.086706
1976-11-09,4.262102,18.762042,4.887048,0.086706
1976-11-10,4.703637,4.696715,6.188952,0.086706
1976-11-11,1.185206,1.314997,7.186476,0.086706
1976-11-12,0.000472,0.0,6.789714,0.086706
1976-11-13,0.019245,0.041653,6.533714,0.080036
1976-11-14,0.0,0.0,6.073143,0.070587
1976-11-15,0.000993,0.0,5.449714,0.070587
1976-11-16,0.005329,0.0,5.712381,0.070587
1976-11-17,0.001122,0.0,6.737333,0.070587
1976-11-18,10.194412,7.280913,6.454667,0.070587
1976-11-19,2.276244,1.951782,4.536762,0.070587
1976-11-20,24.809541,27.105087,5.193333,0.3207
1976-11-21,9.258685,18.222829,5.85981,1.34783
1976-11-22,4.735634,6.227181,5.293905,0.884288
1976-11-23,0.0,0.0,5.947238,0.659742
1976-11-24,2.711423,7.963966,5.217714,0.616945
1976-11-25,5.648666,11.178016,6.25981,0.616389
1976-11-26,0.019872,0.0,6.747048,0.37906
1976-11-27,2.106914,1.291959,5.547429,0.252892
1976-11-28,5.029498,4.784908,5.807619,0.24789
1976-11-29,6.353737,5.857087,5.475429,0.344044
1976-11-30,2.095277,0.64949,5.811619,0.414076
1976-12-01,0.389877,0.086252,5.581714,0.276236
1976-12-02,0.002757,0.0,6.547429,0.227881
1976-12-03,0.009794,0.0,6.688762,0.20009
1976-12-04,0.052171,0.0,6.171048,0.181193
1976-12-05,0.010225,0.0,6.325714,0.161184
1976-12-06,7.8e-05,0.0,7.346476,0.170077
1976-12-07,1.980272,1.964178,6.437524,0.156737
1976-12-08,0.99873,0.063944,6.653905,0.165074
1976-12-09,0.000368,0.0,6.576952,0.14451
1976-12-10,0.341946,0.079234,5.949143,0.128391
1976-12-11,0.0,0.0,6.139238,0.135061
1976-12-12,0.849092,0.093679,3.754286,0.127835
1976-12-13,5.55617,2.715384,4.768,0.125056
1976-12-14,1.857816,2.056316,5.285143,0.304026
1976-12-15,7.584661,4.147408,6.085143,0.308472
1976-12-16,2.872055,3.177626,5.686095,0.205092
1976-12-17,0.563558,0.366044,4.024762,0.214541
1976-12-18,5.243642,5.374812,2.544381,0.325702
1976-12-19,12.677476,11.243953,1.931048,0.318477
1976-12-20,83.598525,60.312126,2.479048,1.430645
1976-12-21,13.960668,7.5885,4.798095,4.934447
1976-12-22,10.419767,12.519926,7.071048,2.87852
1976-12-23,0.009111,0.0,7.156,1.348386
1976-12-24,0.0,0.0,6.270476,0.686976
1976-12-25,0.925484,0.010469,6.214286,0.554695
1976-12-26,3.027753,2.81935,5.305143,0.499114
1976-12-27,5.832225,7.365055,6.648762,0.481884
1976-12-28,0.072433,0.020741,5.824952,0.515232
1976-12-29,0.041544,0.013884,6.060381,0.441866
1976-12-30,0.00162,0.073678,4.865333,0.341265
1976-12-31,0.007387,0.0,6.206095,0.455761
1977-01-01,0.0,0.0,6.373333,0.459652
1977-01-02,0.002792,0.0,7.103619,0.293466
1977-01-03,0.002613,0.0,6.468571,0.294021
1977-01-04,0.002658,0.0,6.149333,0.252336
1977-01-05,1.830698,0.861117,5.846095,0.264008
1977-01-06,0.294479,0.016557,6.185714,0.3207
1977-01-07,5.804343,5.032855,3.251238,0.347379
1977-01-08,31.987349,23.33535,5.883619,1.492895
1977-01-09,0.120675,0.0,6.065905,1.011011
1977-01-10,0.289851,5.824302,5.42,0.491888
1977-01-11,0.069678,0.0,7.225143,0.396846
1977-01-12,0.0,0.0,6.785714,0.328481
1977-01-13,0.0,0.0,6.381143,0.243443
1977-01-14,0.056804,0.0,6.468953,0.225657
1977-01-15,0.172613,0.0,6.502667,0.202869
1977-01-16,2.221966,1.665476,6.127048,0.206204
1977-01-17,0.0,0.0,6.273143,0.260673
1977-01-18,0.097963,0.0,6.62381,0.26901
1977-01-19,0.362909,0.016737,5.334476,0.26901
1977-01-20,2.298612,2.034777,3.878857,0.218432
1977-01-21,36.301771,37.338074,2.86819,2.492791
1977-01-22,19.347747,16.679017,3.194857,3.085836
1977-01-23,5.350787,8.219388,3.876,1.332823
1977-01-24,19.479226,14.205658,2.884381,1.726334
1977-01-25,15.343462,14.729825,4.717143,2.309375
1977-01-26,0.352128,0.345463,5.340572,2.284919
1977-01-27,8.734745,6.539407,3.089714,0.96877
1977-01-28,5.419328,4.57612,4.336,1.451766
1977-01-29,3.969165,3.714653,4.62781,0.969326
1977-01-30,1.976131,0.08666,3.137333,0.743113
1977-01-31,70.636548,62.59142,2.183238,1.25501
1977-02-01,60.778919,57.132919,4.788,32.282891
1977-02-02,0.299702,1.298252,5.016381,7.356095
1977-02-03,0.092364,0.172907,5.31181,3.365962
1977-02-04,2.487582,1.944306,4.566286,2.477784
1977-02-05,8.802571,8.802632,4.146095,2.236008
1977-02-06,59.864587,49.384553,2.293143,2.313821
1977-02-07,176.181079,163.595192,1.850095,51.740554
1977-02-08,65.751806,49.224153,1.881905,68.736551
1977-02-09,34.583344,20.011769,1.845524,28.889138
1977-02-10,8.376207,0.152161,1.637524,17.061027
1977-02-11,15.527904,13.043561,2.603238,12.023199
1977-02-12,4.357178,1.172158,2.622857,8.697255
1977-02-13,25.872725,12.332324,2.2,7.116542
1977-02-14,116.198785,101.245646,2.321905,11.641361
1977-02-15,10.74167,3.497521,3.840191,40.457132
1977-02-16,8.602059,7.561451,3.326286,19.01802
1977-02-17,17.162861,15.984555,4.578857,15.30857
1977-02-18,8.280117,2.057344,3.829714,11.55132
1977-02-19,18.893629,28.82527,5.711619,10.107335
1977-02-20,1.354312,0.533502,6.022095,9.961714
1977-02-21,4.924712,1.369855,5.048,8.474377
1977-02-22,9.47542,4.5447,4.653143,7.666791
1977-02-23,2.913687,1.583002,2.907048,7.309963
1977-02-24,29.017433,28.750043,5.015429,7.69069
1977-02-25,5.252762,3.280499,6.000762,6.537948
1977-02-26,3.107855,7.610487,5.687048,6.033832
1977-02-27,4.743378,2.18282,5.701714,5.41522
1977-02-28,20.727275,21.609657,4.823238,4.626531
1977-03-01,18.644098,40.938373,5.632762,4.034041
1977-03-02,11.932052,9.574769,2.923238,6.334523
1977-03-03,4.388888,2.218037,2.439429,6.306177
1977-03-04,49.267111,60.232896,2.196191,5.598636
1977-03-05,97.897978,119.001683,1.850095,4.848853
1977-03-06,115.569983,111.019929,1.307429,4.763815
1977-03-07,136.780206,120.529141,1.456952,52.013454
1977-03-08,163.807701,161.030013,1.383619,28.669039
1977-03-09,48.367381,37.808125,1.793143,22.9409
1977-03-10,12.614712,27.956496,3.538095,23.120981
1977-03-11,0.0,0.0,4.286286,25.213036
1977-03-12,0.005004,0.0,5.322476,18.750122
1977-03-13,0.566337,1.163592,5.540381,14.753319
1977-03-14,23.907327,33.649091,3.605905,11.426264
1977-03-15,7.165266,7.659396,4.972762,18.375508
1977-03-16,3.355573,5.176931,5.072381,14.758877
1977-03-17,0.229927,0.537857,5.908952,10.777638
1977-03-18,0.0,0.0,4.394857,8.254278
1977-03-19,0.350045,0.0,6.126286,6.701911
1977-03-20,0.000426,0.0,5.256381,5.82207
1977-03-21,0.031858,0.0,5.78781,5.38465
1977-03-22,0.00495,0.0,5.177524,5.050055
1977-03-23,0.0,0.0,5.687429,4.741583
1977-03-24,0.0,0.0,4.667619,4.55372
1977-03-25,1.110701,0.0,5.744381,4.371416
1977-03-26,0.357186,0.0,5.675429,4.22635
1977-03-27,0.002725,0.0,5.624952,4.137421
1977-03-28,0.00152,0.0,5.066857,4.082952
1977-03-29,0.018441,0.0,4.558476,4.049048
1977-03-30,0.119174,0.0,5.5,3.963454
1977-03-31,0.000218,0.0,5.715048,3.87786
1977-04-01,0.004154,0.0,5.430667,3.793377
1977-04-02,4.793166,5.085339,5.058667,3.710006
1977-04-03,10.009427,15.742776,5.364,3.658872
1977-04-04,7.202431,16.23349,3.84,3.626635
1977-04-05,50.642504,50.356535,4.034095,3.545488
1977-04-06,45.446806,50.768166,2.722667,3.613296
1977-04-07,34.765891,38.107996,1.8,14.711634
1977-04-08,17.441194,16.899508,2.90381,8.740608
1977-04-09,7.544857,6.263615,3.09981,6.707469
1977-04-10,39.401732,45.693714,1.708952,5.88432
1977-04-11,30.696862,32.246435,2.004762,16.773675
1977-04-12,43.338369,26.781862,1.363429,9.045746
1977-04-13,14.965259,9.146613,1.527619,6.906448
1977-04-14,40.323261,27.041826,1.614667,6.207243
1977-04-15,4.13816,2.641684,2.360191,18.038134
1977-04-16,0.011276,0.022663,2.144952,9.418136
1977-04-17,3.595789,3.489665,2.156762,7.231038
1977-04-18,2.631998,1.640315,2.433143,6.28728
1977-04-19,17.41308,17.138782,2.949524,9.915582
1977-04-20,0.132271,0.390054,3.059048,10.690932
1977-04-21,1.541297,1.831596,3.132191,6.473475
1977-04-22,6.15543,5.244522,3.436191,6.428454
1977-04-23,3.802122,1.554285,4.236572,6.152219
1977-04-24,0.84705,3.906869,3.98019,5.239029
1977-04-25,3.02447,1.476905,3.235048,4.635424
1977-04-26,6.154993,1.579187,3.504952,4.503698
1977-04-27,8.339304,3.922295,2.805333,5.031713
1977-04-28,12.274857,16.859192,2.446095,5.174
1977-04-29,6.958317,4.872325,2.341524,5.506928
1977-04-30,9.074777,6.324937,2.576762,5.390764
1977-05-01,4.12322,0.679595,2.6,4.603187
1977-05-02,0.185567,0.0,4.142857,4.241913
1977-05-03,0.657072,0.0,3.288381,4.000693
1977-05-04,30.032452,38.338097,2.867048,3.93344
1977-05-05,69.803689,81.44054,2.971429,26.707043
1977-05-06,4.554513,4.92417,3.374667,23.833525
1977-05-07,1.046423,1.315328,3.108572,12.238852
1977-05-08,0.056388,0.0,3.876762,8.845655
1977-05-09,0.04207,0.020741,4.198476,7.372769
1977-05-10,0.02234,0.0,3.171238,6.548508
1977-05-11,1.668443,2.394962,4.015619,5.755373
1977-05-12,0.063717,0.029512,3.638286,4.947787
1977-05-13,0.390558,0.690215,3.645714,4.623196
1977-05-14,3.570675,4.81674,2.686095,4.338623
1977-05-15,56.999373,51.964106,0.853333,4.089066
1977-05-16,114.436758,87.810255,2.908762,9.949487
1977-05-17,1.409239,1.581273,3.618286,9.669916
1977-05-18,0.0,0.0,3.4,8.08698
1977-05-19,0.0,0.0,3.273333,7.573415
1977-05-20,0.0,0.0,3.321524,7.263831
1977-05-21,0.001257,0.0,3.309524,7.03206
1977-05-22,0.000818,0.0,3.075048,6.805291
1977-05-23,0.009338,0.0,3.343048,6.582413
1977-05-24,0.343733,0.280536,2.791238,6.362869
1977-05-25,2.690052,3.023233,2.208381,6.106643
1977-05-26,4.9376,6.881291,2.637143,5.830963
1977-05-27,8.178333,8.316124,1.758857,5.623647
1977-05-28,2.613934,16.694378,1.682667,5.420778
1977-05-29,0.185381,0.0,1.126667,5.221799
1977-05-30,0.539137,0.0,1.313714,5.026155
1977-05-31,0.081538,0.0,1.583238,4.834402
1977-06-01,0.0,0.0,1.930667,4.64654
1977-06-02,0.0,0.0,1.109524,4.497028
1977-06-03,0.0,0.0,1.801524,4.37086
1977-06-04,0.0,0.0,1.623619,4.22635
1977-06-05,0.000493,0.0,1.162476,4.137421
1977-06-06,0.066804,0.0,1.940191,4.016811
1977-06-07,8.848491,1.413689,2.152191,3.846735
1977-06-08,1.891856,0.359398,1.975619,3.711118
1977-06-09,0.73122,0.0,3.408381,3.596066
1977-06-10,0.186669,0.039003,2.68419,3.464896
1977-06-11,0.0,0.0,2.016571,3.349288
1977-06-12,0.014234,0.0,2.323619,3.179211
1977-06-13,0.003287,0.0,0.924191,3.06805
1977-06-14,1.693756,0.329441,2.368381,2.91965
1977-06-15,4.32566,0.70032,3.321524,2.751796
1977-06-16,0.163735,0.003614,3.325143,2.65064
1977-06-17,1.258142,0.444727,2.383619,2.552818
1977-06-18,0.759332,0.315142,3.253143,2.457219
1977-06-19,0.0,0.0,3.184762,2.3644
1977-06-20,0.0,0.0,2.143619,2.273247
1977-06-21,0.0,0.0,3.192,2.187653
1977-06-22,1.953216,0.228285,1.622857,2.097613
1977-06-23,4.037699,0.62703,2.346286,2.18543
1977-06-24,0.10756,0.0,2.227048,2.200992
1977-06-25,0.0,0.0,2.737524,2.038697
1977-06-26,0.0,0.0,2.716,1.880292
1977-06-27,0.0,0.0,1.916,1.756903
1977-06-28,0.0,0.0,2.468,1.681314
1977-06-29,0.000279,0.0,2.451238,1.608503
1977-06-30,0.0,0.0,1.619048,1.581824
1977-07-01,0.0,0.0,2.844952,1.534581
1977-07-02,0.0,0.0,2.559619,1.466217
1977-07-03,0.0,0.0,1.441524,1.445652
1977-07-04,0.103318,0.0,1.683238,1.443429
1977-07-05,0.391696,0.005326,1.962095,1.397297
1977-07-06,0.042643,0.0,1.752952,1.379511
1977-07-07,0.234518,0.045871,1.913143,1.379511
1977-07-08,10.517372,2.975751,1.289524,1.479
1977-07-09,5.695149,1.968896,1.329905,1.533469
1977-07-10,5.152952,1.110643,1.907048,1.432868
1977-07-11,0.638348,0.493518,2.165333,1.38229
1977-07-12,0.231704,0.015596,1.211619,1.362281
1977-07-13,1.229643,0.663345,2.409143,1.3545
1977-07-14,0.0,0.0,3.349905,1.314482
1977-07-15,0.000251,0.0,3.209714,1.217771
1977-07-16,0.000167,0.0,3.195238,1.224997
1977-07-17,8.4e-05,0.0,2.588953,1.202209
1977-07-18,0.0,0.0,3.620762,1.194427
1977-07-19,0.56774,0.014269,2.891429,1.194427
1977-07-20,0.600073,0.610058,3.198667,1.194427
1977-07-21,1.108298,0.734251,3.264952,1.194427
1977-07-22,0.759507,0.413302,3.535048,1.184423
1977-07-23,0.406034,0.016557,3.18781,1.122728
1977-07-24,0.020186,0.02418,3.62819,1.212769
1977-07-25,0.115446,0.020741,3.626667,1.109945
1977-07-26,0.151533,0.156675,2.643238,1.080487
1977-07-27,0.0,0.0,3.066286,1.079931
1977-07-28,0.0,0.0,2.955619,1.052141
1977-07-29,0.0,0.0,2.957333,1.026574
1977-07-30,0.0,0.0,2.565905,1.026574
1977-07-31,0.0,0.0,2.928952,1.039358
1977-08-01,0.0,0.0,3.156952,1.047139
1977-08-02,0.0,0.0,3.957524,0.962101
1977-08-03,0.000234,0.0,3.327619,0.925973
1977-08-04,4.873849,5.913864,3.249714,1.011567
1977-08-05,5.196006,8.240716,3.456381,1.157188
1977-08-06,0.011886,0.0,4.044,1.037134
1977-08-07,0.0,0.0,4.194095,0.971549
1977-08-08,0.000153,0.0,4.461714,0.907632
1977-08-09,0.0,0.0,3.694476,0.837044
1977-08-10,1.028685,1.051341,3.470286,0.839823
1977-08-11,0.377643,0.70184,2.898857,0.82704
1977-08-12,0.034784,0.0,3.438857,0.799249
1977-08-13,0.0,0.0,4.51981,0.781464
1977-08-14,0.0,0.0,3.27181,0.753673
1977-08-15,0.013439,0.003614,3.322095,0.738111
1977-08-16,0.000125,0.0,3.944,0.738111
1977-08-17,0.172863,0.219931,4.316191,0.738111
1977-08-18,0.007852,0.0,4.375238,0.738111
1977-08-19,0.000597,0.0,4.416572,0.738111
1977-08-20,0.0,0.0,4.334857,0.736443
1977-08-21,0.0,0.0,4.444952,0.706985
1977-08-22,0.00138,0.0,4.772572,0.696425
1977-08-23,0.00138,0.0,4.42381,0.693646
1977-08-24,0.012437,0.003614,3.716191,0.664188
1977-08-25,0.385616,0.520947,3.288762,0.655851
1977-08-26,0.23351,0.005326,3.223619,0.652516
1977-08-27,0.047338,0.013884,3.099619,0.623615
1977-08-28,0.553108,0.746626,2.983238,0.616945
1977-08-29,1.920538,1.810418,3.511048,0.617501
1977-08-30,2.984477,1.887011,2.806857,0.653072
1977-08-31,4.594585,4.464727,3.245333,0.655851
1977-09-01,6.24755,7.343317,3.313714,0.659186
1977-09-02,0.637818,0.861492,4.383619,0.819814
1977-09-03,0.0,0.0,4.503048,0.679195
1977-09-04,0.0,0.0,4.879048,0.620836
1977-09-05,0.090632,0.105595,5.042286,0.616945
1977-09-06,0.022757,0.0,2.769905,0.616945
1977-09-07,0.000225,0.0,2.066286,0.71032
1977-09-08,0.000499,0.0,1.992571,0.738111
1977-09-09,0.348672,0.316129,3.883429,0.738111
1977-09-10,0.415701,0.0,3.215048,0.782575
1977-09-11,0.000815,0.0,2.142857,0.742001
1977-09-12,0.0,0.0,3.880762,0.673637
1977-09-13,0.0,0.0,4.205333,0.620836
1977-09-14,0.0,0.0,2.352952,0.582485
1977-09-15,0.00138,0.0,2.426857,0.549137
1977-09-16,0.002173,0.0,2.288,0.539688
1977-09-17,0.0,0.0,4.350476,0.508563
1977-09-18,0.0,0.0,5.069905,0.520235
1977-09-19,0.000404,0.0,4.833714,0.540244
1977-09-20,0.0,0.0,5.296953,0.502449
1977-09-21,1.321713,0.165686,3.983048,0.508007
1977-09-22,8.253666,10.185297,3.314286,0.522458
1977-09-23,5.430709,6.306079,3.566286,0.546913
1977-09-24,0.964602,0.735014,3.458476,0.599159
1977-09-25,1.962671,4.335377,3.514667,0.613054
1977-09-26,15.81127,12.792145,3.581714,0.709209
1977-09-27,8.6499,7.4769,4.358667,1.311703
1977-09-28,1.485264,1.836135,4.731429,0.761454
1977-09-29,0.716888,0.787197,5.287619,0.618612
1977-09-30,0.0,0.0,5.970286,0.574704
1977-10-01,0.0,0.0,5.677143,0.545802
1977-10-02,0.0,0.0,4.809905,0.564699
1977-10-03,0.271825,0.386031,4.653905,0.535797
1977-10-04,0.375817,0.074648,5.331238,0.498558
1977-10-05,0.0,0.0,5.940762,0.476326
1977-10-06,1.7e-05,0.0,4.777334,0.462987
1977-10-07,0.0,0.0,5.35219,0.415187
1977-10-08,0.004654,0.0,5.248762,0.391288
1977-10-09,7.911289,13.475585,5.237905,0.444645
1977-10-10,0.06939,0.0,5.262667,0.494668
1977-10-11,0.00202,0.0,5.166857,0.430194
1977-10-12,0.379665,0.0,4.483238,0.373502
1977-10-13,4.484103,6.351549,4.820191,0.330705
1977-10-14,12.665597,10.227999,4.337143,0.367944
1977-10-15,6.597742,10.655353,4.272953,0.891513
1977-10-16,1.098025,0.416885,3.848952,0.65474
1977-10-17,0.425528,0.226798,6.172381,0.555806
1977-10-18,0.0,0.0,5.761714,0.381283
1977-10-19,0.0,0.0,5.149524,0.309028
1977-10-20,0.0,0.0,4.563238,0.271233
1977-10-21,0.0,0.0,5.471048,0.256782
1977-10-22,0.017896,0.0,5.865905,0.226769
1977-10-23,3.855681,9.294421,5.975238,0.213985
1977-10-24,2.456427,1.550593,5.593524,0.20676
1977-10-25,0.191639,0.0,4.969524,0.292354
1977-10-26,0.065033,0.0,5.106476,0.241776
1977-10-27,0.715831,0.770655,5.533714,0.219543
1977-10-28,1.295552,1.101503,4.421905,0.217876
1977-10-29,6.24726,11.761845,4.143429,0.232883
1977-10-30,1.966866,1.475053,6.384,0.504672
1977-10-31,0.296815,0.222413,5.881905,0.525237
1977-11-01,0.0,0.0,5.263429,0.325702
1977-11-02,0.000311,0.0,6.301714,0.207872
1977-11-03,0.0,0.0,5.584,0.188418
1977-11-04,0.001722,0.0,5.118667,0.188418
1977-11-05,1.40436,0.0,5.213714,0.171188
1977-11-06,0.0,0.0,5.826667,0.181749
1977-11-07,0.000125,0.0,5.363238,0.203981
1977-11-08,0.0,0.0,6.393333,0.169521
1977-11-09,0.0,0.0,6.371048,0.140063
1977-11-10,0.0,0.0,5.860572,0.142842
1977-11-11,0.0,0.0,5.152953,0.125612
1977-11-12,0.0,0.0,6.710667,0.102824
1977-11-13,0.0,0.0,5.758667,0.087817
1977-11-14,0.0,0.0,6.863429,0.088929
1977-11-15,0.001962,0.0,5.994667,0.095043
1977-11-16,0.0,0.0,5.536572,0.086706
1977-11-17,0.014209,0.0,4.654095,0.076701
1977-11-18,0.0,0.0,4.500952,0.073366
1977-11-19,0.94936,0.003994,5.342476,0.091152
1977-11-20,0.0,0.0,4.223429,0.106159
1977-11-21,0.268845,0.164499,4.251238,0.091708
1977-11-22,7.804671,9.031366,6.192,0.091152
1977-11-23,18.449111,18.531214,3.924381,0.140619
1977-11-24,11.013988,6.064129,3.649333,0.29291
1977-11-25,13.358385,15.854417,3.701714,0.26901
1977-11-26,47.1046,60.556689,3.024571,0.26901
1977-11-27,25.145082,30.42262,6.347048,0.26901
1977-11-28,15.050182,15.491559,5.385905,0.26901
1977-11-29,1.014922,0.206402,6.690476,0.26901
1977-11-30,0.096776,0.062965,6.575048,0.26901
1977-12-01,0.0,0.0,6.172762,0.26901
1977-12-02,0.0,0.0,5.635429,0.26901
1977-12-03,0.019875,0.0,5.420381,0.26901
1977-12-04,0.004193,0.08601,5.68,0.26901
1977-12-05,0.0,0.0,6.038667,0.26901
1977-12-06,2.545495,1.818047,6.272571,0.26901
1977-12-07,0.093116,0.0,6.127048,0.26901
1977-12-08,0.120275,0.0,6.497333,0.310696
1977-12-09,4.897161,2.570056,5.226857,0.319589
1977-12-10,2.271137,1.280684,5.780191,0.319589
1977-12-11,1.304466,0.731201,5.167619,0.319589
1977-12-12,0.526892,0.705654,4.724571,0.319589
1977-12-13,0.237532,0.262645,3.652571,0.319589
1977-12-14,2.387221,1.50226,5.270667,0.319589
1977-12-15,0.007976,14.706274,5.921333,0.387953
1977-12-16,0.0,0.0,5.801333,0.291798
1977-12-17,0.0,0.0,6.778857,0.226213
1977-12-18,0.0,0.0,6.86,0.211206
1977-12-19,0.0,0.0,5.269714,0.177302
1977-12-20,0.0,0.0,5.412952,0.192309
1977-12-21,1.214051,0.0,3.712,0.225102
1977-12-22,41.921853,40.080918,2.113714,0.955987
1977-12-23,84.558869,22.531016,2.608,3.09195
1977-12-24,24.691161,49.29403,5.793333,3.710562
1977-12-25,1.404122,2.597072,5.992762,1.346718
1977-12-26,0.000313,0.0,6.993714,0.790912
1977-12-27,0.0,0.0,6.684381,0.627505
1977-12-28,7.754392,9.650418,6.298286,0.568034
1977-12-29,0.077958,0.0,6.002286,0.564143
1977-12-30,35.861203,45.060941,5.534095,0.471324
1977-12-31,14.597926,17.139434,5.877333,3.244241
1978-01-01,0.414591,0.0,6.244762,1.764685
1978-01-02,1.139833,0.611588,5.772571,1.093271
1978-01-03,1.361669,1.441507,6.887619,0.852607
1978-01-04,0.000742,0.0,5.909714,0.691979
1978-01-05,2.575703,0.954394,3.327619,0.593045
1978-01-06,19.134448,15.060561,5.783619,3.426545
1978-01-07,9.01684,1.33293,6.016952,1.680758
1978-01-08,2.524275,0.744913,4.869714,0.952096
1978-01-09,0.011376,0.0,6.36,0.777573
1978-01-10,0.010612,0.0,7.218667,0.651405
1978-01-11,0.004485,0.0,6.997333,0.566367
1978-01-12,0.0,0.0,6.107429,0.530239
1978-01-13,1.871211,0.810259,5.09581,0.509118
1978-01-14,13.232582,14.110377,4.428571,0.670302
1978-01-15,65.453162,56.303728,2.482857,1.214437
1978-01-16,15.538491,8.117652,5.242857,4.275261
1978-01-17,0.626525,0.411208,5.292381,3.002465
1978-01-18,8.996933,10.10316,6.651429,2.124847
1978-01-19,12.145251,14.249088,5.590095,2.009795
1978-01-20,26.216548,29.824326,4.491048,3.699446
1978-01-21,2.618013,0.934628,5.248762,4.785491
1978-01-22,0.078333,0.0,5.742286,3.030255
1978-01-23,0.102853,0.044316,6.600953,2.199881
1978-01-24,0.24514,0.201848,6.307429,1.769131
1978-01-25,0.033549,0.0,6.062095,1.531802
1978-01-26,0.033073,0.0,5.871619,1.37173
1978-01-27,0.863118,0.367218,3.979048,1.20999
1978-01-28,2.304284,1.208206,4.497714,1.137179
1978-01-29,2.81107,0.071015,1.706286,1.093271
1978-01-30,89.259271,79.258799,2.26,1.116615
1978-01-31,67.25099,58.813428,2.358667,1.592941
1978-02-01,21.455482,14.016187,5.606476,9.819984
1978-02-02,0.338341,0.0,4.388762,5.65644
1978-02-03,16.456563,17.744335,4.3,4.025148
1978-02-04,2.856213,1.16962,4.887238,3.403757
1978-02-05,0.543523,0.349871,5.655238,2.96078
1978-02-06,0.116311,0.062965,6.888762,2.543369
1978-02-07,0.0,0.0,6.444381,2.208218
1978-02-08,0.006397,0.0,6.372381,1.953659
1978-02-09,0.026278,0.0,5.839048,1.74801
1978-02-10,0.00183,0.0,5.51581,1.600722
1978-02-11,0.0,0.0,6.95181,1.487893
1978-02-12,0.004081,0.0,6.936952,1.395629
1978-02-13,0.16606,0.016737,6.383619,1.292805
1978-02-14,5.184959,4.574206,6.562476,1.277798
1978-02-15,3.55816,3.492904,6.497714,1.290026
1978-02-16,1.786354,1.910228,6.262667,1.206099
1978-02-17,12.126031,13.488503,4.992,1.137179
1978-02-18,18.577031,18.890233,6.014857,1.136068
1978-02-19,9.896233,9.530598,4.186286,1.1583
1978-02-20,12.334342,12.430246,4.18,1.193872
1978-02-21,8.781384,6.640134,5.2,1.767464
1978-02-22,18.394682,17.103939,4.896572,2.32716
1978-02-23,0.207232,0.104086,5.931429,1.546253
1978-02-24,5.62159,5.828516,4.936952,1.234446
1978-02-25,7.316222,4.555952,2.609905,1.16497
1978-02-26,16.555653,17.426596,2.006095,1.311147
1978-02-27,19.856148,17.690204,1.959619,2.821272
1978-02-28,105.5984,94.599798,1.896762,46.882252
1978-03-01,3.888188,1.0914,4.328762,15.966088
1978-03-02,0.450419,0.0,6.028762,7.099868
1978-03-03,0.083724,0.0,5.666857,5.202902
1978-03-04,3.444596,2.779174,4.781333,4.476463
1978-03-05,2.894697,1.864676,4.523238,3.827281
1978-03-06,14.876289,12.222433,5.393524,3.569943
1978-03-07,7.898571,6.13042,4.865143,2.885746
1978-03-08,8.798039,9.232329,4.612953,3.6472
1978-03-09,10.245647,5.395003,4.827238,3.163093
1978-03-10,9.499442,6.286407,4.844381,2.681765
1978-03-11,17.403062,12.225848,4.883238,2.496681
1978-03-12,24.990986,26.242425,5.201333,4.070724
1978-03-13,17.326194,8.976543,5.586476,3.677214
1978-03-14,46.693309,46.654082,4.339619,3.290928
1978-03-15,9.33553,6.342417,5.848762,4.059053
1978-03-16,1.230283,0.914603,5.705714,3.258692
1978-03-17,0.0,0.0,5.883619,2.682876
1978-03-18,0.0,0.0,5.732381,2.266022
1978-03-19,1.10447,1.557849,5.578095,2.03036
1978-03-20,0.0,0.0,6.090857,1.831937
1978-03-21,0.0,0.0,4.950667,1.660749
1978-03-22,6.728994,11.02607,5.319048,1.660749
1978-03-23,0.000374,0.094528,5.423619,1.487337
1978-03-24,0.0,0.0,5.642667,1.37562
1978-03-25,0.064249,0.008559,6.112,1.275019
1978-03-26,0.0,0.0,5.55981,1.182756
1978-03-27,0.001049,0.0,5.646095,1.127175
1978-03-28,0.0,0.0,6.467429,1.018237
1978-03-29,0.0,0.0,5.214286,0.936533
1978-03-30,1.704219,1.052892,4.948952,0.892625
1978-03-31,5.946226,5.474257,4.092381,1.489005
1978-04-01,5.137961,2.981651,2.641905,2.519469
1978-04-02,12.986094,6.59309,2.472,2.602285
1978-04-03,22.80527,17.108327,3.981143,2.559487
1978-04-04,18.806676,18.142965,2.694667,3.093061
1978-04-05,45.214513,36.177665,2.813905,3.733906
1978-04-06,1.691025,1.946288,2.169524,6.124984
1978-04-07,7.039085,5.029864,2.022667,4.061832
1978-04-08,41.271512,31.593692,1.761143,4.035153
1978-04-09,68.446118,46.859217,3.76781,12.6646
1978-04-10,0.696853,0.068523,5.160572,8.69003
1978-04-11,0.027647,0.008559,4.156953,5.590854
1978-04-12,0.001678,0.0,3.769143,4.737692
1978-04-13,0.0,0.0,4.773905,4.00903
1978-04-14,0.0,0.0,5.340381,3.618298
1978-04-15,0.087822,0.0,4.805334,3.306491
1978-04-16,0.009985,0.012743,4.412572,3.017472
1978-04-17,0.0,0.0,5.027238,2.797928
1978-04-18,0.001553,0.0,5.081714,2.590613
1978-04-19,0.00074,0.0,4.701334,2.393301
1978-04-20,0.165313,0.121602,4.437905,2.206551
1978-04-21,0.0,0.0,4.228953,2.062597
1978-04-22,0.550709,0.53708,4.563429,1.975891
1978-04-23,0.0146,0.0,4.056952,1.893076
1978-04-24,0.0,0.0,4.981143,1.811928
1978-04-25,0.002156,0.0,4.121143,1.704658
1978-04-26,0.011125,0.0,4.417714,1.612394
1978-04-27,0.0,0.0,4.571619,1.583492
1978-04-28,0.206291,0.0,3.491619,1.512349
1978-04-29,8.808417,10.817855,3.1,1.524021
1978-04-30,1.745022,2.386788,2.373333,1.569041
1978-05-01,9.088125,8.205267,2.383619,1.541251
1978-05-02,7.775651,6.865518,2.741524,1.542918
1978-05-03,12.691706,12.152896,2.971429,1.736894
1978-05-04,4.383108,3.545254,2.99581,1.644631
1978-05-05,7.707256,7.068125,2.813524,1.497342
1978-05-06,12.499833,9.180299,3.436381,1.521242
1978-05-07,18.043503,18.144881,1.803619,1.894743
1978-05-08,23.592561,21.949096,2.411429,3.056934
1978-05-09,11.315841,11.594447,3.082857,2.718448
1978-05-10,12.563642,10.861851,2.203619,2.414978
1978-05-11,24.094234,21.227971,1.137524,5.793168
1978-05-12,1.491031,1.914461,0.50781,3.07472
1978-05-13,0.068289,0.019781,0.427238,2.32716
1978-05-14,1.9984,1.512701,0.93619,2.030916
1978-05-15,0.134474,0.111306,1.67181,1.862507
1978-05-16,0.678231,1.089482,2.891619,1.717997
1978-05-17,14.810934,16.944527,1.983619,1.926424
1978-05-18,4.66471,3.574242,1.916571,2.103171
1978-05-19,0.747738,0.379921,3.081905,1.923645
1978-05-20,0.006241,0.0,2.784381,1.923645
1978-05-21,0.0,0.0,3.397905,1.861395
1978-05-22,0.001384,0.0,3.055619,1.734115
1978-05-23,0.0,0.0,3.616,1.657414
1978-05-24,0.0,0.0,3.106286,1.611838
1978-05-25,0.0,0.0,2.220571,1.583492
1978-05-26,0.097197,0.04738,2.462476,1.539583
1978-05-27,0.076654,0.015786,2.715048,1.511793
1978-05-28,0.872924,0.285638,2.68,1.46844
1978-05-29,6.997519,7.857675,2.853905,1.46844
1978-05-30,6.433802,6.086031,3.077714,1.686872
1978-05-31,2.265815,2.002036,3.616381,1.636849
1978-06-01,0.423735,0.126209,3.475429,1.512904
1978-06-02,0.418147,0.0,2.558667,1.442317
1978-06-03,0.000556,0.0,2.040571,1.400632
1978-06-04,0.0,0.0,3.259048,1.400076
1978-06-05,0.000802,0.0,3.456381,1.374509
1978-06-06,0.000977,0.0,2.982286,1.334491
1978-06-07,0.00096,0.0,3.542667,1.334491
1978-06-08,0.000977,0.0,3.272762,1.334491
1978-06-09,0.290685,0.03694,3.112572,1.303921
1978-06-10,0.829561,0.951163,2.771619,1.256678
1978-06-11,0.126138,0.003428,2.528571,1.22722
1978-06-12,0.0,0.0,3.494286,1.1822
1978-06-13,7.166488,7.62393,0.692762,1.181644
1978-06-14,0.2275,0.024366,0.484,1.181644
1978-06-15,1.7e-05,0.0,1.382286,1.153854
1978-06-16,0.06548,0.0,2.006857,1.084378
1978-06-17,0.146449,0.106922,2.398667,1.042692
1978-06-18,0.004349,0.0,2.479048,1.017125
1978-06-19,0.003823,0.0,2.754286,0.977663
1978-06-20,0.152548,0.169636,2.506476,0.977107
1978-06-21,0.231639,0.291825,2.285905,0.953208
1978-06-22,0.0,0.0,2.788191,0.893181
1978-06-23,0.0,0.0,3.202095,0.857053
1978-06-24,0.0,0.0,3.177333,0.856497
1978-06-25,0.001363,0.0,2.984762,0.856497
1978-06-26,0.00292,0.0,3.212762,0.834821
1978-06-27,3.3e-05,0.0,2.91619,0.800917
1978-06-28,1.148731,1.856365,2.571429,0.800361
1978-06-29,1.914196,1.103444,2.507619,0.843714
1978-06-30,0.008201,0.0,3.487238,0.914857
1978-07-01,0.00521,0.0,3.984952,0.915969
1978-07-02,0.008136,0.0,3.092381,0.915969
1978-07-03,0.473289,0.0,2.292191,0.915969
1978-07-04,0.008795,0.0,1.454286,0.892625
1978-07-05,0.000268,0.0,2.230095,0.857053
1978-07-06,0.0,0.0,2.520952,0.856497
1978-07-07,0.000136,0.0,2.996952,0.856497
1978-07-08,0.070826,0.008559,2.442667,0.856497
1978-07-09,0.0,0.0,1.760762,0.856497
1978-07-10,2.888404,2.835402,1.098667,0.856497
1978-07-11,3.474178,2.367203,2.235238,0.856497
1978-07-12,0.0,0.0,1.043238,0.856497
1978-07-13,0.0,0.0,1.303048,0.856497
1978-07-14,0.714291,0.322417,1.906286,0.856497
1978-07-15,0.425368,0.6487,2.545714,0.856497
1978-07-16,0.0,0.0,2.216381,0.856497
1978-07-17,0.045214,0.0,2.684571,0.834821
1978-07-18,0.005971,0.0,2.828952,0.800917
1978-07-19,0.0,0.0,2.830095,0.800361
1978-07-20,0.012446,0.0,2.733143,0.800361
1978-07-21,0.0,0.0,3.024952,0.800361
1978-07-22,0.0,0.0,3.069714,0.800361
1978-07-23,0.0,0.0,3.676,0.800361
1978-07-24,0.000244,0.0,3.907048,0.800361
1978-07-25,0.0,0.0,3.64819,0.800361
1978-07-26,0.000125,0.0,3.609143,0.800361
1978-07-27,0.065379,0.016737,3.630667,0.800361
1978-07-28,0.199342,0.12389,1.796762,0.800361
1978-07-29,0.001315,0.0,1.459238,0.800361
1978-07-30,3.188214,5.861281,1.776381,0.800361
1978-07-31,0.221875,0.021112,1.915048,0.779796
1978-08-01,7.503735,9.153292,2.299238,0.747004
1978-08-02,1.328984,1.975153,2.788,0.747004
1978-08-03,0.499014,0.436362,3.498095,0.747004
1978-08-04,1.401369,1.510073,2.847238,0.747004
1978-08-05,0.134215,0.0,2.600381,0.747004
1978-08-06,0.0,0.0,3.064762,0.747004
1978-08-07,0.065015,0.016737,4.26381,0.747004
1978-08-08,0.560478,0.432318,3.918667,0.747004
1978-08-09,0.046051,0.012743,2.577714,0.747004
1978-08-10,16.083127,19.108519,1.448,0.747004
1978-08-11,9.520383,12.892534,1.404,0.747004
1978-08-12,1.043304,1.060925,3.074857,0.747004
1978-08-13,1.705311,1.721118,2.658667,0.747004
1978-08-14,0.47856,0.955214,2.980381,0.747004
1978-08-15,3.316051,0.107619,2.781143,0.747004
1978-08-16,0.0,0.0,3.600191,0.747004
1978-08-17,0.160934,0.212509,3.971048,0.726994
1978-08-18,0.034518,0.145612,3.946667,0.696425
1978-08-19,0.036058,0.0,4.130476,0.695869
1978-08-20,0.0,0.0,3.644952,0.695869
1978-08-21,0.0,0.0,3.74,0.695869
1978-08-22,0.0,0.0,4.186667,0.695869
1978-08-23,0.0,0.0,4.239238,0.695869
1978-08-24,0.0,0.0,4.216191,0.695869
1978-08-25,3.16308,6.530988,3.133714,0.695869
1978-08-26,21.294085,23.424712,2.770857,0.914857
1978-08-27,2.531507,1.889253,2.503048,0.885955
1978-08-28,6.630701,4.823554,1.754286,0.857053
1978-08-29,7.763871,5.643203,4.885333,0.834821
1978-08-30,0.521938,0.0,3.926286,0.800917
1978-08-31,1.299833,1.765114,3.51981,0.800361
1978-09-01,0.329805,0.659557,4.317714,0.800361
1978-09-02,0.125565,0.0,5.106476,0.800361
1978-09-03,0.097586,0.0,4.615429,0.800361
1978-09-04,20.207863,16.001076,2.074857,0.800361
1978-09-05,7.225482,7.346643,3.565905,0.800361
1978-09-06,0.595463,0.278806,3.797143,0.732553
1978-09-07,0.238138,0.012743,3.390857,0.747559
1978-09-08,6.981704,8.072512,2.344762,0.620836
1978-09-09,0.00532,0.0,4.199048,0.595824
1978-09-10,0.27755,0.226035,4.912762,0.50356
1978-09-11,0.387323,0.073098,4.455429,0.46521
1978-09-12,6.625208,7.563213,3.944,0.460763
1978-09-13,3.014263,5.463767,3.954857,0.924306
1978-09-14,0.0,0.0,1.932762,0.631952
1978-09-15,0.0,0.0,3.205333,0.475214
1978-09-16,0.0,0.0,4.437905,0.395734
1978-09-17,0.274187,0.134376,3.851619,0.375169
1978-09-18,0.04178,0.0,5.530095,0.375169
1978-09-19,0.079455,0.012743,5.449714,0.375169
1978-09-20,0.222312,0.122427,4.996571,0.375169
1978-09-21,0.0,0.0,4.652953,0.363497
1978-09-22,0.0,0.0,4.951238,0.3446
1978-09-23,0.0,0.0,4.852952,0.3446
1978-09-24,0.0,0.0,5.626095,0.3446
1978-09-25,0.0,0.0,4.968953,0.330149
1978-09-26,0.018906,0.0,4.999238,0.321812
1978-09-27,0.394933,0.510276,4.919238,0.344044
1978-09-28,0.001897,0.0,5.456762,0.357383
1978-09-29,0.007958,0.0,3.819619,0.388509
1978-09-30,0.0,0.0,3.658095,0.407406
1978-10-01,0.149364,0.0,3.898857,0.407962
1978-10-02,1.501754,0.005706,4.933714,0.395178
1978-10-03,0.420748,0.47864,3.913524,0.375169
1978-10-04,1.03526,0.904326,4.981714,0.375169
1978-10-05,0.0,0.0,6.120381,0.375169
1978-10-06,0.0,0.0,4.890476,0.375169
1978-10-07,0.0,0.0,3.938857,0.375169
1978-10-08,0.344472,0.027008,5.118286,0.375169
1978-10-09,0.185242,0.016737,2.710286,0.363497
1978-10-10,2.32268,1.011359,3.061714,0.3446
1978-10-11,7.113231,2.174035,3.877333,0.573036
1978-10-12,10.057935,5.056335,4.581714,0.483551
1978-10-13,12.155863,15.81938,5.208381,1.249452
1978-10-14,3.71604,2.822963,6.116952,1.614617
1978-10-15,0.165811,0.08601,5.819048,0.797026
1978-10-16,0.050606,0.012743,5.173334,0.643068
1978-10-17,0.0,0.0,6.199238,0.543578
1978-10-18,0.0,0.0,5.905714,0.503005
1978-10-19,0.000407,0.0,6.072572,0.479105
1978-10-20,15.910515,23.822258,2.318667,0.464654
1978-10-21,39.994927,43.789485,1.932952,1.123284
1978-10-22,12.554276,10.980932,4.96,1.543474
1978-10-23,13.665428,17.65826,4.613905,1.081043
1978-10-24,7.572876,7.867762,4.207238,0.850939
1978-10-25,13.298458,8.212689,4.204762,0.709209
1978-10-26,22.211886,29.221863,4.746095,0.61361
1978-10-27,5.20152,8.239216,3.761333,0.528016
1978-10-28,1.567435,0.259413,5.370286,0.46521
1978-10-29,7.775949,9.376354,3.681714,0.416299
1978-10-30,7.597824,8.941263,4.877333,0.375725
1978-10-31,1.482035,0.830944,4.10381,0.363497
1978-11-01,3.229161,1.836917,2.669524,0.330705
1978-11-02,21.267059,24.321083,3.548191,0.298468
1978-11-03,38.124673,40.786101,4.195429,1.856948
1978-11-04,0.032463,0.0,6.097714,2.204327
1978-11-05,2.740086,0.776701,5.867429,1.081043
1978-11-06,0.0,0.0,6.270476,0.795914
1978-11-07,7.51098,4.986822,5.976191,0.818703
1978-11-08,0.143391,0.0,6.515048,7.471703
1978-11-09,4.537039,9.959788,7.192381,2.625628
1978-11-10,0.004781,0.0,6.567619,1.063813
1978-11-11,0.0,0.0,6.572572,0.802028
1978-11-12,0.0,0.0,5.371619,0.779796
1978-11-13,2.718376,2.129661,4.48,0.747004
1978-11-14,9.217679,8.46302,3.902857,0.726994
1978-11-15,11.942729,13.26969,4.569905,0.696425
1978-11-16,0.653625,0.038451,5.918476,0.695869
1978-11-17,2.80205,2.187566,4.544,0.676972
1978-11-18,1.593493,3.163196,6.105333,0.64807
1978-11-19,1.13075,2.207745,5.881714,0.647514
1978-11-20,0.004669,0.0,5.947619,0.629728
1978-11-21,2.176278,1.980546,5.298857,0.611943
1978-11-22,2.383694,0.0,5.067619,0.830374
1978-11-23,0.002241,0.531188,6.848381,0.782019
1978-11-24,0.0,0.0,6.695048,0.728662
1978-11-25,0.0,0.0,4.878286,0.678084
1978-11-26,10.727989,16.494243,5.197905,0.664188
1978-11-27,12.709031,25.310016,4.814857,0.822593
1978-11-28,15.991745,11.450277,5.383238,1.767464
1978-11-29,4.564689,1.228886,5.505334,0.890957
1978-11-30,1.88784,1.495025,6.89581,0.728106
1978-12-01,0.0,0.0,6.860762,0.677528
1978-12-02,1.782041,0.111528,6.099238,0.630284
1978-12-03,2.470569,0.145043,5.868952,0.602494
1978-12-04,0.412978,0.117469,4.573714,0.602494
1978-12-05,4.488983,9.063368,4.981143,0.8615
1978-12-06,8.742104,0.180759,5.072571,0.680863
1978-12-07,12.418404,6.120532,4.725905,0.613054
1978-12-08,2.825292,1.82529,2.079619,0.574148
1978-12-09,3.512896,4.084174,2.154286,1.221662
1978-12-10,0.006503,0.0,6.401333,0.818703
1978-12-11,0.294881,5.664707,6.516762,0.649182
1978-12-12,1.964511,0.0,6.184,0.613054
1978-12-13,0.017448,0.0,5.903429,0.543578
1978-12-14,0.010045,0.0,1.962476,0.503005
1978-12-15,0.566879,0.470206,4.636191,0.490777
1978-12-16,20.053702,20.159373,6.805333,0.897071
1978-12-17,2.324771,1.49133,6.942286,0.757008
1978-12-18,2.117132,4.688929,6.758667,0.514677
1978-12-19,11.524254,15.164145,7.374286,0.471324
1978-12-20,0.087041,0.0,6.055238,0.487442
1978-12-21,0.0,0.0,3.812,0.429082
1978-12-22,0.864267,0.314049,6.462857,0.407962
1978-12-23,6.378594,5.394541,4.836953,0.407962
1978-12-24,13.785136,4.708924,5.411429,0.6653
1978-12-25,5.443503,1.994986,5.186667,0.700316
1978-12-26,14.328763,16.667567,4.384381,0.743113
1978-12-27,13.015164,11.366249,6.780572,1.104943
1978-12-28,0.057132,0.0,6.668762,1.052141
1978-12-29,0.903172,0.005326,6.499048,0.661409
1978-12-30,0.0,0.0,6.011048,0.554139
1978-12-31,0.896884,0.073707,3.435619,0.466877
1979-01-01,36.675679,41.795765,2.208762,0.679195
1979-01-02,92.615041,87.865082,1.83619,18.088156
1979-01-03,120.689714,102.336356,1.914667,48.358473
1979-01-04,45.729418,27.462775,0.991429,20.88275
1979-01-05,86.3624,74.309118,2.139619,46.435383
1979-01-06,55.859029,38.140149,3.319619,48.58024
1979-01-07,5.16043,0.467217,6.248381,43.201703
1979-01-08,5.024222,7.498252,6.115619,18.345495
1979-01-09,1.991196,3.603191,6.842286,8.879004
1979-01-10,0.293307,0.077672,6.489333,5.479137
1979-01-11,11.220686,12.015402,2.471619,4.346404
1979-01-12,40.759427,30.627966,2.537333,12.95751
1979-01-13,29.526367,30.895185,5.190857,26.18792
1979-01-14,1.393298,1.481456,5.80381,19.334274
1979-01-15,2.507777,1.436148,3.495429,15.391941
1979-01-16,5.700575,3.98455,5.543048,10.533083
1979-01-17,0.0,0.0,6.866667,7.650116
1979-01-18,0.0,0.082227,6.750476,6.255043
1979-01-19,0.013529,0.145274,2.449714,5.354081
1979-01-20,33.937859,26.091916,4.627048,6.811405
1979-01-21,2.172814,1.763365,4.784762,6.960361
1979-01-22,0.0,0.038071,5.292,5.469689
1979-01-23,4.639834,1.828537,5.494095,4.573729
1979-01-24,1.628718,1.795772,4.946667,4.272482
1979-01-25,7.963123,8.090409,1.753333,4.504253
1979-01-26,131.831855,142.747766,3.028191,35.668862
1979-01-27,24.887906,12.977292,4.659619,33.283898
1979-01-28,16.824639,16.530449,5.550857,20.40698
1979-01-29,32.47881,27.331759,3.333714,14.012986
1979-01-30,43.548158,35.79122,4.493143,19.566601
1979-01-31,7.845028,4.543552,3.675238,20.620409
1979-02-01,7.464377,5.799912,4.237905,14.810567
1979-02-02,64.248488,51.098811,2.242286,17.770235
1979-02-03,6.089708,6.001087,3.320572,16.853155
1979-02-04,39.861827,41.227547,2.584,15.782117
1979-02-05,29.827217,20.169295,2.466095,12.174379
1979-02-06,45.508862,40.464878,4.723238,20.427545
1979-02-07,31.913095,33.523542,6.111048,30.678278
1979-02-08,0.34909,1.305266,5.691048,20.319718
1979-02-09,4.742344,4.195359,5.170667,14.410943
1979-02-10,4.554295,3.895958,5.767238,11.43738
1979-02-11,82.106808,81.95765,3.059619,26.342434
1979-02-12,24.738571,5.224515,4.147619,47.472518
1979-02-13,37.807578,36.471926,4.308381,19.374848
1979-02-14,11.507007,10.042809,2.998286,19.878408
1979-02-15,35.240731,40.487946,3.961714,20.030699
1979-02-16,4.146568,22.763735,4.654286,14.547115
1979-02-17,3.784245,3.388693,5.461143,14.820016
1979-02-18,1.411964,0.114078,5.474286,19.023022
1979-02-19,2.603093,5.106025,4.584953,12.617356
1979-02-20,16.373765,13.279181,3.936762,12.124356
1979-02-21,30.418679,41.896294,2.698095,14.631042
1979-02-22,110.499375,121.242403,3.208,63.832673
1979-02-23,9.929271,1.450041,2.481714,24.162562
1979-02-24,11.465943,16.621124,5.217333,17.202201
1979-02-25,1.685115,1.571773,4.724381,14.228638
1979-02-26,24.220437,29.402937,5.032762,14.414833
1979-02-27,0.040891,0.0,5.897905,12.262196
1979-02-28,0.0,0.0,4.203429,10.222387
1979-03-01,0.0,0.0,4.557905,8.90068
1979-03-02,0.373994,0.003614,1.752571,7.975819
1979-03-03,7.761631,8.939728,2.666476,7.510609
1979-03-04,8.456012,3.861853,4.248,7.396669
1979-03-05,6.487881,3.122065,4.398667,6.4807
1979-03-06,22.702316,27.002795,3.744,10.708162
1979-03-07,16.076443,2.215922,2.610286,7.950252
1979-03-08,11.378144,9.410682,3.330286,8.471042
1979-03-09,17.373506,10.774042,2.784571,9.812758
1979-03-10,19.503795,10.027799,2.314667,8.662795
1979-03-11,73.380448,66.170259,3.468762,22.23725
1979-03-12,49.665121,60.478439,3.019619,24.339309
1979-03-13,43.127217,27.927572,1.944762,25.845543
1979-03-14,55.959007,69.395334,3.389524,33.02378
1979-03-15,3.739228,2.142223,4.855429,22.15499
1979-03-16,0.006577,0.0,5.39981,14.892827
1979-03-17,0.0,0.0,5.341333,11.684713
1979-03-18,0.007638,0.0,4.441524,9.899464
1979-03-19,0.000677,0.0,4.773715,8.986274
1979-03-20,0.0,0.0,5.810667,8.033067
1979-03-21,0.0,0.0,5.906476,7.128214
1979-03-22,0.0,0.0,6.407048,6.200018
1979-03-23,0.0,0.0,6.348191,5.362418
1979-03-24,0.008901,0.0,5.679238,4.871085
1979-03-25,0.0,0.0,5.907429,4.579843
1979-03-26,0.004023,0.0,5.389714,4.371971
1979-03-27,2.302452,3.735957,5.572,4.149649
1979-03-28,4.670099,0.983399,5.032,4.014032
1979-03-29,0.0,0.0,5.637524,3.900092
1979-03-30,0.341522,0.0,4.291238,3.770033
1979-03-31,3.967063,2.877071,4.945334,3.689997
1979-04-01,12.596278,9.039399,5.006857,3.611629
1979-04-02,0.36521,0.0,4.559048,3.533816
1979-04-03,1.099583,0.752686,4.292572,3.486572
1979-04-04,1.61229,1.870233,5.232191,3.456559
1979-04-05,0.031618,0.0,4.913905,3.409871
1979-04-06,1.293077,0.084185,4.073714,3.409315
1979-04-07,3.581609,1.821282,4.698476,3.380413
1979-04-08,2.153082,3.097828,4.528,3.277033
1979-04-09,0.001473,0.0,2.041333,3.129745
1979-04-10,0.028839,0.0,1.809905,3.005244
1979-04-11,5.969159,7.654057,1.992191,3.214227
1979-04-12,35.136153,30.984165,1.680571,3.593843
1979-04-13,34.626992,21.007553,1.50381,3.811719
1979-04-14,58.328968,43.649816,1.326857,5.579738
1979-04-15,29.577409,18.018201,2.590095,17.477881
1979-04-16,0.395467,0.783387,3.66381,7.235485
1979-04-17,0.06393,0.321489,4.548,5.178446
1979-04-18,0.195642,0.071174,4.098667,4.313612
1979-04-19,3.536773,0.665121,4.070667,3.922324
1979-04-20,0.0,0.0,4.470476,3.60218
1979-04-21,0.0,0.0,4.770286,3.324833
1979-04-22,0.0,0.0,4.593333,3.158091
1979-04-23,1.522545,2.602409,4.380952,3.084169
1979-04-24,0.001261,0.0,4.301714,3.011914
1979-04-25,0.071044,0.0,4.067429,2.968005
1979-04-26,0.035151,0.0,3.7,2.94355
1979-04-27,0.0,0.0,4.659429,2.869627
1979-04-28,1.663025,0.010283,2.777524,2.691214
1979-04-29,3.844615,4.254776,3.901143,2.698995
1979-04-30,31.687896,30.558979,3.279048,2.965226
1979-05-01,9.946181,11.595762,3.381714,3.203111
1979-05-02,5.755938,4.427922,4.231619,2.989126
1979-05-03,1.308871,0.201116,4.063429,2.647305
1979-05-04,0.015307,0.0,4.411238,2.520025
1979-05-05,0.0,0.0,4.086857,2.415534
1979-05-06,0.0,0.0,4.558476,2.3644
1979-05-07,0.0,0.0,4.329905,2.343835
1979-05-08,0.0,0.0,2.557333,2.281584
1979-05-09,0.002692,0.0,2.061524,2.218778
1979-05-10,0.000264,0.0,3.101333,2.177093
1979-05-11,1.228144,0.3135,2.857714,2.175981
1979-05-12,0.047091,0.063177,3.000571,2.154305
1979-05-13,0.0,0.0,2.654286,2.093722
1979-05-14,0.020906,0.0,2.248571,2.056483
1979-05-15,0.215692,0.016737,1.004571,2.032583
1979-05-16,0.0,0.0,0.818476,1.973112
1979-05-17,0.0,0.0,2.150286,1.939208
1979-05-18,1.169208,0.0,1.270857,1.939208
1979-05-19,9.56787,8.491783,2.523048,2.204327
1979-05-20,11.400962,14.973661,2.325714,2.337721
1979-05-21,17.738605,11.571566,2.971619,2.785701
1979-05-22,1.783862,0.016569,2.719048,2.307707
1979-05-23,7.776371,7.348699,2.713905,2.359397
1979-05-24,7.224567,3.461444,2.384952,2.705665
1979-05-25,2.134302,0.056921,2.614667,2.325493
1979-05-26,4.061773,5.564753,2.704952,2.291033
1979-05-27,3.549596,3.541073,3.531238,2.267689
1979-05-28,0.037883,0.069232,3.665333,2.190988
1979-05-29,0.0,0.0,3.590095,2.023135
1979-05-30,0.038138,0.0,3.729333,2.026469
1979-05-31,1.178298,0.001712,2.626857,1.931982
1979-06-01,1.727937,0.77176,2.322095,1.883627
1979-06-02,13.066388,9.337893,1.998095,1.90308
1979-06-03,6.688765,2.586446,2.606857,2.207662
1979-06-04,2.132852,0.294063,3.026857,2.010351
1979-06-05,3.014215,0.147629,2.586667,1.880292
1979-06-06,3.42154,1.307009,2.631619,1.837495
1979-06-07,8.920099,8.137464,3.281714,1.832493
1979-06-08,0.274131,0.0,3.381714,1.740785
1979-06-09,0.001049,0.0,3.278857,1.68576
1979-06-10,0.0,0.0,3.66781,1.631847
1979-06-11,0.025126,0.0,3.466667,1.609059
1979-06-12,0.024833,0.0,2.296,1.579045
1979-06-13,0.145984,0.0,2.6,1.60628
1979-06-14,0.192295,0.0,2.885143,1.602945
1979-06-15,0.433406,0.0,2.746286,1.564039
1979-06-16,2.058002,0.031616,3.050667,1.550143
1979-06-17,1.231676,1.082421,2.071238,1.511793
1979-06-18,27.87428,14.959912,1.580762,1.594608
1979-06-19,9.008936,2.252935,1.020381,1.712439
1979-06-20,30.737072,20.425479,1.216191,2.367179
1979-06-21,24.092308,18.353897,2.298476,2.260464
1979-06-22,2.354909,2.513498,3.172381,1.905859
1979-06-23,0.003503,0.0,2.877143,1.683537
1979-06-24,0.0,0.0,3.079429,1.609615
1979-06-25,1.64383,1.764105,2.406857,1.579601
1979-06-26,7.686559,2.388695,2.598857,1.559592
1979-06-27,0.575019,0.0,3.509333,1.669642
1979-06-28,0.007398,0.0,3.578476,1.564594
1979-06-29,0.0,0.0,3.116381,1.53069
1979-06-30,0.0,0.0,2.696381,1.474554
1979-07-01,0.0,0.0,3.165333,1.470107
1979-07-02,0.001209,0.0,3.194476,1.375065
1979-07-03,0.0,0.0,3.188952,1.335602
1979-07-04,0.0,0.0,3.403048,1.260568
1979-07-05,0.0,0.0,2.589714,1.226108
1979-07-06,0.039877,0.0,1.360762,1.153854
1979-07-07,0.001107,0.0,2.146476,1.127731
1979-07-08,0.214472,0.0,2.231619,1.127731
1979-07-09,0.192533,0.07733,2.962667,1.127731
1979-07-10,0.004987,0.0,3.185333,1.121061
1979-07-11,1.537068,1.598637,2.095619,1.050474
1979-07-12,2.311036,2.359781,1.724571,1.032132
1979-07-13,2.717974,0.698251,2.361524,1.056588
1979-07-14,2.923105,0.0,2.334667,1.127731
1979-07-15,2.992446,1.240468,2.864952,1.13051
1979-07-16,0.0,0.0,2.199619,1.189981
1979-07-17,14.307197,8.299953,2.050667,1.129398
1979-07-18,0.759535,0.0,1.838286,1.386736
1979-07-19,0.245647,0.0,2.102857,1.087157
1979-07-20,0.126192,0.0,2.840191,1.032132
1979-07-21,0.011784,0.0,3.314857,1.017125
1979-07-22,4.275396,3.816917,2.721333,0.950984
1979-07-23,3.973633,2.050455,3.847619,1.215548
1979-07-24,0.0,0.0,3.573333,1.093827
1979-07-25,0.0,0.0,3.504381,0.911522
1979-07-26,0.965928,0.0,2.588762,0.901518
1979-07-27,0.0,0.0,0.697143,0.8615
1979-07-28,4.595136,0.161494,1.48381,0.860388
1979-07-29,7.359972,5.457102,2.57981,0.975996
1979-07-30,0.15099,0.0,2.900381,0.927085
1979-07-31,0.009645,0.0,2.821143,0.790912
1979-08-01,0.0,0.0,2.812381,0.783687
1979-08-02,0.0,0.0,3.333905,0.760899
1979-08-03,0.0,0.0,2.990095,0.713655
1979-08-04,0.0,0.0,3.651238,0.712544
1979-08-05,0.0,0.0,3.628,0.716434
1979-08-06,0.001282,0.0,3.762667,0.754229
1979-08-07,0.0,0.0,3.333333,0.713099
1979-08-08,0.0,0.0,4.236952,0.712544
1979-08-09,0.000802,0.0,3.528762,0.712544
1979-08-10,0.0,0.0,4.181333,0.712544
1979-08-11,0.0,0.0,3.684381,0.681418
1979-08-12,0.0,0.0,3.499238,0.646403
1979-08-13,0.0,0.0,3.036381,0.646403
1979-08-14,0.0,0.0,2.53981,0.614166
1979-08-15,0.0,0.0,2.185333,0.585264
1979-08-16,0.0,0.0,3.041143,0.585264
1979-08-17,0.311445,0.0,3.060572,0.585264
1979-08-18,0.387031,2.962439,3.855619,0.615833
1979-08-19,0.086788,0.0,4.220381,0.594713
1979-08-20,0.000309,0.0,4.631048,0.585264
1979-08-21,0.0,0.0,3.280571,0.578594
1979-08-22,0.0,0.0,4.022857,0.535797
1979-08-23,0.0,0.0,4.597714,0.529127
1979-08-24,1.565298,1.394062,2.765333,0.529127
1979-08-25,3.662522,2.63082,3.149714,0.593601
1979-08-26,2.312926,0.0,3.599429,0.646403
1979-08-27,1.420538,0.927025,4.372191,0.644179
1979-08-28,0.0,0.0,4.69581,0.598603
1979-08-29,0.0,0.0,4.968952,0.542467
1979-08-30,0.0,0.0,4.904572,0.529127
1979-08-31,0.0,0.0,4.665905,0.525793
1979-09-01,0.0,0.0,4.699619,0.487442
1979-09-02,0.000406,0.0,4.243048,0.476882
1979-09-03,1.057,0.690023,2.819619,0.476882
1979-09-04,2.800545,2.178622,4.122095,0.507451
1979-09-05,0.471057,0.966616,4.446286,0.580262
1979-09-06,0.0,0.0,4.437714,0.585264
1979-09-07,0.0,0.0,5.288381,0.585264
1979-09-08,0.0,0.0,5.096381,0.565811
1979-09-09,0.0,0.0,4.931238,0.529683
1979-09-10,0.214598,0.550989,4.78,0.529127
1979-09-11,0.309479,0.134207,5.056381,0.529127
1979-09-12,2.392346,2.435037,4.202286,0.507451
1979-09-13,0.0,0.0,4.583619,0.476882
1979-09-14,0.484714,0.0,5.420952,0.455205
1979-09-15,0.0,0.0,4.334857,0.429082
1979-09-16,1.361559,2.730402,2.848191,0.429082
1979-09-17,6.400448,4.71099,4.053905,0.491333
1979-09-18,0.053008,0.0,4.676381,0.636954
1979-09-19,0.0,0.0,4.416762,0.484107
1979-09-20,0.0,0.0,4.452952,0.464098
1979-09-21,0.0,0.0,5.803429,0.43075
1979-09-22,0.0,0.0,5.261524,0.429082
1979-09-23,0.228823,0.397485,4.755619,0.429082
1979-09-24,0.002874,0.0,4.981333,0.45854
1979-09-25,0.345805,0.255567,2.219238,0.476882
1979-09-26,0.606968,0.294185,2.179619,0.511898
1979-09-27,11.669072,20.646066,3.356952,0.603606
1979-09-28,10.008597,9.232688,4.096572,0.847049
1979-09-29,0.237563,0.549645,4.446095,0.711432
1979-09-30,0.0,0.0,4.802667,0.494112
1979-10-01,3.3e-05,0.0,4.783238,0.4691
1979-10-02,0.000603,0.0,4.44,0.433529
1979-10-03,3.371724,4.548339,4.565333,0.484663
1979-10-04,0.0,0.0,5.368191,0.488554
1979-10-05,0.0,0.0,5.317333,0.439087
1979-10-06,0.0,0.0,5.696191,0.393511
1979-10-07,0.0,0.0,5.041905,0.353493
1979-10-08,0.0,0.0,5.536,0.342377
1979-10-09,0.0,0.0,5.758286,0.315142
1979-10-10,0.0,0.0,5.530286,0.307917
1979-10-11,0.0,0.0,4.450286,0.307917
1979-10-12,3.9e-05,0.0,6.238667,0.307917
1979-10-13,0.017333,0.0,5.296953,0.317921
1979-10-14,13.839425,14.195,5.125524,1.042137
1979-10-15,0.338789,0.218242,5.158667,0.626394
1979-10-16,0.068869,0.079528,6.358286,0.403515
1979-10-17,0.0,0.0,6.274476,0.385174
1979-10-18,0.011058,0.0,5.794095,0.385174
1979-10-19,0.0,0.0,5.928381,0.385174
1979-10-20,0.0,0.0,5.697524,0.385174
1979-10-21,0.0,0.0,5.084,0.384062
1979-10-22,0.013949,0.0,4.674286,0.357939
1979-10-23,0.0,0.0,4.785334,0.3446
1979-10-24,3.671721,6.808483,5.022667,0.360162
1979-10-25,3.638428,6.174407,5.356953,0.40685
1979-10-26,0.4316,1.06145,5.424952,0.487998
1979-10-27,0.333661,0.167009,5.728381,0.429082
1979-10-28,0.040601,0.04832,5.14381,0.408518
1979-10-29,2.075798,1.893676,5.941714,0.36572
1979-10-30,1.161412,1.549105,4.044952,0.3446
1979-10-31,3.714275,4.395965,1.843619,0.410741
1979-11-01,9.843045,12.612946,5.300381,0.77924
1979-11-02,2.602199,1.847381,6.028571,0.54469
1979-11-03,2.362299,1.64681,4.982667,0.420745
1979-11-04,0.0,0.0,4.583238,0.357939
1979-11-05,0.693787,0.23953,5.327429,0.312919
1979-11-06,0.026455,0.003614,6.188,0.30347
1979-11-07,3.041382,2.07214,5.965143,0.278459
1979-11-08,2.920095,5.131558,5.50381,0.274012
1979-11-09,0.0,0.0,6.435429,0.274012
1979-11-10,0.0,0.0,6.406857,0.274012
1979-11-11,0.000818,0.0,5.877714,0.26901
1979-11-12,0.005727,0.0,5.928,0.245666
1979-11-13,0.0,0.056679,6.717333,0.243443
1979-11-14,0.605097,0.468544,6.562095,0.237329
1979-11-15,2.719529,2.035361,6.64381,0.216764
1979-11-16,0.0,0.0,6.527619,0.215097
1979-11-17,0.71787,0.556092,6.71981,0.215097
1979-11-18,0.0,0.0,6.345333,0.215097
1979-11-19,0.0,0.0,6.386857,0.215097
1979-11-20,0.0,0.0,6.093905,0.215097
1979-11-21,2.116324,1.59954,5.486476,0.215097
1979-11-22,0.000804,0.012743,5.674095,0.215097
1979-11-23,0.402602,0.454634,4.554857,0.215097
1979-11-24,0.022987,0.0,6.115429,0.215097
1979-11-25,0.0,0.0,6.403048,0.215097
1979-11-26,2.283614,1.683989,6.965524,0.215097
1979-11-27,0.0,3.155532,6.62781,0.205648
1979-11-28,0.494927,4.071403,5.836381,0.190086
1979-11-29,1.960407,2.263963,6.562476,0.190086
1979-11-30,0.90641,0.662231,6.830095,0.180081
1979-12-01,0.0,0.0,6.873714,0.184528
1979-12-02,0.0,0.0,5.749333,0.190086
1979-12-03,0.00138,0.0,6.745714,0.188974
1979-12-04,0.0,0.0,5.943048,0.1723
1979-12-05,0.058739,0.0,6.447048,0.167298
1979-12-06,0.0,0.0,6.506286,0.167298
1979-12-07,0.0,0.0,6.878476,0.167298
1979-12-08,2.074898,2.717261,6.102286,0.167298
1979-12-09,0.001737,0.0,6.387048,0.167298
1979-12-10,0.0,0.0,6.080191,0.165074
1979-12-11,0.0,0.0,5.67981,0.149512
1979-12-12,0.002651,0.0,5.184381,0.146733
1979-12-13,0.0,0.0,5.054095,0.143954
1979-12-14,2.39481,1.421273,6.259429,0.130059
1979-12-15,0.286393,0.226416,5.302095,0.128947
1979-12-16,0.001202,0.0,4.768762,0.146177
1979-12-17,0.006689,0.0,5.822667,0.154514
1979-12-18,0.003664,0.0,6.518095,0.159516
1979-12-19,0.0,0.0,6.250667,0.126724
1979-12-20,0.017932,0.0,5.924,0.105603
1979-12-21,0.0,0.0,5.437333,0.091152
1979-12-22,0.000686,0.0,6.248,0.101713
1979-12-23,0.0,0.0,6.359429,0.116719
1979-12-24,0.0,0.0,5.073143,0.115052
1979-12-25,1.228077,1.899212,4.749143,0.111161
1979-12-26,19.935811,22.383323,5.013143,0.116719
1979-12-27,11.050898,18.911298,4.826476,0.207872
1979-12-28,5.491406,2.810228,3.167238,0.295689
1979-12-29,44.823145,28.016722,2.781905,1.008788
1979-12-30,76.6116,72.365091,2.847238,2.685655
1979-12-31,7.514226,4.604881,4.751429,2.630631
1980-01-01,8.603568,8.846998,5.520762,0.719213
1980-01-02,0.762184,0.691952,6.048762,0.462987
1980-01-03,0.533744,1.346948,5.836762,0.341265
1980-01-04,7.737214,2.820328,2.980191,0.287352
1980-01-05,26.98167,15.07692,2.632,0.670858
1980-01-06,29.55208,25.709887,2.313714,2.850174
1980-01-07,12.856726,6.63291,2.406667,2.008684
1980-01-08,0.331985,1.692159,6.565143,0.966547
1980-01-09,0.010915,0.0,6.193143,0.583041
1980-01-10,1.299074,0.769475,6.623048,0.450203
1980-01-11,0.245817,0.028733,6.581905,0.40685
1980-01-12,0.071466,0.0,6.255429,0.343488
1980-01-13,9.423681,10.218404,6.479238,0.312363
1980-01-14,0.0,0.0,6.529143,0.390732
1980-01-15,0.0,0.0,7.584381,0.300135
1980-01-16,0.0,0.0,7.495619,0.262341
1980-01-17,0.0,0.0,7.416762,0.243443
1980-01-18,0.303817,0.825625,7.091048,0.256782
1980-01-19,0.0001,0.0,7.212381,0.245666
1980-01-20,0.0001,0.0,6.675048,0.265675
1980-01-21,0.0,0.056679,5.768762,0.266231
1980-01-22,0.152065,0.144724,4.855238,0.244555
1980-01-23,4.070009,1.303967,5.827429,0.686421
1980-01-24,0.002143,0.0,6.911619,0.541911
1980-01-25,0.005478,0.0,7.094286,0.313475
1980-01-26,0.000605,0.0,7.351429,0.252336
1980-01-27,1.376827,3.390835,5.029905,0.243443
1980-01-28,0.157228,0.0,3.050286,0.243443
1980-01-29,5.745988,0.276172,5.644762,0.352381
1980-01-30,1.179955,2.835764,5.662286,0.371279
1980-01-31,0.0,0.0,6.271429,0.415187
1980-02-01,0.106879,0.0,4.954476,0.378504
1980-02-02,6.74896,1.442435,6.46,0.377948
1980-02-03,0.026583,0.0,6.840952,0.422413
1980-02-04,0.003417,0.0,6.624,0.309028
1980-02-05,0.0,0.0,4.282286,0.275124
1980-02-06,0.005459,0.0,3.878476,0.274012
1980-02-07,0.559235,0.564102,4.970095,0.274012
1980-02-08,2.707846,0.355965,2.818095,0.315142
1980-02-09,5.990452,7.163786,4.285905,0.457428
1980-02-10,7.622571,2.935952,2.514667,0.836488
1980-02-11,17.428082,1.30278,2.266476,0.979331
1980-02-12,4.820859,6.090477,4.136191,0.99267
1980-02-13,25.52285,32.790638,4.610095,0.709765
1980-02-14,3.937721,3.738777,5.237143,0.800361
1980-02-15,0.010975,0.0,6.291238,0.599715
1980-02-16,0.133811,0.0,5.128191,0.428527
1980-02-17,11.443512,8.463965,2.873333,0.789801
1980-02-18,8.155433,7.313659,4.308381,1.018237
1980-02-19,0.412452,0.24928,5.028381,0.569701
1980-02-20,0.034792,0.0,6.114095,0.481328
1980-02-21,4.642723,2.244274,5.563238,0.40685
1980-02-22,0.898328,2.208717,6.345714,0.385174
1980-02-23,0.007366,0.0,5.497905,0.393511
1980-02-24,0.009604,0.0,5.055048,0.404627
1980-02-25,5.932349,4.500346,4.997333,0.44798
1980-02-26,0.0,0.0,4.373143,0.426303
1980-02-27,8.966328,4.672176,4.957714,0.384618
1980-02-28,7.622813,5.434814,5.273524,0.459096
1980-02-29,1.149978,0.005326,5.877905,0.498002
1980-03-01,30.973242,25.710017,3.756381,0.452426
1980-03-02,3.225476,0.651177,4.013714,0.733664
1980-03-03,3.533529,5.664163,3.913714,0.594157
1980-03-04,24.948633,34.590993,4.357714,1.670198
1980-03-05,25.491185,21.410656,4.898857,2.920206
1980-03-06,40.702974,23.536911,2.233905,1.992009
1980-03-07,13.880419,12.700494,5.613524,2.120401
1980-03-08,1.663988,3.649668,4.402857,1.535137
1980-03-09,8.018696,7.336499,5.270857,1.07215
1980-03-10,4.547976,2.951401,4.881524,1.049918
1980-03-11,1.098819,0.040732,3.293905,0.974884
1980-03-12,4.03995,3.329296,4.746095,1.103831
1980-03-13,1.347625,0.689123,5.458667,0.938757
1980-03-14,0.315344,0.592726,4.555048,0.701427
1980-03-15,2.851695,1.067168,5.540571,0.597492
1980-03-16,0.0,0.0,4.700381,0.539132
1980-03-17,0.026806,0.43351,2.095238,0.487998
1980-03-18,119.359379,99.118219,1.012762,3.900092
1980-03-19,155.322442,159.930603,2.296572,79.679819
1980-03-20,12.7659,5.67179,3.559619,16.964872
1980-03-21,0.033209,0.005326,3.140952,5.31573
1980-03-22,5.284572,0.457304,3.889714,3.60885
1980-03-23,9.328657,11.423602,3.887238,3.287594
1980-03-24,2.956401,1.247999,3.478286,2.70622
1980-03-25,3.942215,5.180123,4.352191,2.530586
1980-03-26,1.115406,0.573287,5.680762,2.294924
1980-03-27,4.97944,8.753313,3.961714,2.311042
1980-03-28,0.0,0.0,4.826667,2.356618
1980-03-29,0.0,0.0,3.715429,1.972556
1980-03-30,0.0,0.0,5.657524,1.843053
1980-03-31,0.0,0.0,5.594095,1.71633
1980-04-01,0.0,0.0,4.057714,1.637961
1980-04-02,1.286819,0.540191,3.829333,1.562927
1980-04-03,0.216282,0.0,4.988762,1.5268
1980-04-04,0.0,0.0,5.322857,1.488449
1980-04-05,0.090913,0.108682,5.542667,1.418973
1980-04-06,0.0,0.0,5.244953,1.38896
1980-04-07,0.186391,0.0,5.522476,1.349497
1980-04-08,0.0,0.0,4.170667,1.28558
1980-04-09,9.150305,6.641278,3.235048,1.352276
1980-04-10,19.202407,16.263443,3.489714,2.153193
1980-04-11,17.6051,12.756141,3.506286,1.849167
1980-04-12,10.156821,3.341286,2.965333,1.808038
1980-04-13,26.945487,21.181612,3.276952,1.879181
1980-04-14,12.606646,6.971,3.868381,2.229339
1980-04-15,15.218925,12.862959,3.555048,2.113731
1980-04-16,12.311996,10.464543,3.865905,2.394969
1980-04-17,2.797158,2.535945,4.553524,2.215999
1980-04-18,6.366468,4.085648,4.232381,1.939764
1980-04-19,22.143711,15.453865,3.444,2.20933
1980-04-20,3.218819,1.993638,3.875429,2.485009
1980-04-21,0.150556,0.0,2.489714,2.098724
1980-04-22,1.124639,1.367573,2.151619,1.951436
1980-04-23,9.983759,8.676166,2.386095,2.017021
1980-04-24,42.452414,14.166807,3.010476,2.205439
1980-04-25,0.749887,0.0,3.623619,2.416645
1980-04-26,0.003903,0.0,4.285334,1.96811
1980-04-27,0.0,0.0,4.337333,1.835828
1980-04-28,6.661685,5.503763,2.880952,1.829158
1980-04-29,17.87381,17.204298,2.320952,2.565046
1980-04-30,5.457152,3.428676,2.957714,2.606175
1980-05-01,2.700108,0.36796,2.337524,2.187097
1980-05-02,2.415991,1.972529,2.234857,2.050925
1980-05-03,5.571814,3.006224,1.913905,2.044811
1980-05-04,5.343501,5.202059,2.410857,2.132628
1980-05-05,6.971749,4.375226,3.208952,2.052592
1980-05-06,3.524172,0.43939,3.226667,2.133184
1980-05-07,0.00199,0.0,4.339048,1.943098
1980-05-08,0.009609,0.0,3.635048,1.766352
1980-05-09,0.003921,0.0,3.964191,1.610171
1980-05-10,0.005117,0.0,3.692571,1.489005
1980-05-11,0.0,0.0,3.749905,1.397297
1980-05-12,0.003285,0.0,4.15581,1.38896
1980-05-13,0.598482,0.0,4.08,1.370062
1980-05-14,0.234224,0.0,4.039238,1.286691
1980-05-15,1.399373,0.188545,2.597333,1.252787
1980-05-16,2.851944,1.134796,2.709524,1.206099
1980-05-17,1.773798,0.003428,3.514667,1.197207
1980-05-18,0.0,0.0,3.72,1.189425
1980-05-19,7.996974,8.565071,2.739048,1.176086
1980-05-20,3.028211,2.339548,2.672,1.300031
1980-05-21,2.038235,0.348344,2.451048,1.218883
1980-05-22,6.775995,5.349654,1.216381,1.184423
1980-05-23,12.373964,3.547982,1.443238,1.327265
1980-05-24,0.120526,0.016003,1.92781,1.275019
1980-05-25,1.690867,0.629693,2.797333,1.157188
1980-05-26,2.016003,1.087551,1.925143,1.16497
1980-05-27,11.446551,9.588295,1.518857,1.19276
1980-05-28,14.830065,13.682651,2.726476,3.456003
1980-05-29,0.143084,0.0,3.496952,2.114843
1980-05-30,0.042429,0.0,3.810286,1.555702
1980-05-31,0.239156,0.0,3.036952,1.396185
1980-06-01,0.026163,0.0,2.828381,1.317261
1980-06-02,0.0,0.0,4.016762,1.263903
1980-06-03,0.015513,0.0,3.226667,1.246673
1980-06-04,0.004169,0.0,3.711048,1.173307
1980-06-05,0.000491,0.0,3.705333,1.1344
1980-06-06,0.0,0.0,3.596762,1.092715
1980-06-07,0.0,0.0,2.736571,1.076041
1980-06-08,0.661955,0.0,2.559429,1.035467
1980-06-09,2.687031,1.025677,1.978476,1.024351
1980-06-10,9.358841,3.352719,3.408381,1.361725
1980-06-11,0.115422,0.065098,3.525333,1.242783
1980-06-12,0.16002,0.100286,2.341524,1.053809
1980-06-13,5.410166,2.378846,2.417905,1.119394
1980-06-14,4.052472,0.039229,2.254476,1.068815
1980-06-15,2.215024,1.178439,2.442857,1.023795
1980-06-16,0.054498,0.0,3.472,0.993781
1980-06-17,0.0,0.0,3.758857,0.970438
1980-06-18,0.004944,0.0,3.176762,0.939868
1980-06-19,0.00306,0.0,3.123429,0.919303
1980-06-20,0.005887,0.0,2.269333,0.918748
1980-06-21,0.006871,0.0,2.115619,0.887067
1980-06-22,1.432937,0.691942,2.136191,0.869281
1980-06-23,2.033261,0.354081,2.242667,0.869281
1980-06-24,3.973339,0.779984,2.224952,0.869837
1980-06-25,3.742972,0.322653,2.081143,1.038246
1980-06-26,0.966399,0.015427,2.024952,0.988223
1980-06-27,0.0,0.0,3.057333,0.933754
1980-06-28,0.019955,0.0,3.260191,0.91708
1980-06-29,0.003099,0.0,2.442286,0.882064
1980-06-30,0.000406,0.0,2.577333,0.869281
1980-07-01,0.006871,0.0,2.883619,0.869281
1980-07-02,0.006503,0.0,2.957333,0.866502
1980-07-03,0.005965,0.0,2.389333,0.832042
1980-07-04,0.005459,0.0,2.116,0.818703
1980-07-05,0.005192,0.0,2.063048,0.775905
1980-07-06,0.0,0.0,2.470286,0.79258
1980-07-07,0.005645,0.001712,3.142286,0.780352
1980-07-08,0.005911,0.0,3.328,0.739222
1980-07-09,0.006419,0.0,3.102667,0.731997
1980-07-10,0.005911,0.0,2.283809,0.758675
1980-07-11,0.006246,0.0,3.159238,0.770903
1980-07-12,6.582906,5.519581,2.385524,0.737555
1980-07-13,32.28309,27.968345,2.649714,0.862055
1980-07-14,16.71175,10.4396,2.568762,1.22722
1980-07-15,3.93434,1.078992,2.467429,1.271685
1980-07-16,0.80247,0.0,3.401333,0.903741
1980-07-17,1.86732,0.409285,2.346667,0.822037
1980-07-18,0.099457,0.0,3.581143,0.821482
1980-07-19,0.006825,0.0,3.052191,0.793135
1980-07-20,1.137896,0.768905,1.784191,0.793691
1980-07-21,0.0,0.0,2.458286,0.775905
1980-07-22,0.0,0.0,2.537905,0.736999
1980-07-23,0.0,0.0,1.294286,0.731997
1980-07-24,2.407245,1.038232,1.613524,0.731997
1980-07-25,9.075218,5.248159,2.382667,0.798138
1980-07-26,1.945353,0.068366,3.284952,0.814812
1980-07-27,0.006661,0.0,3.961333,0.704762
1980-07-28,0.0,0.0,3.615048,0.685865
1980-07-29,0.0,0.0,4.058667,0.638066
1980-07-30,0.0,0.0,3.820381,0.608608
1980-07-31,0.008144,0.0,2.556,0.56192
1980-08-01,0.0,0.0,2.074857,0.605273
1980-08-02,0.0,0.0,2.901333,0.609719
1980-08-03,0.30184,0.233471,2.315238,0.609719
1980-08-04,0.0,0.0,2.604952,0.609719
1980-08-05,0.110539,0.0,2.487238,0.577483
1980-08-06,5.616205,5.870214,2.813143,0.617501
1980-08-07,3.704699,2.897294,2.699429,0.726994
1980-08-08,1.19497,1.496135,2.482857,0.71699
1980-08-09,1.929935,1.631755,1.807238,0.665856
1980-08-10,0.0,0.0,1.54819,0.618612
1980-08-11,2.413903,0.646631,2.280191,0.609719
1980-08-12,2.611293,0.58756,2.511429,0.648626
1980-08-13,0.742318,0.625828,2.929905,0.691979
1980-08-14,20.782279,21.845646,2.479238,0.780352
1980-08-15,7.168557,3.467149,3.685905,1.089936
1980-08-16,4.154103,4.858837,3.232762,0.76201
1980-08-17,16.035379,11.934987,1.774095,0.783687
1980-08-18,16.640584,13.053245,3.211429,1.756903
1980-08-19,12.252223,8.130402,3.114857,1.300586
1980-08-20,1.40566,0.0,3.515238,1.55459
1980-08-21,0.330571,0.232919,4.205714,0.988223
1980-08-22,4.043813,2.229453,3.360381,0.833153
1980-08-23,6.641901,2.420339,2.978286,0.809254
1980-08-24,2.357956,1.897064,3.981333,0.782575
1980-08-25,0.000539,0.0,4.301714,0.793691
1980-08-26,0.077392,0.0,2.13981,0.710876
1980-08-27,0.192353,0.0,2.862476,0.6892
1980-08-28,0.002706,0.0,4.585333,0.6892
1980-08-29,0.0,0.0,4.021333,0.618056
1980-08-30,0.122113,0.0,3.462667,0.538576
1980-08-31,0.132165,0.135747,4.096952,0.538576
1980-09-01,0.0,0.0,3.567048,0.581929
1980-09-02,0.000787,0.0,4.758667,0.658075
1980-09-03,0.0,0.0,5.135048,0.611387
1980-09-04,0.0,0.0,5.090667,0.585264
1980-09-05,0.0,0.0,4.790095,0.539132
1980-09-06,0.000368,0.0,5.162476,0.538576
1980-09-07,0.0,0.0,4.868572,0.513565
1980-09-08,0.0,0.0,4.422286,0.474658
1980-09-09,0.0,0.0,4.100572,0.450203
1980-09-10,0.0,0.0,4.800381,0.394067
1980-09-11,0.0,0.0,5.078286,0.365165
1980-09-12,0.0,0.0,5.004381,0.388509
1980-09-13,0.0,0.0,5.425714,0.414076
1980-09-14,0.0,0.0,5.524762,0.376281
1980-09-15,0.000125,0.0,5.207048,0.365165
1980-09-16,0.0,0.0,4.660381,0.36183
1980-09-17,0.0,0.0,5.44381,0.32737
1980-09-18,0.000593,0.0,4.576,0.319033
1980-09-19,0.0,0.0,5.428571,0.330705
1980-09-20,0.0,0.0,5.331429,0.365165
1980-09-21,0.0,0.0,4.862476,0.365165
1980-09-22,0.0,0.0,5.704,0.391843
1980-09-23,0.0,0.0,5.627238,0.371279
1980-09-24,0.000958,0.0,4.818476,0.365165
1980-09-25,0.0,0.0,5.025333,0.365165
1980-09-26,0.000837,0.0,5.441333,0.365165
1980-09-27,0.0,0.0,5.635619,0.365165
1980-09-28,0.0,0.0,4.611619,0.365165
1980-09-29,0.200299,0.193434,4.941905,0.365165
1980-09-30,0.502439,0.565674,4.768572,0.354049
1980-10-01,0.514851,0.777502,4.793524,0.289019
1980-10-02,2.321702,3.251558,5.172,0.277903
1980-10-03,0.541749,1.906051,5.931429,0.26901
1980-10-04,0.0,0.0,5.807619,0.242887
1980-10-05,0.000368,0.0,4.996381,0.232327
1980-10-06,1.036518,0.123981,4.844952,0.245666
1980-10-07,4.046882,2.413484,6.016381,0.302914
1980-10-08,0.0,0.0,5.487619,0.325702
1980-10-09,0.0,0.0,5.609333,0.271789
1980-10-10,0.000655,0.0,5.568191,0.244555
1980-10-11,0.0,0.0,5.432,0.235662
1980-10-12,0.0,0.0,5.084572,0.229548
1980-10-13,1.496172,2.13139,4.982286,0.26512
1980-10-14,0.0,0.0,4.844953,0.405183
1980-10-15,0.164678,0.0,5.631619,0.311807
1980-10-16,1.371741,3.105096,4.582667,0.287352
1980-10-17,1.193981,1.570244,4.508571,0.426859
1980-10-18,1.919053,2.085057,6.040571,0.410741
1980-10-19,0.000977,0.0,6.027619,0.381283
1980-10-20,0.0,0.0,6.469905,0.318477
1980-10-21,0.23383,0.0,5.881524,0.279015
1980-10-22,0.001808,0.0,5.456762,0.266231
1980-10-23,2.953687,5.476728,4.092381,0.242887
1980-10-24,7.660569,8.592697,2.608571,0.403515
1980-10-25,3.933454,1.085492,4.844953,0.665856
1980-10-26,4.609076,1.642977,5.878095,0.419634
1980-10-27,1.020374,0.016737,6.144953,0.391843
1980-10-28,0.0,0.0,5.910857,0.342377
1980-10-29,0.000493,0.0,6.608762,0.319033
1980-10-30,0.0,0.0,6.08,0.319033
1980-10-31,0.0,0.0,6.346095,0.319033
1980-11-01,0.000366,0.0,6.576,0.318477
1980-11-02,0.0,0.0,6.424381,0.295133
1980-11-03,0.0,0.0,6.134667,0.277903
1980-11-04,0.000921,0.0,6.529714,0.277903
1980-11-05,0.0,0.0,6.405714,0.277903
1980-11-06,0.24027,0.201058,5.717905,0.298468
1980-11-07,0.0,0.0,5.285905,0.280126
1980-11-08,0.565885,0.04629,6.285714,0.29291
1980-11-09,0.584624,0.0,5.322286,0.285684
1980-11-10,6.872145,3.167979,5.725334,0.277903
1980-11-11,14.718265,10.605838,4.475048,0.277903
1980-11-12,4.924578,2.210835,4.814286,0.386841
1980-11-13,3.503523,5.914625,4.480571,0.406294
1980-11-14,7.892922,7.256898,4.030476,0.3685
1980-11-15,8.765236,11.590261,5.818286,0.479661
1980-11-16,1.477537,2.083585,5.823238,0.319589
1980-11-17,0.027349,0.0,5.532572,0.221211
1980-11-18,0.684087,1.422207,5.65181,0.206204
1980-11-19,0.006812,0.0,6.229714,0.186751
1980-11-20,0.000757,0.0,5.835048,0.162295
1980-11-21,0.0,0.0,5.792191,0.155626
1980-11-22,0.00035,0.0,6.377333,0.155626
1980-11-23,0.0,0.0,5.982286,0.174523
1980-11-24,0.0,0.0,6.061905,0.195644
1980-11-25,0.001994,0.0,6.130667,0.181193
1980-11-26,0.000164,0.0,4.99619,0.171188
1980-11-27,2.406698,4.619389,5.994857,0.192865
1980-11-28,0.087961,0.079743,6.002286,0.186751
1980-11-29,0.0,0.0,6.041334,0.20676
1980-11-30,0.001244,0.0,7.093333,0.190642
1980-12-01,0.00197,0.0,6.250476,0.179525
1980-12-02,0.0,0.0,5.452,0.163407
1980-12-03,0.0,0.0,4.637143,0.146177
1980-12-04,2.419273,2.022425,5.26,0.207872
1980-12-05,0.462134,0.655975,4.780953,0.22399
1980-12-06,1.322109,1.374832,5.924952,0.186195
1980-12-07,0.001607,0.0,5.997524,0.179525
1980-12-08,2.616257,3.873854,4.721524,0.179525
1980-12-09,18.899286,13.531915,4.61981,0.198979
1980-12-10,18.012705,18.010022,3.718286,0.449091
1980-12-11,33.548475,30.84146,4.532191,1.09994
1980-12-12,6.711386,7.500559,5.196762,0.471879
1980-12-13,4.969096,5.29347,5.785334,0.321256
1980-12-14,0.0,0.0,5.700762,0.23066
1980-12-15,0.007431,0.006855,5.519048,0.203425
1980-12-16,0.107746,0.0,4.383429,0.193976
1980-12-17,14.408791,9.692113,4.215429,0.198423
1980-12-18,2.987288,3.84152,3.38381,0.277903
1980-12-19,2.650614,2.786649,5.083238,0.375169
1980-12-20,4.782028,5.443549,3.539238,0.304026
1980-12-21,4.257039,4.657102,4.192381,0.340709
1980-12-22,9.47572,11.72738,5.787238,0.354049
1980-12-23,0.063616,0.0,6.484952,0.359607
1980-12-24,0.74394,0.500512,6.64,0.205648
1980-12-25,0.0,0.0,6.821143,0.161184
1980-12-26,0.000125,0.0,6.144381,0.154514
1980-12-27,0.0,0.0,4.568381,0.138952
1980-12-28,0.007853,0.0,5.727619,0.134505
1980-12-29,1.56779,2.078436,5.38,0.134505
1980-12-30,12.474568,9.488541,4.795619,0.158405
1980-12-31,7.855158,7.560489,5.196191,0.179525
1981-01-01,22.081903,22.125478,6.252381,0.609719
1981-01-02,22.732634,24.456915,5.683619,0.683642
1981-01-03,12.535294,11.238213,4.163238,3.312605
1981-01-04,21.565167,20.489827,2.766857,1.90308
1981-01-05,76.588391,98.615938,2.0,5.381871
1981-01-06,20.096767,10.760357,2.155048,4.132975
1981-01-07,78.205043,69.672769,1.958667,5.187339
1981-01-08,108.296987,127.220125,1.959429,50.30046
1981-01-09,35.350491,26.761118,1.388381,27.969835
1981-01-10,168.199898,161.749811,1.659429,89.25358
1981-01-11,48.511352,49.902635,1.795429,31.541445
1981-01-12,18.887059,13.939015,2.020762,20.3036
1981-01-13,118.374658,114.65724,1.946095,43.386231
1981-01-14,93.723514,99.315916,2.151429,90.644207
1981-01-15,60.788798,55.872545,2.190476,57.5604
1981-01-16,33.920065,32.991747,3.084571,104.512127
1981-01-17,52.596445,41.609089,3.253524,40.794507
1981-01-18,14.884038,12.53534,3.817714,26.619226
1981-01-19,4.37707,4.858233,3.058667,17.891957
1981-01-20,21.777184,13.816158,3.022476,14.078571
1981-01-21,94.571985,105.613419,2.740762,56.508259
1981-01-22,13.503307,10.760105,3.021905,30.577121
1981-01-23,16.193341,14.059738,5.905143,19.430984
1981-01-24,8.817215,6.307777,4.385333,13.922389
1981-01-25,23.932273,36.744722,6.379429,13.797333
1981-01-26,3.486817,15.231422,5.75181,11.435712
1981-01-27,2.091804,2.203195,4.808953,10.093996
1981-01-28,8.573789,13.358614,7.097714,11.760859
1981-01-29,0.193402,0.0,6.552952,8.720043
1981-01-30,0.000895,0.0,6.743619,7.633998
1981-01-31,0.060792,0.073447,6.936381,6.851979
1981-02-01,1.312811,0.354037,5.669333,6.22225
1981-02-02,24.289221,12.463175,4.626286,6.765273
1981-02-03,17.576449,12.436747,4.431238,7.831865
1981-02-04,25.31301,23.151366,6.134095,18.729001
1981-02-05,0.151116,0.0,4.678667,9.902243
1981-02-06,16.88777,12.507544,3.675429,8.020283
1981-02-07,13.741901,7.842033,5.882476,7.959145
1981-02-08,3.721512,0.017714,5.196191,7.533953
1981-02-09,5.841726,7.124362,4.480571,6.982037
1981-02-10,2.414464,0.02114,2.867619,6.530167
1981-02-11,76.155439,85.446964,4.187238,31.105137
1981-02-12,8.19934,6.477282,4.862857,21.949342
1981-02-13,7.913279,6.741255,7.256381,12.756308
1981-02-14,0.966988,0.800483,6.831429,9.697706
1981-02-15,1.526905,0.091608,6.490095,8.353767
1981-02-16,0.526894,0.0,6.521143,7.223813
1981-02-17,0.0,0.0,5.065143,6.576299
1981-02-18,8.1841,0.903789,6.937714,6.281166
1981-02-19,1.378744,17.534847,5.558095,6.848644
1981-02-20,19.58761,12.082069,5.437333,6.708581
1981-02-21,0.329712,0.224966,5.108762,7.371102
1981-02-22,9.8516,14.717665,5.638857,6.066069
1981-02-23,11.243285,20.379959,4.294095,7.557852
1981-02-24,11.92575,26.966411,3.978667,8.651123
1981-02-25,75.868677,58.625649,1.93581,24.623326
1981-02-26,68.635236,53.332336,2.300381,32.150053
1981-02-27,42.123791,36.704365,3.754857,22.429559
1981-02-28,0.001529,0.0,6.126286,16.050015
1981-03-01,0.005208,0.0,6.435619,10.853227
1981-03-02,0.0,0.0,6.246667,8.857883
1981-03-03,0.0,0.0,5.491048,7.630107
1981-03-04,0.0,0.0,4.684191,6.753601
1981-03-05,0.0,0.0,4.918095,6.141658
1981-03-06,0.0,0.0,5.478857,5.668667
1981-03-07,0.003084,0.0,6.006667,5.330181
1981-03-08,0.002872,0.0,6.373714,4.986137
1981-03-09,2.39002,1.334064,5.486857,4.691004
1981-03-10,0.0,0.0,6.363238,4.232464
1981-03-11,0.002353,0.0,6.724571,3.972347
1981-03-12,0.57785,0.363363,5.95981,3.770033
1981-03-13,0.08599,0.0,5.590095,3.620521
1981-03-14,0.000249,0.092302,5.284381,3.449333
1981-03-15,0.102465,0.0,6.055048,3.327612
1981-03-16,0.218657,0.0,5.485714,3.238683
1981-03-17,2.579712,2.935998,4.093524,3.212004
1981-03-18,30.129074,25.398427,2.46,3.455447
1981-03-19,46.780578,38.327003,4.133905,4.684335
1981-03-20,21.48468,16.093107,4.210857,4.046269
1981-03-21,11.512573,9.005099,6.062857,3.447666
1981-03-22,0.0,0.0,5.415429,3.128633
1981-03-23,0.0,0.0,5.782857,2.946884
1981-03-24,0.0,0.0,5.231619,2.852953
1981-03-25,0.012545,0.0,4.313714,2.731232
1981-03-26,7.631423,5.027554,4.770857,2.993016
1981-03-27,8.103004,12.030218,5.245333,2.993572
1981-03-28,13.341791,18.175633,4.949524,2.944661
1981-03-29,12.145811,16.128864,5.362857,3.882306
1981-03-30,7.264507,3.25004,4.017714,3.140861
1981-03-31,2.827334,4.277261,4.158286,3.146419
1981-04-01,10.22178,1.743935,4.712572,2.979677
1981-04-02,1.179803,0.806786,5.615429,2.820716
1981-04-03,0.002586,0.0,5.715048,2.648416
1981-04-04,0.017024,0.012743,5.710286,2.505018
1981-04-05,0.005878,0.0,5.537905,2.341056
1981-04-06,0.018331,0.0,4.456191,2.246013
1981-04-07,5.561496,8.635154,4.206095,2.181539
1981-04-08,2.62694,1.500348,4.399048,2.159307
1981-04-09,9.456053,3.841495,4.916,2.329384
1981-04-10,0.733994,0.654811,5.320762,2.718448
1981-04-11,0.077755,0.0,5.013143,2.15764
1981-04-12,1.361615,0.161677,3.253333,2.1443
1981-04-13,6.167292,4.442065,4.494476,2.604508
1981-04-14,0.455456,0.08601,5.431048,2.455552
1981-04-15,0.0,0.0,5.101714,2.084829
1981-04-16,0.000802,0.0,5.536381,1.93754
1981-04-17,0.000104,0.0,5.528762,1.828602
1981-04-18,0.0,0.0,4.451429,1.758015
1981-04-19,2.286747,2.674588,3.413524,1.731892
1981-04-20,3.404611,0.304939,3.790667,1.813596
1981-04-21,7.404515,4.786478,3.425333,1.986451
1981-04-22,7.052273,3.058078,3.451048,2.050369
1981-04-23,18.349609,12.66168,4.215429,2.343835
1981-04-24,4.534823,5.982037,3.358476,2.921317
1981-04-25,0.911187,0.388152,4.700191,3.359848
1981-04-26,3.419955,0.030858,4.112381,2.256017
1981-04-27,17.732768,12.298804,3.543429,2.34717
1981-04-28,0.446096,0.25955,3.931619,2.548371
1981-04-29,1.7e-05,0.0,4.28,2.110396
1981-04-30,0.0,0.0,4.686857,1.945877
1981-05-01,0.0,0.0,4.580191,1.859172
1981-05-02,0.094589,0.0,4.080571,1.801924
1981-05-03,1.003504,1.169458,4.276381,1.794142
1981-05-04,0.059204,0.0,4.151429,1.69243
1981-05-05,0.640398,0.010283,2.875429,1.68576
1981-05-06,0.270874,0.0,2.473714,1.731892
1981-05-07,1.817952,0.543761,3.224952,1.78914
1981-05-08,0.0,0.0,3.429333,1.671865
1981-05-09,0.0,0.0,3.879238,1.557925
1981-05-10,0.004358,0.0,2.720191,1.494007
1981-05-11,0.0,0.0,2.238476,1.431757
1981-05-12,1.536442,0.191419,2.725714,1.408969
1981-05-13,2.090363,0.092362,1.405143,1.370618
1981-05-14,8.656551,4.252542,2.62381,1.559036
1981-05-15,5.748021,3.517906,2.941333,1.538472
1981-05-16,0.577701,1.231722,2.652952,1.366727
1981-05-17,22.655835,10.386407,1.652952,1.768575
1981-05-18,5.525126,3.05347,2.109714,1.661305
1981-05-19,5.29412,2.6809,1.408762,1.760794
1981-05-20,14.718145,8.667785,1.132191,1.946989
1981-05-21,101.42045,82.493105,1.440952,16.748664
1981-05-22,9.999767,7.498602,3.544381,7.104315
1981-05-23,0.381297,0.185909,3.828,3.8434
1981-05-24,0.050755,0.0,2.647619,3.136414
1981-05-25,0.020264,0.0,1.88019,2.820161
1981-05-26,2.573722,2.496914,1.586286,2.606175
1981-05-27,1.139892,1.226218,2.996381,2.503907
1981-05-28,0.18872,0.121153,2.012571,2.416089
1981-05-29,10.434036,8.894429,1.986476,2.603396
1981-05-30,3.699665,4.608679,2.529524,3.032479
1981-05-31,0.001549,0.0,4.004762,2.884634
1981-06-01,0.006916,0.0,3.176381,2.610622
1981-06-02,4.084717,2.234627,2.766667,2.366623
1981-06-03,0.72848,0.756738,2.648381,2.246013
1981-06-04,5.200837,4.903388,2.224952,2.102615
1981-06-05,18.995175,13.058586,3.181524,2.17487
1981-06-06,0.0,0.0,2.179048,2.214888
1981-06-07,0.0,0.0,2.169905,1.912529
1981-06-08,0.0,0.0,2.580952,1.801368
1981-06-09,0.0,0.0,2.55619,1.736339
1981-06-10,0.0,0.0,2.895048,1.716885
1981-06-11,0.0,0.0,2.268191,1.667419
1981-06-12,0.0,0.0,2.42781,1.647965
1981-06-13,0.0,0.0,2.422857,1.566818
1981-06-14,0.0,0.0,2.835048,1.54792
1981-06-15,0.0,0.0,2.725143,1.561815
1981-06-16,0.0,0.0,2.731048,1.497898
1981-06-17,0.0,0.0,3.103238,1.471219
1981-06-18,0.010792,0.0,2.269905,1.470663
1981-06-19,0.0,0.0,2.129143,1.433424
1981-06-20,0.0,0.0,1.891619,1.372841
1981-06-21,0.0,0.0,1.221905,1.350609
1981-06-22,0.0,0.0,0.996571,1.350609
1981-06-23,0.000167,0.0,2.142286,1.350609
1981-06-24,0.0,0.0,1.845333,1.349497
1981-06-25,0.0,0.0,1.943619,1.310035
1981-06-26,0.0,0.0,2.316381,1.253899
1981-06-27,0.0,0.0,3.061524,1.236113
1981-06-28,0.0,0.0,2.731048,1.234446
1981-06-29,0.0,0.0,2.854286,1.196651
1981-06-30,0.0,0.0,3.109333,1.181088
1981-07-01,0.371525,0.394435,3.309524,1.181088
1981-07-02,0.044408,0.0,2.808952,1.181088
1981-07-03,0.005934,0.0,3.050286,1.181088
1981-07-04,0.0,0.0,3.319048,1.178309
1981-07-05,0.000125,0.0,2.414095,1.140514
1981-07-06,0.0,0.0,3.217143,1.124952
1981-07-07,0.001101,0.0,3.048,1.087157
1981-07-08,0.0,0.0,3.158667,1.072706
1981-07-09,0.0,0.0,2.330286,1.032688
1981-07-10,0.0,0.0,3.075048,0.987112
1981-07-11,0.027334,0.0,2.210857,0.978219
1981-07-12,0.002478,0.0,2.237333,1.018237
1981-07-13,1.166417,0.463796,2.578095,1.046583
1981-07-14,0.13409,0.0,2.91581,1.026574
1981-07-15,0.070755,0.0,2.428191,1.040469
1981-07-16,0.746758,0.097324,2.281333,1.103275
1981-07-17,10.964142,4.758827,1.687238,1.108833
1981-07-18,5.721864,1.868531,2.209333,1.216104
1981-07-19,10.2851,3.156877,2.080381,1.163858
1981-07-20,33.06497,19.000104,1.46381,1.955882
1981-07-21,21.047937,23.177285,1.83981,4.064611
1981-07-22,10.736096,9.606781,1.814286,3.003577
1981-07-23,9.403378,10.594634,3.467429,3.657205
1981-07-24,0.634509,0.832885,3.448762,2.838502
1981-07-25,0.654269,0.266221,3.216571,2.033695
1981-07-26,0.065035,0.013884,3.490095,1.804147
1981-07-27,0.238955,0.442054,3.579048,1.629068
1981-07-28,0.081055,0.0,3.170667,1.508458
1981-07-29,0.0,0.0,2.933524,1.412304
1981-07-30,0.000452,0.0,2.529333,1.385625
1981-07-31,0.0,0.0,3.389524,1.331712
1981-08-01,0.0,0.0,3.242286,1.252787
1981-08-02,0.0,0.0,3.285143,1.263903
1981-08-03,0.219942,0.007608,3.642667,1.245006
1981-08-04,0.002245,0.0,4.063619,1.229999
1981-08-05,0.0,0.0,3.775048,1.182756
1981-08-06,1.133815,0.999585,3.713333,1.128842
1981-08-07,1.000346,0.874781,3.787048,1.087713
1981-08-08,1.581507,1.541264,3.542667,1.157744
1981-08-09,0.000329,0.0,3.641714,1.128287
1981-08-10,0.002102,0.0,3.682095,1.107722
1981-08-11,0.003339,0.0,4.269143,1.028797
1981-08-12,0.199038,0.096512,4.442286,1.042137
1981-08-13,0.004492,0.0,3.906857,0.978219
1981-08-14,5.013754,4.372932,4.218857,0.978219
1981-08-15,3.894632,3.175392,2.760952,0.955987
1981-08-16,1.277649,1.07382,4.041333,0.894292
1981-08-17,0.0,0.0,4.088952,0.922082
1981-08-18,0.0,0.0,4.03181,0.920415
1981-08-19,0.0,0.0,3.82381,0.864834
1981-08-20,0.0,0.0,4.256,0.841491
1981-08-21,0.000487,0.0,4.215429,0.817591
1981-08-22,0.0,0.0,4.205334,0.798693
1981-08-23,0.096399,0.0,4.39981,0.836488
1981-08-24,3.98066,1.552347,2.508,0.865946
1981-08-25,3.641853,2.178205,2.591429,0.963768
1981-08-26,0.020073,0.0,4.028952,0.884843
1981-08-27,0.00101,0.0,4.697333,0.857053
1981-08-28,0.0,0.0,4.936952,0.813144
1981-08-29,0.0,0.0,4.359048,0.770903
1981-08-30,0.0,0.0,4.474095,0.755896
1981-08-31,0.0,0.0,3.915048,0.729774
1981-09-01,0.194974,0.0,3.426476,0.715323
1981-09-02,0.371596,0.0,3.379048,0.672525
1981-09-03,0.67024,0.0,2.274476,0.681418
1981-09-04,4.494498,6.242965,2.260762,0.773126
1981-09-05,10.195802,9.243033,3.26019,1.298363
1981-09-06,18.617377,14.776709,3.724762,1.132177
1981-09-07,6.104803,6.680705,1.690857,1.08271
1981-09-08,11.112952,8.334242,2.436571,1.305033
1981-09-09,11.127054,5.532294,3.711238,1.199986
1981-09-10,4.648899,2.099028,3.456,1.229999
1981-09-11,20.225504,13.220707,3.578667,1.218327
1981-09-12,18.930281,15.557272,4.331429,2.640635
1981-09-13,3.046663,1.379533,4.506667,1.597943
1981-09-14,1.718441,0.003428,2.623429,1.176086
1981-09-15,30.442881,16.483589,3.698667,2.26102
1981-09-16,8.159351,4.828729,4.342095,2.107061
1981-09-17,0.0,0.0,4.912952,1.348942
1981-09-18,0.633108,0.418454,4.42781,1.167749
1981-09-19,1.444167,2.186052,3.513714,1.028241
1981-09-20,11.562336,12.252859,3.750286,0.980998
1981-09-21,2.938856,0.266039,5.635048,1.199986
1981-09-22,0.0,0.0,5.365524,0.974328
1981-09-23,0.0,0.0,5.569333,0.873727
1981-09-24,0.0,0.0,5.733143,0.824816
1981-09-25,0.0,0.0,5.314667,0.782019
1981-09-26,0.0,0.0,5.617714,0.749227
1981-09-27,0.0,0.0,5.020381,0.756452
1981-09-28,0.017535,0.0,5.460952,0.732553
1981-09-29,1.478212,1.949873,1.901714,0.676416
1981-09-30,0.452507,0.749839,4.246667,0.671414
1981-10-01,1.233683,1.115027,4.814286,0.737555
1981-10-02,4.596492,8.074811,4.94,0.801473
1981-10-03,0.006483,0.0,4.717333,1.133289
1981-10-04,0.798082,0.73403,2.240572,0.769236
1981-10-05,0.004896,0.0,3.804952,0.705318
1981-10-06,6.9e-05,0.0,3.818095,0.641956
1981-10-07,3.214185,1.081705,4.180762,0.643624
1981-10-08,2.66652,2.222014,3.117143,0.714211
1981-10-09,21.012976,22.23789,4.445333,0.773682
1981-10-10,4.366782,4.64659,4.960381,1.23389
1981-10-11,1.030599,0.008939,3.76019,1.084378
1981-10-12,8.128564,8.952486,5.600762,0.927641
1981-10-13,0.001966,0.0,6.133714,0.864279
1981-10-14,0.986851,0.001712,5.086667,0.78591
1981-10-15,1.147826,0.321097,5.308953,0.75145
1981-10-16,0.005348,0.0,6.082857,0.732553
1981-10-17,0.135227,0.079743,5.818476,0.725883
1981-10-18,0.0,0.0,5.938667,0.688088
1981-10-19,0.0,0.0,6.205333,0.698093
1981-10-20,0.0,0.0,6.521714,0.649737
1981-10-21,0.0,0.0,5.437905,0.6414
1981-10-22,0.0,0.0,3.062286,0.622503
1981-10-23,0.0,0.0,5.097143,0.552471
1981-10-24,0.0725,0.0,4.707048,0.548581
1981-10-25,0.000251,0.0,4.650667,0.58582
1981-10-26,18.789803,17.717845,3.444952,0.605273
1981-10-27,17.597909,20.641301,5.912,1.052697
1981-10-28,0.639061,0.559334,6.097333,0.690867
1981-10-29,1.311306,0.282442,5.72,0.550804
1981-10-30,10.034077,5.985849,4.609143,0.563587
1981-10-31,7.042267,11.464497,5.959429,0.928196
1981-11-01,1.258594,2.610792,5.574476,0.816479
1981-11-02,0.079974,0.0,6.142095,0.703651
1981-11-03,0.047485,0.0,6.592572,0.649737
1981-11-04,0.134446,0.0,5.745143,0.618612
1981-11-05,0.0,0.0,7.240381,0.620836
1981-11-06,0.0,0.0,6.806286,0.619724
1981-11-07,0.0,0.0,6.088,0.566367
1981-11-08,0.066399,0.0,3.271429,0.558585
1981-11-09,2.972803,2.749856,3.977333,0.761454
1981-11-10,11.794269,15.405101,6.35181,1.077708
1981-11-11,0.001362,0.0,6.487048,0.835377
1981-11-12,0.002264,0.0,6.033333,0.631952
1981-11-13,0.0,0.0,5.499048,0.552471
1981-11-14,0.01596,0.163188,5.174667,0.563032
1981-11-15,26.71215,20.895738,4.817714,1.291694
1981-11-16,17.394388,16.027183,5.471429,0.99656
1981-11-17,9.177589,6.969489,5.475048,0.880397
1981-11-18,38.329156,34.168178,3.024191,1.406745
1981-11-19,24.490446,13.70395,3.533143,4.190779
1981-11-20,33.155045,37.580527,4.542095,11.092224
1981-11-21,1.580593,1.448517,4.215048,5.620868
1981-11-22,57.721657,63.049269,4.782857,6.957026
1981-11-23,9.390694,7.308933,3.874095,4.032374
1981-11-24,18.073337,32.03881,5.241143,3.870634
1981-11-25,5.99726,2.677668,5.754095,2.931322
1981-11-26,0.54425,1.109874,6.576572,2.803486
1981-11-27,9.738888,7.61329,6.053714,2.338832
1981-11-28,3.725699,0.692892,5.15181,1.996456
1981-11-29,27.23056,23.949298,5.017905,3.063604
1981-11-30,8.255353,9.003903,5.48781,2.572827
1981-12-01,0.13678,0.196372,5.294857,2.024802
1981-12-02,1.342978,1.207549,6.599238,1.893632
1981-12-03,5.445379,4.297482,5.640381,1.838051
1981-12-04,5.058385,11.917109,7.023619,2.182651
1981-12-05,1.832044,5.510218,6.862476,1.746899
1981-12-06,1.046298,1.623021,5.066286,1.56515
1981-12-07,4.674323,4.850201,5.059238,1.517907
1981-12-08,2.361656,2.721691,6.952952,1.616284
1981-12-09,0.0,0.0,7.105714,1.360614
1981-12-10,0.000547,0.0,7.12,1.209434
1981-12-11,13.350608,12.011601,5.973905,1.195539
1981-12-12,4.075595,3.323753,5.848762,1.639072
1981-12-13,1.938638,1.544077,5.867048,1.636849
1981-12-14,0.144913,0.140689,5.430667,1.283356
1981-12-15,1.092712,0.111739,5.460381,1.226108
1981-12-16,5.103531,4.67404,3.112952,1.186646
1981-12-17,1.566988,0.270797,6.551048,1.206099
1981-12-18,0.306066,0.790221,6.440381,1.442873
1981-12-19,0.0,0.0,6.966286,1.206099
1981-12-20,0.009862,0.0,7.550095,1.137179
1981-12-21,0.043384,0.016737,7.297905,1.041581
1981-12-22,0.0,0.0,6.971619,1.026574
1981-12-23,0.000474,0.0,7.030667,0.982665
1981-12-24,0.687161,0.096517,4.097524,0.930975
1981-12-25,2.536289,3.33749,5.158095,0.930975
1981-12-26,18.489319,23.643566,6.052381,1.905304
1981-12-27,10.717282,21.498587,6.515619,1.370062
1981-12-28,0.0,0.0,5.915048,1.032132
1981-12-29,0.009572,0.0,6.360381,0.944871
1981-12-30,1.52266,0.0653,6.244381,0.981554
1981-12-31,0.007906,0.0,6.685333,0.918192
1982-01-01,0.003748,0.0,6.856953,0.869281
1982-01-02,0.000937,0.0,6.958857,0.853162
1982-01-03,0.0,0.0,4.785333,0.853718
1982-01-04,0.002757,0.0,5.215429,0.840935
1982-01-05,0.003538,0.0,5.605524,0.840935
1982-01-06,0.060859,0.04832,5.752,0.840935
1982-01-07,0.05615,0.073447,5.877714,0.863167
1982-01-08,0.200623,0.289658,5.880572,0.834265
1982-01-09,0.739079,1.699372,5.750286,0.791468
1982-01-10,0.769355,0.494998,6.673714,0.763122
1982-01-11,6.685605,10.761057,4.649333,0.798138
1982-01-12,4.620592,5.695191,5.551238,0.857609
1982-01-13,0.740279,0.650422,5.026095,0.823705
1982-01-14,7.865993,4.565615,6.194667,0.784798
1982-01-15,5.422719,5.445312,4.491238,0.79258
1982-01-16,3.523815,2.628129,5.767429,0.919303
1982-01-17,0.931778,0.949486,5.376381,1.02046
1982-01-18,3.097961,2.269862,4.472191,0.937645
1982-01-19,2.679293,2.87901,3.353143,0.890402
1982-01-20,22.866776,23.421097,2.195048,0.934866
1982-01-21,24.939429,22.278808,3.731429,2.276026
1982-01-22,12.550175,3.741098,5.575238,1.6752
1982-01-23,3.112385,3.195936,5.051429,1.102719
1982-01-24,16.661957,10.767161,3.998095,1.149407
1982-01-25,5.526086,5.235335,6.693143,1.488449
1982-01-26,0.355022,0.111376,6.43181,1.270017
1982-01-27,2.566782,2.608901,4.115238,1.034355
1982-01-28,29.39032,30.092571,2.240952,1.152742
1982-01-29,44.690257,30.659581,2.561524,7.898006
1982-01-30,1.890443,1.051996,6.377905,4.533155
1982-01-31,0.065919,0.016737,6.346857,2.566713
1982-02-01,0.091321,0.0,6.833905,1.891964
1982-02-02,7.8e-05,0.0,6.050476,1.580713
1982-02-03,3.208681,4.170973,5.97581,1.425087
1982-02-04,45.835651,57.510634,4.891429,2.436099
1982-02-05,14.67253,17.212506,5.343238,5.043385
1982-02-06,4.880519,6.010026,4.67981,3.098619
1982-02-07,9.807429,5.478411,4.244953,2.820716
1982-02-08,11.11436,14.263922,4.694095,3.200332
1982-02-09,4.985807,2.026766,6.165143,2.759022
1982-02-10,0.043134,0.0,6.61581,2.356618
1982-02-11,0.014628,0.0,6.618857,2.020355
1982-02-12,0.807777,0.16264,5.030095,1.833049
1982-02-13,12.704059,30.469867,4.86381,1.836939
1982-02-14,10.910478,12.387751,4.693524,2.08205
1982-02-15,13.75018,9.85594,6.323048,2.734011
1982-02-16,0.980456,0.544304,5.638095,2.26102
1982-02-17,0.429345,0.148916,6.439238,2.354395
1982-02-18,0.007816,0.0,7.019048,2.029804
1982-02-19,1.135658,1.053093,6.289143,1.791363
1982-02-20,1.162855,1.210472,6.255429,1.643519
1982-02-21,4.649312,1.63596,3.630857,1.624621
1982-02-22,46.747974,47.145121,5.268572,4.40921
1982-02-23,1.773093,0.746795,5.831429,3.694444
1982-02-24,13.168462,6.959236,2.758857,3.483237
1982-02-25,32.986479,26.961297,6.279238,3.349844
1982-02-26,9.372063,13.936725,5.197524,3.191995
1982-02-27,1.680495,0.0,5.990286,2.851842
1982-02-28,2.968637,1.050265,5.84019,2.505018
1982-03-01,1.748194,0.029512,5.454286,2.287142
1982-03-02,0.020861,0.012743,6.355429,2.114287
1982-03-03,1.695006,2.068129,6.463429,1.961996
1982-03-04,17.287658,22.325079,4.319619,2.15764
1982-03-05,21.692026,29.483979,5.254286,8.207034
1982-03-06,5.636726,9.566016,6.430476,6.021048
1982-03-07,0.900435,0.558063,7.001333,4.012365
1982-03-08,0.065417,0.0,6.124572,3.342063
1982-03-09,0.0,0.0,5.960381,3.072497
1982-03-10,18.688817,19.791592,4.003619,2.91965
1982-03-11,28.922106,24.745821,5.765143,4.402541
1982-03-12,0.0,0.0,5.875048,3.523255
1982-03-13,0.0,0.0,4.930095,2.870739
1982-03-14,1.151129,1.012334,4.958857,2.825719
1982-03-15,4.332273,0.746788,5.204952,2.808489
1982-03-16,5.384896,4.389254,3.604762,2.990237
1982-03-17,44.94599,49.75132,2.970667,8.30041
1982-03-18,140.856603,162.30969,2.163619,49.787451
1982-03-19,45.664319,65.695944,3.814286,88.414869
1982-03-20,16.958849,16.126246,3.557905,23.279386
1982-03-21,22.225262,25.056686,3.863619,17.30836
1982-03-22,9.244373,5.435008,4.408572,12.027646
1982-03-23,13.972909,14.439987,4.000952,10.620345
1982-03-24,3.634714,2.918437,5.458667,9.727164
1982-03-25,0.834165,0.03752,4.882857,7.767391
1982-03-26,0.761994,1.439956,4.802095,6.664672
1982-03-27,2.194626,3.180706,5.410857,6.123317
1982-03-28,0.185441,0.0293,5.524762,5.381315
1982-03-29,1.267891,1.544693,5.317333,4.761036
1982-03-30,2.232679,2.637087,3.759429,4.314723
1982-03-31,3.226942,3.526014,2.105143,4.103517
1982-04-01,29.080642,14.248345,2.124762,4.15743
1982-04-02,68.55373,46.262238,3.967238,10.865455
1982-04-03,44.579446,35.873467,2.973524,7.962479
1982-04-04,55.741183,49.54488,4.870095,20.743243
1982-04-05,8.351261,4.200117,4.354286,16.875943
1982-04-06,0.0,0.0,5.194286,9.868339
1982-04-07,0.165303,0.0,1.973524,7.602317
1982-04-08,4.601226,5.775205,1.768952,6.525165
1982-04-09,20.709448,16.394172,2.328762,6.253931
1982-04-10,12.366922,0.167994,3.821143,6.77361
1982-04-11,5.128348,0.025714,4.470095,5.893213
1982-04-12,4.551856,0.0,3.666286,5.310728
1982-04-13,1.269998,0.597086,3.140952,4.833291
1982-04-14,4.421414,1.307331,1.631429,4.371971
1982-04-15,172.01808,130.783742,1.441524,45.835113
1982-04-16,72.851579,57.35235,2.639619,49.749656
1982-04-17,31.697519,12.680113,1.337143,19.191432
1982-04-18,3.696339,1.798432,3.275619,13.412715
1982-04-19,5.118397,1.248709,3.458667,9.679365
1982-04-20,1.4412,0.426057,4.164572,7.932466
1982-04-21,1.532706,0.229888,3.63581,6.827523
1982-04-22,1.362182,0.260333,3.921524,6.20113
1982-04-23,2.495746,0.278086,3.510095,5.666444
1982-04-24,1.381858,0.058862,3.244952,5.307949
1982-04-25,1.280177,1.324336,3.082857,4.911659
1982-04-26,0.257533,0.0,4.651238,4.547606
1982-04-27,0.004098,0.0,4.406286,4.147426
1982-04-28,0.002212,0.0,4.188762,3.95734
1982-04-29,0.149388,0.0,2.319238,3.718343
1982-04-30,1.56604,0.806982,1.468571,3.529925
1982-05-01,14.703404,13.890785,1.782286,3.831172
1982-05-02,6.876034,8.902605,4.040381,3.925659
1982-05-03,0.0,0.0,4.075048,3.409315
1982-05-04,0.0,0.0,4.101905,3.251466
1982-05-05,0.038398,0.0,4.256,3.094173
1982-05-06,0.007072,0.0,4.464762,2.981344
1982-05-07,0.005789,0.0,4.126095,2.869627
1982-05-08,0.034777,0.0,4.170667,2.800707
1982-05-09,0.004373,0.0,4.200381,2.756799
1982-05-10,0.022959,0.0,4.050095,2.68899
1982-05-11,0.012818,0.0,4.113524,2.58561
1982-05-12,0.0,0.0,4.178095,2.423871
1982-05-13,0.005359,0.0,3.838857,2.463889
1982-05-14,0.006023,0.0,3.14,2.412199
1982-05-15,0.009695,0.0,3.842667,2.352728
1982-05-16,0.050214,0.0,2.473714,2.291033
1982-05-17,9.750028,5.394438,2.769905,2.32327
1982-05-18,2.509859,0.008571,2.579429,2.35773
1982-05-19,16.398025,18.571716,2.625333,2.493902
1982-05-20,9.014866,2.894411,2.57181,2.968005
1982-05-21,4.163557,1.193257,3.662286,2.590613
1982-05-22,0.530299,0.499581,3.298286,2.23712
1982-05-23,0.0,0.0,2.873524,2.145412
1982-05-24,0.090532,0.0,3.118286,2.134852
1982-05-25,0.001395,0.0,3.411619,2.124847
1982-05-26,0.004193,0.0,2.653905,2.059262
1982-05-27,1.29316,1.718794,3.107238,2.00257
1982-05-28,5.843214,6.609998,2.329143,2.130961
1982-05-29,11.88904,14.930992,2.013143,2.49946
1982-05-30,4.789137,2.043351,2.636762,2.444436
1982-05-31,0.015977,0.0,2.804,2.203772
1982-06-01,0.078798,0.0,2.946476,2.008684
1982-06-02,0.194347,0.0,1.016571,1.894187
1982-06-03,0.0,0.0,2.521333,1.850835
1982-06-04,0.0,0.0,2.802286,1.799145
1982-06-05,8.118181,6.214422,1.542476,1.719109
1982-06-06,17.427074,10.135952,1.55219,1.941987
1982-06-07,12.789481,6.462252,1.108571,2.326049
1982-06-08,24.728088,17.967547,2.357524,2.154305
1982-06-09,0.264433,0.0,3.323429,2.008128
1982-06-10,0.002163,0.0,3.531048,1.92031
1982-06-11,0.0,0.0,2.627048,1.893076
1982-06-12,0.0,0.0,2.575048,1.7997
1982-06-13,0.0,0.0,2.759429,1.719109
1982-06-14,0.000368,0.0,1.995429,1.669642
1982-06-15,0.0,0.0,2.708381,1.594052
1982-06-16,0.0,0.0,2.338667,1.54792
1982-06-17,0.0,0.0,2.371048,1.476777
1982-06-18,0.0,0.0,2.530095,1.43398
1982-06-19,0.0,0.0,1.917714,1.367839
1982-06-20,0.0,0.0,1.355429,1.326709
1982-06-21,0.018123,0.0,1.992381,1.226664
1982-06-22,0.0,0.0,1.446667,1.167193
1982-06-23,0.0,0.0,1.916762,1.131066
1982-06-24,0.0,0.0,2.296762,1.076041
1982-06-25,0.0,0.0,2.014667,1.042137
1982-06-26,0.006847,0.0,2.548762,0.990447
1982-06-27,0.0,0.0,2.877714,0.989891
1982-06-28,0.001417,0.0,2.618095,0.989891
1982-06-29,0.599775,0.007998,2.912571,0.989891
1982-06-30,0.000716,0.0,3.040572,0.989891
1982-07-01,0.006189,0.0,2.898667,0.958766
1982-07-02,0.0,0.0,2.625333,0.910966
1982-07-03,1.031931,1.117494,2.258667,0.881509
1982-07-04,0.0,0.0,2.517714,0.836488
1982-07-05,1.745461,1.860363,2.398476,0.835933
1982-07-06,0.0,0.0,2.394476,0.808698
1982-07-07,0.0,0.0,2.123619,0.766457
1982-07-08,0.046836,0.20529,3.041905,0.74089
1982-07-09,0.284375,0.0,2.221333,0.701983
1982-07-10,2.204243,2.112507,2.723619,0.701983
1982-07-11,1.84631,1.6548,3.030095,0.701983
1982-07-12,2.188614,0.995751,2.367048,0.701983
1982-07-13,5.004185,3.626244,2.608572,0.93431
1982-07-14,5.903231,5.008191,2.589714,1.052141
1982-07-15,0.574046,0.271541,1.579619,0.990447
1982-07-16,0.178097,0.0,2.469714,0.989891
1982-07-17,0.189399,0.08601,2.887619,0.958766
1982-07-18,0.002584,0.0,2.851619,0.910966
1982-07-19,0.004369,0.0,2.272381,0.910411
1982-07-20,0.0,0.0,2.239429,0.910411
1982-07-21,0.0,0.0,2.543048,0.881509
1982-07-22,0.0,0.0,2.930476,0.836488
1982-07-23,8.4e-05,0.0,3.030667,0.835933
1982-07-24,8.4e-05,0.0,3.425333,0.835933
1982-07-25,0.0,0.0,3.538857,0.808698
1982-07-26,0.322426,0.0,2.310286,0.766457
1982-07-27,0.08123,0.0,2.622286,0.766457
1982-07-28,4.086481,3.740333,2.48381,1.058255
1982-07-29,3.203475,2.10506,2.498095,1.232778
1982-07-30,0.309167,0.333453,2.802286,1.043804
1982-07-31,0.0,0.0,1.933333,0.990447
1982-08-01,0.0,0.0,2.491048,0.958766
1982-08-02,0.0,0.0,1.500952,0.882064
1982-08-03,1.650785,0.031616,2.161143,0.836488
1982-08-04,1.341183,1.821637,1.725905,0.808698
1982-08-05,0.241628,0.0,1.688952,0.741445
1982-08-06,0.230651,0.168562,1.91619,0.701983
1982-08-07,1.128841,0.021523,1.664191,0.701983
1982-08-08,3.798962,2.237651,1.916381,0.701983
1982-08-09,0.988916,0.0,1.835429,0.701983
1982-08-10,1.797202,0.406774,2.156,0.701983
1982-08-11,1.466166,0.341329,2.193524,0.701983
1982-08-12,1.091343,0.303589,2.984571,0.701983
1982-08-13,0.393893,0.062839,3.027429,0.678084
1982-08-14,0.039273,0.0,4.003619,0.641956
1982-08-15,0.0,0.0,4.124,0.6414
1982-08-16,0.000372,0.0,4.125143,0.619724
1982-08-17,0.0,0.0,3.829524,0.58582
1982-08-18,3.228564,1.491182,2.513714,0.58582
1982-08-19,3.071948,2.331574,1.924381,0.58582
1982-08-20,1.830153,1.954998,1.970667,0.58582
1982-08-21,0.567,0.397881,2.19181,0.58582
1982-08-22,0.865167,0.0,1.641333,0.58582
1982-08-23,0.013495,0.0,2.624381,0.58582
1982-08-24,0.027182,0.0,3.647238,0.58582
1982-08-25,0.029593,0.0,3.003048,0.58582
1982-08-26,0.013947,0.0,3.146667,0.58582
1982-08-27,6.922498,5.659381,2.789143,0.565255
1982-08-28,14.08173,12.543195,2.89181,0.595824
1982-08-29,3.455424,0.044177,3.39619,0.700316
1982-08-30,4.361603,2.412694,3.505143,0.701983
1982-08-31,0.03407,0.0,4.370286,0.678084
1982-09-01,0.001317,0.0,4.446667,0.62028
1982-09-02,0.195517,0.0,3.405524,0.565811
1982-09-03,2.657857,3.582867,3.396952,0.53413
1982-09-04,0.06819,0.0,4.99619,0.533574
1982-09-05,0.0,0.0,4.872572,0.514677
1982-09-06,0.0,0.0,4.572381,0.485775
1982-09-07,0.0,0.0,4.270857,0.485775
1982-09-08,0.0,0.0,4.436,0.472991
1982-09-09,0.0,0.0,4.740381,0.44131
1982-09-10,2.652333,1.107053,2.916191,0.440754
1982-09-11,0.000167,0.0,3.640952,0.440754
1982-09-12,2.568337,5.021463,4.516571,0.457428
1982-09-13,2.39359,2.00605,3.556952,0.485219
1982-09-14,7.276445,4.118059,3.193714,0.467989
1982-09-15,3.637189,2.030671,5.054095,0.52079
1982-09-16,0.0001,0.0,5.290667,0.48244
1982-09-17,0.0,0.0,4.796572,0.425192
1982-09-18,0.0,0.0,5.109333,0.384618
1982-09-19,0.0,0.0,5.417333,0.36183
1982-09-20,0.002232,0.0,4.474476,0.361274
1982-09-21,0.0,0.0,3.337524,0.361274
1982-09-22,0.0,0.0,4.5,0.347935
1982-09-23,9.922937,4.16667,4.402476,0.326814
1982-09-24,0.156066,0.038071,5.101714,0.326814
1982-09-25,0.000327,0.0,5.746095,0.326814
1982-09-26,0.0,0.0,5.276381,0.326814
1982-09-27,0.0,0.0,5.187429,0.326814
1982-09-28,0.0,0.0,5.808952,0.326814
1982-09-29,0.0,0.0,4.225905,0.326814
1982-09-30,0.0,0.0,2.658857,0.31403
1982-10-01,0.0,0.0,3.179619,0.282905
1982-10-02,0.0,0.0,4.629905,0.264564
1982-10-03,0.081817,0.054073,3.693524,0.264564
1982-10-04,8.102658,9.088568,5.086095,0.273457
1982-10-05,0.012959,0.0,6.085333,0.460208
1982-10-06,0.0,0.0,5.894667,0.395734
1982-10-07,0.0,0.0,5.621143,0.314586
1982-10-08,0.0,0.0,5.238095,0.306249
1982-10-09,0.001559,0.0,5.587619,0.326258
1982-10-10,0.0001,0.0,3.319429,0.326814
1982-10-11,0.0,0.0,2.153524,0.31403
1982-10-12,0.000977,0.0,2.540571,0.282905
1982-10-13,0.0,0.0,5.842286,0.264564
1982-10-14,0.0,0.0,5.627238,0.254003
1982-10-15,0.0,0.0,6.519619,0.237329
1982-10-16,0.0,0.0,6.268762,0.227325
1982-10-17,0.0,0.0,6.504953,0.212318
1982-10-18,0.0,0.0,6.006476,0.212318
1982-10-19,0.0,0.0,6.356,0.212318
1982-10-20,0.0,0.0,6.119048,0.212318
1982-10-21,0.0,0.0,6.101714,0.212318
1982-10-22,0.0,0.0,5.920762,0.212318
1982-10-23,0.0,0.0,6.378095,0.212318
1982-10-24,0.0,0.0,5.712,0.212318
1982-10-25,0.0,0.0,5.528762,0.212318
1982-10-26,0.0,0.0,5.423619,0.203425
1982-10-27,0.0,0.0,5.509143,0.18953
1982-10-28,0.0,0.0,5.688191,0.18953
1982-10-29,0.008491,0.0,5.456,0.18953
1982-10-30,0.0,0.0,5.826667,0.18953
1982-10-31,0.018291,0.0,5.262476,0.18953
1982-11-01,0.114647,0.09459,5.983238,0.18953
1982-11-02,0.00215,0.0,5.637905,0.18953
1982-11-03,5.129639,7.496556,5.182476,0.18953
1982-11-04,4.472301,5.443926,4.423619,0.216764
1982-11-05,0.194745,0.493821,5.257715,0.278459
1982-11-06,0.553635,1.074435,5.383619,0.248445
1982-11-07,0.000958,0.0,6.035048,0.246222
1982-11-08,0.223454,0.0,6.777714,0.237329
1982-11-09,0.0,0.0,6.873143,0.227325
1982-11-10,0.0,0.0,6.472572,0.205092
1982-11-11,0.0,0.0,6.874476,0.164519
1982-11-12,0.088653,0.0,5.704762,0.150068
1982-11-13,2.51864,4.205264,4.94781,0.156737
1982-11-14,0.177556,0.211751,5.553524,0.15507
1982-11-15,0.00074,0.0,5.812572,0.149512
1982-11-16,0.004667,0.0,5.369524,0.137284
1982-11-17,0.003923,0.0,5.210857,0.142842
1982-11-18,0.000982,0.0,5.070476,0.133949
1982-11-19,0.0,0.0,5.575429,0.128947
1982-11-20,5.726657,4.225425,5.127619,0.110605
1982-11-21,14.565448,9.414214,3.957905,0.254559
1982-11-22,2.164395,2.373119,5.119619,0.314586
1982-11-23,6.573601,6.933278,3.244,0.217876
1982-11-24,4.658354,5.422062,5.914857,0.403515
1982-11-25,1.800841,0.709075,5.630476,0.384062
1982-11-26,0.0,0.0,6.461714,0.272901
1982-11-27,0.0,0.0,6.401333,0.203981
1982-11-28,0.0,0.0,6.360381,0.171744
1982-11-29,0.002031,0.0,6.529524,0.151735
1982-11-30,2.405707,5.012338,5.677524,0.146733
1982-12-01,0.000965,0.0,6.74781,0.133949
1982-12-02,0.003997,0.0,5.728572,0.132838
1982-12-03,0.001326,0.0,6.438667,0.132838
1982-12-04,0.124678,0.0,5.530095,0.132838
1982-12-05,11.770352,9.12355,7.015619,0.136728
1982-12-06,6.976676,4.380152,6.623238,0.150068
1982-12-07,0.330751,0.14226,6.131048,0.150068
1982-12-08,29.062186,22.958434,4.684,0.152291
1982-12-09,4.377135,2.696519,4.693524,0.347379
1982-12-10,0.0,0.0,4.810476,0.212874
1982-12-11,0.0,0.0,4.432,0.162295
1982-12-12,0.0,0.0,5.435048,0.136728
1982-12-13,0.0,0.0,6.55981,0.132838
1982-12-14,0.807662,0.304386,5.397333,0.132838
1982-12-15,2.023685,2.12298,4.051429,0.150623
1982-12-16,4.470824,1.836694,5.119238,0.18953
1982-12-17,0.0,0.0,6.497333,0.18953
1982-12-18,0.0,0.0,6.436572,0.159516
1982-12-19,0.095458,0.0,6.685333,0.147844
1982-12-20,0.0,0.0,5.945905,0.140619
1982-12-21,2.258728,3.923799,6.532,0.15507
1982-12-22,12.352889,15.667586,5.200762,0.30347
1982-12-23,9.026088,9.052167,4.510286,0.380171
1982-12-24,17.565301,17.526028,4.850667,0.391288
1982-12-25,3.784403,4.908151,6.929714,0.44798
1982-12-26,0.0,0.0,6.561905,0.300691
1982-12-27,0.168609,0.001712,5.002286,0.205092
1982-12-28,0.032932,0.014269,6.071619,0.18953
1982-12-29,1.271341,0.8849,6.817333,0.196755
1982-12-30,0.4587,0.710596,6.560952,0.163407
1982-12-31,0.0,0.0,5.414476,0.150068
1983-01-01,0.185761,0.456356,4.573143,0.142286
1983-01-02,3.716642,3.145286,4.21581,0.260117
1983-01-03,4.557405,2.749645,4.286667,0.355716
1983-01-04,0.09245,0.046078,5.96381,0.212318
1983-01-05,0.003402,0.0,5.675048,0.183972
1983-01-06,0.0,0.0,6.777714,0.155626
1983-01-07,0.0,0.0,7.358667,0.150068
1983-01-08,0.0,0.0,6.176762,0.145065
1983-01-09,0.0,0.0,6.628762,0.133393
1983-01-10,0.440234,0.074057,6.670095,0.133393
1983-01-11,6.836577,8.52964,5.786095,0.136173
1983-01-12,0.000452,0.0,7.485333,0.168409
1983-01-13,0.005041,0.0,6.989524,0.142286
1983-01-14,0.010125,0.0,4.582286,0.132838
1983-01-15,13.089369,18.474787,4.170095,0.308472
1983-01-16,1.950058,2.264165,5.560762,0.711988
1983-01-17,0.610657,0.062656,7.082667,0.276791
1983-01-18,0.0,0.0,6.395048,0.228436
1983-01-19,0.0,0.0,6.675048,0.177858
1983-01-20,0.0,0.0,5.442286,0.164519
1983-01-21,0.26569,0.231788,5.63981,0.146177
1983-01-22,0.240781,0.025296,6.008571,0.133393
1983-01-23,0.0,0.0,6.725905,0.128391
1983-01-24,0.035275,0.0,6.853905,0.117831
1983-01-25,0.000858,0.0,6.568191,0.125056
1983-01-26,2.806622,2.32606,6.225334,0.123945
1983-01-27,6.500854,8.322594,5.090476,0.178414
1983-01-28,14.151873,16.89445,6.072381,0.584708
1983-01-29,2.267176,2.034445,3.799238,0.352381
1983-01-30,5.104035,5.226416,5.774667,0.245666
1983-01-31,1.940859,2.689675,4.546095,0.249557
1983-02-01,4.091077,0.467763,4.948381,0.219543
1983-02-02,0.028406,0.003994,6.046095,0.250669
1983-02-03,0.005804,0.0,6.188762,0.210095
1983-02-04,3.365789,1.920299,5.988762,0.208427
1983-02-05,9.577878,7.87974,5.363048,0.233439
1983-02-06,10.752277,10.908521,5.742667,0.315698
1983-02-07,2.830415,0.367179,4.679429,0.374613
1983-02-08,6.948888,3.885677,5.549143,0.26512
1983-02-09,6.75064,6.357672,4.292762,0.300135
1983-02-10,4.460601,4.147331,6.968381,0.397957
1983-02-11,0.0,0.0,6.961714,0.357383
1983-02-12,0.0,0.0,6.968953,0.248445
1983-02-13,0.0,0.0,6.456381,0.202313
1983-02-14,0.000203,0.0,6.328,0.18953
1983-02-15,0.0,0.0,6.061334,0.186195
1983-02-16,0.0,0.0,6.214095,0.170633
1983-02-17,0.0,0.0,5.664762,0.168965
1983-02-18,0.0,0.0,6.314667,0.168965
1983-02-19,0.364619,0.003994,5.943619,0.164519
1983-02-20,0.000547,0.0,5.186286,0.137284
1983-02-21,0.231486,0.28968,4.660191,0.132838
1983-02-22,5.209676,4.637677,5.604,0.132838
1983-02-23,2.000567,2.010224,5.615619,0.132838
1983-02-24,5.493785,1.131241,6.067619,0.146733
1983-02-25,0.000195,0.0,6.220762,0.14451
1983-02-26,0.042878,0.0,6.015429,0.138952
1983-02-27,0.30088,0.095976,5.752381,0.136173
1983-02-28,3.938605,0.89272,5.887429,0.132838
1983-03-01,4.162744,3.111037,4.33981,0.146733
1983-03-02,13.314987,16.117315,5.884762,0.313475
1983-03-03,8.138843,0.895567,6.303429,1.06548
1983-03-04,0.0,0.616157,6.803429,0.349602
1983-03-05,13.050599,16.687948,4.549524,0.349602
1983-03-06,115.861343,128.669282,1.929714,4.990584
1983-03-07,67.816527,89.703364,1.989333,34.465541
1983-03-08,38.236966,37.549127,1.963048,7.010383
1983-03-09,113.078624,101.871607,1.865333,30.563782
1983-03-10,86.817254,112.978768,1.95181,48.920949
1983-03-11,7.551964,3.238438,2.888381,28.381687
1983-03-12,28.360794,35.081323,1.890095,11.17893
1983-03-13,6.434632,7.667551,4.256572,9.06909
1983-03-14,3.018118,4.523923,5.897905,5.909887
1983-03-15,3.016395,5.108153,5.746857,4.249138
1983-03-16,0.0,0.0,6.408762,3.46434
1983-03-17,0.000452,0.0,5.620572,2.980233
1983-03-18,0.001847,0.0,5.431048,2.663979
1983-03-19,1.084228,0.012743,2.356,2.501684
1983-03-20,10.569405,6.489638,3.708571,2.507242
1983-03-21,0.014628,0.0,4.643238,2.279917
1983-03-22,0.0,0.0,5.047429,2.064264
1983-03-23,0.0,0.0,5.928952,1.929203
1983-03-24,0.0,0.0,6.101143,1.831937
1983-03-25,0.0,0.0,5.14,1.750789
1983-03-26,12.789801,8.350414,3.942476,1.715218
1983-03-27,17.852885,22.788316,5.390095,2.18543
1983-03-28,6.370564,7.753456,4.218476,2.076492
1983-03-29,6.768281,4.612661,5.91181,2.050925
1983-03-30,0.62356,1.294414,5.597143,1.784138
1983-03-31,2.942262,3.19122,4.945714,1.660749
1983-04-01,0.17269,0.008939,4.80381,1.60628
1983-04-02,0.28689,0.10303,4.683429,1.543474
1983-04-03,0.087571,0.0,4.916,1.537916
1983-04-04,0.001523,0.0,4.858095,1.530134
1983-04-05,0.077783,0.0,4.892381,1.492895
1983-04-06,13.580145,6.281898,4.632572,1.555146
1983-04-07,1.715326,0.455557,4.691238,1.50957
1983-04-08,0.214336,0.0,4.893714,1.431201
1983-04-09,23.146665,24.070492,5.202857,1.675756
1983-04-10,0.130043,0.032338,4.985143,1.538472
1983-04-11,0.331177,0.293285,4.830095,1.376732
1983-04-12,0.000911,0.0,4.861333,1.341716
1983-04-13,0.007608,0.0,4.805333,1.307812
1983-04-14,0.081289,0.0,3.563619,1.300031
1983-04-15,5.191231,2.94373,2.686476,1.328377
1983-04-16,0.883955,0.184894,3.221524,1.328933
1983-04-17,0.028596,0.0,3.371619,1.275019
1983-04-18,0.578265,0.010655,2.001905,1.253899
1983-04-19,0.022334,0.003428,3.292,1.207211
1983-04-20,0.824918,0.0,2.620381,1.118282
1983-04-21,9.945575,7.314621,1.917524,1.003786
1983-04-22,7.241765,3.838246,2.048571,1.381734
1983-04-23,7.223144,4.797637,2.724381,1.247229
1983-04-24,29.738651,29.154385,3.743619,1.749122
1983-04-25,8.447924,3.264534,3.151429,4.313612
1983-04-26,6.812385,6.688951,1.617524,3.043039
1983-04-27,48.559295,36.940283,1.578667,6.165002
1983-04-28,20.691077,9.694591,1.547048,5.412996
1983-04-29,14.32732,9.498844,3.72381,4.004584
1983-04-30,3.331687,1.909895,3.080952,3.427101
1983-05-01,14.185686,16.458808,1.288571,3.10251
1983-05-02,16.723131,14.580725,1.911429,2.871295
1983-05-03,15.800216,14.406799,2.545714,2.799596
1983-05-04,0.004022,0.0,3.780571,2.803486
1983-05-05,0.0,0.0,3.965905,2.522804
1983-05-06,0.000988,0.0,4.027048,2.298259
1983-05-07,0.078417,0.0,2.842286,2.126514
1983-05-08,5.213244,2.22795,1.969905,2.010907
1983-05-09,6.962872,0.455617,1.488191,2.077048
1983-05-10,11.114444,6.736912,2.539238,2.29548
1983-05-11,6.328093,1.908525,2.381524,2.069266
1983-05-12,6.152874,0.572008,0.938286,2.041476
1983-05-13,38.301946,28.160357,1.75581,2.465556
1983-05-14,18.630519,18.43615,1.545143,4.229129
1983-05-15,6.023925,4.049644,2.386095,2.94744
1983-05-16,3.393175,1.923575,3.509143,2.676763
1983-05-17,1.658158,0.531614,2.326095,2.334942
1983-05-18,5.238661,1.901463,3.147429,2.276582
1983-05-19,8.132333,8.211964,2.066476,2.459442
1983-05-20,14.478689,10.627547,2.517524,2.377183
1983-05-21,79.837561,67.26601,2.717333,13.137591
1983-05-22,0.322422,0.228741,2.828762,9.240278
1983-05-23,2.413538,3.037087,3.784952,5.380204
1983-05-24,0.000655,0.0,3.669143,4.10185
1983-05-25,0.07466,0.0,2.584191,3.18866
1983-05-26,2.112991,2.217488,3.033333,2.991349
1983-05-27,2.228056,0.72357,4.040381,2.886302
1983-05-28,1.048823,0.717707,2.750857,2.645637
1983-05-29,0.002282,0.0,2.206095,2.476117
1983-05-30,0.0,0.0,2.503619,2.37885
1983-05-31,1.424559,0.285508,0.900762,2.277694
1983-06-01,19.006397,9.083779,1.800762,2.789591
1983-06-02,0.24689,0.0,2.056952,2.436654
1983-06-03,0.0,0.0,2.546476,2.215443
1983-06-04,0.014098,0.0,1.991619,2.095945
1983-06-05,0.013025,0.0,1.84,2.009795
1983-06-06,0.053984,0.008939,2.52,1.924757
1983-06-07,0.004688,0.0,3.622476,1.853614
1983-06-08,0.0,0.0,2.821714,1.820821
1983-06-09,0.0,0.0,2.421333,1.744676
1983-06-10,0.00176,0.0,2.746095,1.722999
1983-06-11,0.004466,0.0,1.872381,1.690762
1983-06-12,0.023054,0.0,1.714667,1.669642
1983-06-13,0.010167,0.001712,2.150286,1.638517
1983-06-14,0.093726,0.0,2.044571,1.61684
1983-06-15,3.729578,0.535434,1.448571,1.587382
1983-06-16,6.773888,1.379048,1.601333,1.56515
1983-06-17,8.425629,2.827616,1.473143,1.564594
1983-06-18,6.778992,3.562804,3.599048,2.119289
1983-06-19,1.518503,0.576336,2.769333,1.593496
1983-06-20,3.044686,3.290784,2.704,1.480112
1983-06-21,0.0,0.0,3.101333,1.39952
1983-06-22,0.0,0.0,2.623619,1.392294
1983-06-23,0.0,0.0,2.685714,1.380623
1983-06-24,0.0,0.0,2.915048,1.347274
1983-06-25,0.000195,0.0,3.065905,1.345607
1983-06-26,0.001027,0.0,3.464571,1.332267
1983-06-27,0.0,0.0,2.768952,1.273908
1983-06-28,0.0,0.0,3.012381,1.25501
1983-06-29,0.0,0.0,3.361714,1.25501
1983-06-30,0.0,0.0,2.836381,1.249452
1983-07-01,0.0,0.0,2.314095,1.21666
1983-07-02,0.0,0.0,3.134476,1.204988
1983-07-03,0.0,0.0,2.872762,1.172195
1983-07-04,0.0,0.0,3.516191,1.149963
1983-07-05,0.0,0.0,2.664952,1.036023
1983-07-06,0.0,0.0,2.693333,1.001563
1983-07-07,0.0,0.0,1.033714,0.948205
1983-07-08,0.0,0.0,1.332,0.941536
1983-07-09,0.0,0.0,1.851238,0.941536
1983-07-10,0.021642,0.0,0.850476,0.941536
1983-07-11,3.714416,1.896522,1.949333,0.941536
1983-07-12,3.974094,1.699947,2.161524,1.009344
1983-07-13,1.775528,2.532928,2.3,1.102164
1983-07-14,3.665195,0.944549,2.501333,0.977107
1983-07-15,0.295132,0.010655,1.859619,0.884843
1983-07-16,0.749035,0.152374,2.497905,0.874283
1983-07-17,0.00377,0.0,3.884,0.905408
1983-07-18,0.021585,0.0,2.988381,0.886511
1983-07-19,0.0,0.0,3.173333,0.866502
1983-07-20,0.0,0.0,2.389333,0.778684
1983-07-21,0.0,0.0,2.560952,0.74478
1983-07-22,0.0,0.0,1.603048,0.702539
1983-07-23,0.0,0.0,1.542857,0.687532
1983-07-24,0.069263,0.0,2.717333,0.641956
1983-07-25,0.219459,0.0,2.218286,0.598603
1983-07-26,7.184792,2.857859,2.416,0.70643
1983-07-27,1.292342,0.261678,2.728952,0.853162
1983-07-28,0.0,0.0,3.364191,0.788133
1983-07-29,0.0,0.0,3.355429,0.750338
1983-07-30,0.0,0.0,4.009143,0.728106
1983-07-31,0.0,0.0,3.551429,0.693646
1983-08-01,0.00178,0.0,3.664571,0.673081
1983-08-02,0.0,0.0,2.928571,0.640845
1983-08-03,0.0,0.0,3.427238,0.640289
1983-08-04,0.0,0.0,1.129524,0.640289
1983-08-05,0.0,0.0,0.527238,0.620836
1983-08-06,4.966058,0.915393,1.807429,0.609164
1983-08-07,3.675748,0.402451,2.30381,0.639733
1983-08-08,2.667662,0.559033,2.456,0.660298
1983-08-09,3.060069,2.667535,2.823619,0.69309
1983-08-10,0.683341,0.78508,3.794857,0.673081
1983-08-11,0.059036,0.0,2.577524,0.621391
1983-08-12,0.384362,0.096703,2.51581,0.590266
1983-08-13,0.761352,0.295983,2.998476,0.609164
1983-08-14,6.477731,1.253503,2.299429,0.62028
1983-08-15,6.040843,1.013466,3.247048,0.629173
1983-08-16,10.918153,14.803205,2.982095,0.714211
1983-08-17,0.305123,0.175941,3.098286,0.686421
1983-08-18,0.0,0.0,2.006286,0.591378
1983-08-19,2.873144,2.129063,3.373714,0.609164
1983-08-20,0.327829,0.362804,4.733333,0.62028
1983-08-21,0.0,0.0,4.191429,0.571925
1983-08-22,0.0,0.0,4.89581,0.543023
1983-08-23,0.0,0.0,3.984952,0.543023
1983-08-24,0.000164,0.0,4.228952,0.525793
1983-08-25,0.034669,0.0,3.958095,0.498558
1983-08-26,0.218642,0.003994,2.449714,0.515232
1983-08-27,0.561979,0.14091,3.923238,0.525237
1983-08-28,0.153071,0.354264,4.009524,0.48244
1983-08-29,0.002204,0.0,4.615429,0.457428
1983-08-30,0.0,0.0,4.596191,0.441866
1983-08-31,0.0,0.0,4.913143,0.404071
1983-09-01,0.0,0.0,4.581714,0.381839
1983-09-02,0.0,0.0,4.655238,0.395178
1983-09-03,0.0,0.0,4.585143,0.403515
1983-09-04,0.0,0.0,5.075048,0.381839
1983-09-05,0.0,0.0,4.82781,0.381839
1983-09-06,0.0,0.0,4.923429,0.381839
1983-09-07,0.0,0.0,5.256381,0.381839
1983-09-08,0.0,0.0,4.775048,0.3685
1983-09-09,0.0,0.0,5.215048,0.360718
1983-09-10,0.0,0.0,4.987429,0.381839
1983-09-11,0.0,0.0,5.038476,0.3685
1983-09-12,0.0,0.0,5.162667,0.347935
1983-09-13,0.0,0.0,5.439048,0.347935
1983-09-14,0.0,0.0,5.496952,0.347935
1983-09-15,0.0,0.0,5.038667,0.347935
1983-09-16,0.0,0.0,5.727238,0.347935
1983-09-17,0.114682,0.042074,4.706857,0.347935
1983-09-18,0.330392,0.0,5.539048,0.347935
1983-09-19,10.883906,13.088543,4.558476,0.44131
1983-09-20,0.75428,0.730052,4.308571,0.524681
1983-09-21,0.366079,0.576319,5.282286,0.405183
1983-09-22,0.0,0.0,5.651238,0.381839
1983-09-23,0.0,0.0,4.896952,0.3685
1983-09-24,0.57287,0.571725,5.181524,0.347935
1983-09-25,0.0,0.003614,6.044,0.347935
1983-09-26,0.385147,0.0,4.197714,0.335707
1983-09-27,11.641267,6.63483,3.536381,0.318477
1983-09-28,15.425545,10.908303,4.117714,0.777017
1983-09-29,6.220943,6.793042,5.594857,0.910411
1983-09-30,0.036873,0.0,5.8,0.601382
1983-10-01,0.0,0.0,5.994095,0.428527
1983-10-02,0.0,0.0,5.040952,0.382395
1983-10-03,0.315365,0.387593,5.502667,0.381839
1983-10-04,0.0,0.016737,5.696952,0.3685
1983-10-05,0.0,0.0,5.445333,0.347935
1983-10-06,0.0,0.0,5.107429,0.347935
1983-10-07,0.0,0.0,5.129905,0.347935
1983-10-08,0.000549,0.0,5.949714,0.347935
1983-10-09,3.918447,5.28069,3.939048,0.370723
1983-10-10,0.0,0.0,5.327048,1.197762
1983-10-11,0.0,0.0,5.273715,0.536909
1983-10-12,0.0,0.0,5.275619,0.427971
1983-10-13,5.240612,5.682813,5.959619,0.382395
1983-10-14,1.788638,0.486818,5.889333,0.381839
1983-10-15,0.002167,0.0,5.557714,0.355716
1983-10-16,0.238577,0.003614,5.308953,0.31681
1983-10-17,15.832714,17.206651,5.145905,0.33793
1983-10-18,14.229509,15.232187,5.772952,0.459652
1983-10-19,0.0,0.0,5.619238,0.38962
1983-10-20,0.012041,0.03752,5.353524,0.336263
1983-10-21,0.027621,0.0,5.709714,0.316254
1983-10-22,0.0,0.0,5.305524,0.304582
1983-10-23,0.0,0.016737,5.550095,0.286796
1983-10-24,1.107463,1.515949,5.188191,0.286796
1983-10-25,0.001533,0.0,5.224953,0.286796
1983-10-26,0.0,0.0,5.557714,0.286796
1983-10-27,0.578343,0.931742,5.940571,0.286796
1983-10-28,0.006404,0.0,5.731238,0.276236
1983-10-29,0.0,0.0,5.770286,0.259561
1983-10-30,0.0,0.0,5.044952,0.259561
1983-10-31,0.0,0.0,4.171238,0.259561
1983-11-01,0.0,0.0,5.200952,0.259561
1983-11-02,0.0,0.0,5.428952,0.259561
1983-11-03,0.0,0.0,4.067619,0.260117
1983-11-04,72.36968,69.321479,3.33581,0.852051
1983-11-05,2.403069,3.625463,6.879238,1.14107
1983-11-06,0.0,0.0,6.694286,0.514677
1983-11-07,0.0,0.0,6.968953,0.367944
1983-11-08,0.0,0.0,6.440381,0.31681
1983-11-09,0.0,0.0,6.117143,0.316254
1983-11-10,0.000264,0.0,6.420952,0.304582
1983-11-11,0.00567,0.0,6.198286,0.286796
1983-11-12,0.003594,0.0,4.096571,0.286796
1983-11-13,0.000614,0.0,4.611619,0.276236
1983-11-14,0.814429,1.379206,5.55219,0.259561
1983-11-15,2.604511,1.891615,6.168762,0.249557
1983-11-16,0.030826,0.0,5.352762,0.245111
1983-11-17,0.851869,1.10866,5.522667,0.259561
1983-11-18,0.9812,0.351767,4.213143,0.259561
1983-11-19,2.097666,0.0,5.153524,0.259561
1983-11-20,0.003787,0.0,2.445714,0.259561
1983-11-21,0.126291,0.159766,5.394286,0.269566
1983-11-22,0.472046,0.043754,5.454286,0.286796
1983-11-23,17.81514,13.815027,5.152762,0.286796
1983-11-24,20.395074,22.498207,5.399048,0.286796
1983-11-25,3.126287,2.175585,4.406857,0.286796
1983-11-26,1.42239,2.185445,4.886286,0.286796
1983-11-27,2.016706,0.920101,5.015048,0.286796
1983-11-28,7.3812,6.096501,2.972,0.286796
1983-11-29,1.775642,0.510213,6.374476,0.286796
1983-11-30,0.0,0.0,6.007429,0.286796
1983-12-01,0.429747,0.027017,4.555429,0.286796
1983-12-02,0.447626,0.494998,4.115048,0.286796
1983-12-03,0.160794,0.0,3.901905,0.266231
1983-12-04,0.015809,0.0,5.22381,0.23455
1983-12-05,0.033631,0.0771,5.511429,0.23455
1983-12-06,2.365616,3.299381,4.567048,0.23455
1983-12-07,2.24518,3.677899,3.871619,0.248445
1983-12-08,38.834901,44.905477,4.3,1.128287
1983-12-09,0.009394,0.0,3.81181,0.643068
1983-12-10,0.039981,0.0,4.445333,0.322368
1983-12-11,0.502928,0.623151,5.684572,0.250113
1983-12-12,0.931445,1.407938,6.146667,0.23455
1983-12-13,1.895649,1.126071,5.626095,0.222878
1983-12-14,3.378194,2.682387,4.197905,0.214541
1983-12-15,0.485564,0.379774,4.786667,0.233994
1983-12-16,0.0,0.0,5.462476,0.23455
1983-12-17,0.0,0.0,6.581714,0.23455
1983-12-18,0.0,0.0,5.460381,0.222878
1983-12-19,0.001298,0.0,5.948571,0.1962
1983-12-20,5.559453,6.143526,4.9,0.214541
1983-12-21,7.334576,6.442263,5.001333,0.565255
1983-12-22,11.608538,15.306837,5.692762,0.48244
1983-12-23,1.375309,1.508509,4.010667,0.288463
1983-12-24,3.144252,4.096928,4.955048,0.321812
1983-12-25,0.069626,0.007236,5.251619,0.342932
1983-12-26,1.705939,0.014083,4.636,0.287352
1983-12-27,7.8e-05,0.050073,6.150286,0.286796
1983-12-28,0.0,0.0,6.840572,0.276236
1983-12-29,3.632396,5.45009,6.688952,0.259561
1983-12-30,0.0,0.0,4.994667,0.249557
1983-12-31,0.077688,0.0293,5.998667,0.23455
1984-01-01,0.000352,0.0,4.934476,0.23455
1984-01-02,0.002214,0.0,4.120762,0.23455
1984-01-03,0.010549,0.012743,4.424572,0.23455
1984-01-04,2.130257,0.153308,3.586667,0.23455
1984-01-05,0.0,0.0,6.213714,0.23455
1984-01-06,0.0,0.0,6.315048,0.23455
1984-01-07,9.970945,15.797855,4.777334,0.276791
1984-01-08,22.604985,18.802793,2.542667,1.599054
1984-01-09,33.217221,35.494037,2.529524,3.756138
1984-01-10,24.418689,18.984346,1.984,2.800152
1984-01-11,30.198224,23.395769,2.093143,2.596171
1984-01-12,4.503815,1.722611,3.27581,1.765796
1984-01-13,29.784537,20.425683,2.837333,1.132733
1984-01-14,19.867496,19.586062,4.971429,1.1344
1984-01-15,15.360221,14.262205,3.976762,3.049153
1984-01-16,3.111138,4.852153,5.54,2.625628
1984-01-17,10.817946,8.961677,5.937333,1.454545
1984-01-18,0.096185,0.204328,6.77581,1.072706
1984-01-19,5.711814,10.791918,6.819048,0.826484
1984-01-20,6.30386,4.736083,5.019619,0.713099
1984-01-21,5.76952,3.195784,4.67581,0.792024
1984-01-22,3.769834,3.781079,5.642667,0.633619
1984-01-23,0.03119,0.0,6.028952,0.609719
1984-01-24,0.003441,0.0,5.407619,0.529127
1984-01-25,1.386633,2.163547,5.469333,0.466321
1984-01-26,0.862496,1.877642,6.332762,0.538576
1984-01-27,0.084262,0.0,4.700762,0.540244
1984-01-28,1.628125,1.051377,6.276762,0.515232
1984-01-29,5.707891,2.812119,6.299238,0.512453
1984-01-30,0.660251,0.14072,4.437333,0.486886
1984-01-31,14.262625,10.184355,3.569905,0.466321
1984-02-01,75.401203,58.735969,5.174286,2.36162
1984-02-02,7.66013,8.114816,4.377905,1.861395
1984-02-03,44.118668,34.844495,2.481143,1.944766
1984-02-04,43.823852,23.547372,3.672191,5.513597
1984-02-05,2.218073,0.197302,2.315619,2.713446
1984-02-06,6.560106,3.814819,3.984,1.914197
1984-02-07,2.58409,2.17172,2.107429,1.624066
1984-02-08,20.574933,17.116146,2.184952,1.73078
1984-02-09,64.654005,47.859773,1.966476,4.600964
1984-02-10,74.552852,47.695011,2.498286,19.657197
1984-02-11,0.0,0.0,2.937714,10.046753
1984-02-12,26.970153,19.580561,2.112,5.095631
1984-02-13,61.521544,61.018056,1.941905,6.698576
1984-02-14,65.731425,60.646799,2.183619,34.720657
1984-02-15,74.108,53.849677,4.731429,27.133346
1984-02-16,1.935874,2.878613,3.98819,29.36602
1984-02-17,8.642046,6.744674,1.964762,10.581994
1984-02-18,44.300281,34.639752,3.492762,12.043764
1984-02-19,26.612202,35.79612,2.577524,21.261254
1984-02-20,99.12681,90.265125,2.305333,25.382001
1984-02-21,34.105778,26.107551,3.578095,43.390677
1984-02-22,1.455817,0.322618,5.805143,15.111814
1984-02-23,0.061735,0.0,6.128,10.236838
1984-02-24,0.0,0.0,5.300381,7.81797
1984-02-25,1.664213,2.069628,4.986095,6.864762
1984-02-26,0.860474,0.55231,3.561143,6.039946
1984-02-27,5.676758,6.204099,2.928762,5.68423
1984-02-28,4.3945,2.146842,5.262667,5.599747
1984-02-29,1.265536,1.060359,6.433524,5.309616
1984-03-01,0.86848,1.328504,5.262286,4.945563
1984-03-02,0.918856,0.310446,2.814476,4.41588
1984-03-03,3.44771,3.232161,3.266667,3.965121
1984-03-04,7.681992,4.814983,3.186667,3.836174
1984-03-05,45.302801,35.114009,3.555048,4.429219
1984-03-06,7.705099,4.116693,4.729333,7.458363
1984-03-07,0.315273,0.003614,5.408572,4.979468
1984-03-08,0.006561,0.0,3.306667,3.80227
1984-03-09,0.126806,0.0,2.430857,3.439884
1984-03-10,1.16295,1.068326,4.575619,3.31594
1984-03-11,0.0,0.0,5.724952,3.240906
1984-03-12,0.000164,0.0,5.880381,3.167539
1984-03-13,0.0,0.0,5.997333,3.095285
1984-03-14,0.003095,0.0,6.052381,3.023586
1984-03-15,0.0,0.0,5.869905,2.952998
1984-03-16,0.0,0.0,6.154095,2.882967
1984-03-17,1.03373,0.200877,4.630857,2.84017
1984-03-18,7.652227,5.848316,4.424191,2.923541
1984-03-19,37.192915,19.204287,4.067619,4.211343
1984-03-20,0.299805,27.056887,5.965143,4.305275
1984-03-21,0.0,0.0,5.515238,2.918538
1984-03-22,0.000374,0.0,4.974667,2.575606
1984-03-23,0.0,0.0,5.300762,2.394969
1984-03-24,0.000125,0.0,5.257334,2.294368
1984-03-25,0.0,0.0,4.953524,2.233229
1984-03-26,0.09622,0.0,5.529905,2.173758
1984-03-27,0.003078,0.0,3.786857,2.092054
1984-03-28,2.018516,3.260944,4.331048,1.998679
1984-03-29,15.431403,5.535903,1.983619,1.963107
1984-03-30,8.631347,3.376154,3.969714,2.332719
1984-03-31,4.406414,4.96661,4.214095,2.122068
1984-04-01,7.971853,4.641116,3.237714,1.997012
1984-04-02,3.494727,1.923182,4.354857,1.963107
1984-04-03,3.151224,0.803582,2.983048,1.940875
1984-04-04,4.278527,1.67918,4.786095,1.88585
1984-04-05,1.195234,0.345645,2.397143,1.830826
1984-04-06,0.216719,0.137058,2.324381,1.764129
1984-04-07,1.253525,1.431164,3.975238,1.734671
1984-04-08,0.0,0.0,2.472,1.627401
1984-04-09,0.0,0.0,4.228952,1.587382
1984-04-10,0.000811,0.0,5.014857,1.568485
1984-04-11,0.003947,0.0,4.435238,1.538472
1984-04-12,0.600329,0.525491,4.626286,1.519018
1984-04-13,2.29782,1.402805,4.375429,1.470107
1984-04-14,0.836629,1.052906,4.823429,1.44065
1984-04-15,0.097946,0.007236,3.686667,1.421752
1984-04-16,25.625817,14.000903,2.125714,1.458435
1984-04-17,4.721168,2.85351,4.052,3.14364
1984-04-18,0.281367,0.027393,4.501333,2.179872
1984-04-19,0.67441,0.09102,4.428762,1.719664
1984-04-20,0.013876,0.0,5.080191,1.58905
1984-04-21,0.008317,0.0,5.14381,1.534581
1984-04-22,0.0,0.0,5.116,1.441205
1984-04-23,0.0,0.0,4.463048,1.421752
1984-04-24,0.080807,0.0,4.116762,1.39285
1984-04-25,0.000413,0.0,4.958095,1.374509
1984-04-26,0.0,0.0,4.690095,1.328377
1984-04-27,1.060009,0.412165,3.446286,1.282801
1984-04-28,4.248659,0.514682,2.754667,1.221106
1984-04-29,3.166203,0.431589,2.459619,1.178865
1984-04-30,3.902513,2.000689,1.252952,1.308924
1984-05-01,6.473932,3.414447,2.848762,1.30281
1984-05-02,5.20388,0.669494,3.480762,1.415638
1984-05-03,3.350346,1.590611,3.489143,1.39285
1984-05-04,8.159684,11.765685,3.249714,1.374509
1984-05-05,7.058631,4.93653,3.724762,1.346163
1984-05-06,0.530737,0.017312,3.930476,1.345607
1984-05-07,0.035833,0.003614,3.916762,1.327821
1984-05-08,0.0,0.0,2.730476,1.300031
1984-05-09,1.4813,0.828503,2.568571,1.282245
1984-05-10,0.0,0.0,4.071429,1.25501
1984-05-11,0.0,0.0,3.832191,1.23778
1984-05-12,0.0,0.0,3.472952,1.211102
1984-05-13,1.369924,1.538604,4.092762,1.17553
1984-05-14,0.118826,0.001712,3.888952,1.093271
1984-05-15,0.0,0.0,3.576762,1.040469
1984-05-16,0.0,0.0,4.213524,0.989891
1984-05-17,0.0,0.0,4.180953,0.959321
1984-05-18,0.0,0.0,4.144,0.958766
1984-05-19,0.0,0.0,4.12381,0.958766
1984-05-20,0.334529,0.034054,2.543429,0.940424
1984-05-21,5.865744,0.80148,2.623619,0.893181
1984-05-22,1.99205,0.471806,2.237905,0.864279
1984-05-23,0.544373,0.136334,3.084,0.846493
1984-05-24,0.000619,0.0,2.953714,0.802584
1984-05-25,0.0,0.0,3.392381,0.776461
1984-05-26,0.014496,0.0,2.415238,0.759787
1984-05-27,0.336207,0.012371,2.338286,0.718657
1984-05-28,3.121758,0.791775,2.320191,0.693646
1984-05-29,1.578916,1.39483,2.441905,0.678084
1984-05-30,0.249641,0.11256,2.392381,0.640289
1984-05-31,6.923981,3.657853,2.476,0.616945
1984-06-01,2.54393,0.8089,3.084572,1.159968
1984-06-02,0.025869,0.0,2.839619,1.294473
1984-06-03,4.511635,8.439045,2.908,1.004898
1984-06-04,0.0,0.0,3.252762,0.893736
1984-06-05,0.0,0.0,2.228952,0.84816
1984-06-06,1.203047,0.605496,1.769905,0.78591
1984-06-07,7.855117,4.363574,2.661524,0.822593
1984-06-08,7.842357,2.171782,2.832,0.859832
1984-06-09,8.891663,3.724871,1.798286,0.969326
1984-06-10,2.379531,1.10152,2.646667,0.958766
1984-06-11,0.387297,0.001712,1.8,0.914301
1984-06-12,3.716933,2.882807,1.699048,0.847604
1984-06-13,6.920882,1.649706,1.716381,0.841491
1984-06-14,16.226605,11.516725,2.066095,1.214992
1984-06-15,3.023971,0.435784,1.924571,1.414527
1984-06-16,1.608668,0.19085,1.643429,1.074373
1984-06-17,0.399795,0.052385,3.058857,0.995449
1984-06-18,0.0,0.0,2.660572,0.922638
1984-06-19,0.146092,0.0,2.802476,0.830374
1984-06-20,0.0,0.0,2.936,0.776461
1984-06-21,0.0,0.0,2.409714,0.759787
1984-06-22,0.0,0.0,3.147048,0.754785
1984-06-23,0.0,0.0,2.811238,0.718657
1984-06-24,3.666916,1.138617,2.479048,0.734776
1984-06-25,2.607842,0.656328,2.947429,0.912634
1984-06-26,0.0,0.0,3.20781,0.789801
1984-06-27,0.000965,0.0,3.115429,0.73422
1984-06-28,0.0,0.0,3.235619,0.718102
1984-06-29,0.0,0.0,1.465714,0.693646
1984-06-30,0.0,0.0,1.56381,0.663633
1984-07-01,0.0,0.0,1.443238,0.617501
1984-07-02,0.0,0.0,2.437524,0.616945
1984-07-03,0.0,0.0,1.714286,0.616945
1984-07-04,0.0,0.0,1.057524,0.602494
1984-07-05,0.0,0.0,1.601333,0.567478
1984-07-06,0.0,0.0,1.92,0.545802
1984-07-07,0.0,0.0,2.664762,0.545802
1984-07-08,0.0,0.0,2.752762,0.545802
1984-07-09,2.437212,3.95061,2.769714,0.545802
1984-07-10,0.587455,0.138653,2.051619,0.545802
1984-07-11,0.003942,0.0,3.353714,0.558585
1984-07-12,3.325177,1.499759,1.628952,0.615833
1984-07-13,0.52739,0.308546,1.149524,0.709765
1984-07-14,2.241676,0.87005,2.444762,0.696981
1984-07-15,4.659836,2.232722,1.437333,0.678084
1984-07-16,19.097001,8.705664,2.005143,1.186646
1984-07-17,6.976817,2.817073,1.920381,1.198874
1984-07-18,1.549023,0.210465,2.805905,1.179421
1984-07-19,0.155363,0.045715,2.676381,0.839267
1984-07-20,1.861962,1.221706,2.739238,0.74478
1984-07-21,0.0,0.0,2.737524,0.664188
1984-07-22,0.004961,0.0,2.785333,0.617501
1984-07-23,0.004247,0.0,3.622857,0.616945
1984-07-24,0.585664,0.333081,1.371619,0.602494
1984-07-25,3.604494,2.409257,1.262476,0.608608
1984-07-26,10.088395,3.399731,1.183619,0.704762
1984-07-27,18.892798,6.946409,1.824381,1.162191
1984-07-28,0.034916,0.0,3.182857,0.931531
1984-07-29,0.0,0.0,3.480571,0.704206
1984-07-30,0.0,0.0,3.970286,0.640289
1984-07-31,0.0,0.0,3.686857,0.60305
1984-08-01,0.0,0.0,3.298857,0.567478
1984-08-02,0.0,0.0,2.957714,0.545802
1984-08-03,1.926583,19.282665,2.729333,0.545802
1984-08-04,7.412747,9.390801,3.114857,0.582485
1984-08-05,1.130858,0.857111,3.595048,0.750894
1984-08-06,0.840409,0.858955,4.088381,0.655295
1984-08-07,0.000738,0.0,4.304762,0.58971
1984-08-08,0.0,0.0,3.962667,0.533574
1984-08-09,0.0,0.0,4.378095,0.512453
1984-08-10,0.0,0.0,4.267429,0.512453
1984-08-11,0.006105,0.0,4.253143,0.512453
1984-08-12,0.0,0.0,2.503238,0.49967
1984-08-13,0.0,0.0,3.623238,0.468545
1984-08-14,0.0,0.0,3.775048,0.449091
1984-08-15,0.0,0.0,3.171238,0.449091
1984-08-16,0.0,0.0,3.484,0.449091
1984-08-17,0.0,0.0,3.623619,0.460763
1984-08-18,0.0,0.0,3.784381,0.479661
1984-08-19,0.0,0.0,4.147238,0.480217
1984-08-20,0.0,0.0,4.844762,0.480217
1984-08-21,0.0,0.0,4.327048,0.467989
1984-08-22,0.281237,0.185087,4.320381,0.449091
1984-08-23,0.054864,0.0,4.490286,0.449091
1984-08-24,0.009293,0.0,3.952,0.449091
1984-08-25,0.002958,0.0,3.194857,0.449091
1984-08-26,0.002974,0.0,3.370857,0.472991
1984-08-27,0.000164,0.0,4.406476,0.499114
1984-08-28,0.0,0.0,4.630476,0.468545
1984-08-29,0.0,0.0,4.171048,0.437975
1984-08-30,0.0,0.0,2.94819,0.419634
1984-08-31,0.0,0.0,3.081524,0.419634
1984-09-01,0.0,0.0,3.577714,0.419634
1984-09-02,0.0,0.0,3.940952,0.419634
1984-09-03,0.001252,0.0,3.738667,0.419634
1984-09-04,0.002719,0.0,4.321143,0.419634
1984-09-05,0.494955,0.0,2.923048,0.410741
1984-09-06,0.000679,0.0,4.446286,0.381283
1984-09-07,0.0,0.0,4.381333,0.364609
1984-09-08,0.0,0.0,4.352572,0.364609
1984-09-09,0.0,0.0,4.884,0.364609
1984-09-10,0.0,0.0,5.62781,0.364609
1984-09-11,0.0,0.0,5.420381,0.354604
1984-09-12,0.0,0.0,5.146476,0.339042
1984-09-13,0.0,0.0,4.137333,0.34849
1984-09-14,0.0,0.0,5.171238,0.364609
1984-09-15,0.0,0.0,5.370667,0.364609
1984-09-16,0.000247,0.0,5.187048,0.354604
1984-09-17,0.0,0.0,4.504,0.339042
1984-09-18,0.14553,0.0,1.67581,0.329037
1984-09-19,0.0,0.0,3.048571,0.31403
1984-09-20,0.0,0.0,4.285524,0.245666
1984-09-21,0.0,0.0,3.252,0.208983
1984-09-22,0.0,0.0,5.376762,0.252892
1984-09-23,0.515041,0.0,2.698476,0.252336
1984-09-24,0.0,0.0,4.687048,0.263452
1984-09-25,0.0,0.0,4.932,0.216764
1984-09-26,0.0,0.0,5.084952,0.249001
1984-09-27,0.0,0.0,5.535048,0.223434
1984-09-28,3.9e-05,0.0,4.885714,0.221767
1984-09-29,0.003304,0.0,5.456381,0.228992
1984-09-30,0.0,0.0,4.966476,0.287352
1984-10-01,1.188949,1.561692,3.807048,0.281238
1984-10-02,0.153004,0.0,3.638476,0.293466
1984-10-03,0.047366,0.0,4.464762,0.297912
1984-10-04,0.339109,0.480364,5.297905,0.33126
1984-10-05,0.0,0.0,5.327238,0.339042
1984-10-06,0.008845,0.0,5.584,0.31681
1984-10-07,4.046988,0.128344,4.011429,0.323479
1984-10-08,4.996918,2.622429,4.263619,0.384062
1984-10-09,4.282478,3.071381,3.538857,0.397957
1984-10-10,3.442556,4.145424,5.727619,0.375169
1984-10-11,0.945692,1.640124,6.377714,0.391288
1984-10-12,0.0,0.0,6.272,0.345156
1984-10-13,0.0,0.0,5.605143,0.338486
1984-10-14,4.044209,4.450375,6.212572,0.339042
1984-10-15,0.0,0.0,6.185905,0.289575
1984-10-16,0.0,0.0,6.367048,0.313475
1984-10-17,0.0,0.0,6.248,0.31403
1984-10-18,0.0,0.0,5.540381,0.31403
1984-10-19,0.905536,0.0,4.903048,0.31403
1984-10-20,3.49974,3.562785,3.980571,0.271233
1984-10-21,5.332439,2.029502,2.958667,0.462431
1984-10-22,0.531081,0.0,5.967238,0.358495
1984-10-23,0.937874,0.0,5.571619,0.261229
1984-10-24,0.305631,0.0,6.017714,0.21732
1984-10-25,0.001274,0.0,6.256952,0.227881
1984-10-26,0.05865,0.166204,5.652762,0.196755
1984-10-27,0.941432,0.289089,5.192,0.196755
1984-10-28,0.375629,0.0,5.775048,0.166742
1984-10-29,0.263157,0.223181,5.700952,0.173967
1984-10-30,2.170722,1.721896,5.815048,0.122833
1984-10-31,1.534621,1.350837,6.496,0.12728
1984-11-01,0.017911,0.0,5.277905,0.177858
1984-11-02,1.063248,1.826211,4.541905,0.13784
1984-11-03,10.593038,10.56266,6.014286,0.574148
1984-11-04,6.98862,7.057097,5.682667,0.336263
1984-11-05,0.465876,0.526995,5.477143,0.313475
1984-11-06,6.801324,6.237055,5.828762,0.156182
1984-11-07,3.46561,2.031184,5.797714,0.220655
1984-11-08,1.076589,0.627205,5.109905,0.364609
1984-11-09,6.000099,8.837893,6.335048,0.291798
1984-11-10,0.086081,0.015786,6.857333,0.197867
1984-11-11,0.000365,0.0,6.385714,0.179525
1984-11-12,0.002331,0.0,6.400953,0.140619
1984-11-13,0.130063,0.0,5.726286,0.119498
1984-11-14,0.013845,0.0,5.184572,0.119498
1984-11-15,0.373653,0.378037,5.222667,0.084483
1984-11-16,1.811081,7.452356,4.182286,0.072811
1984-11-17,10.032506,6.47312,4.799238,0.242887
1984-11-18,5.552303,4.916112,5.305334,0.465766
1984-11-19,14.163121,11.708495,4.382857,0.324591
1984-11-20,16.38149,16.903929,6.132381,1.106054
1984-11-21,3.978759,4.360329,6.026286,0.679751
1984-11-22,0.000123,0.0,6.071048,0.337374
1984-11-23,0.0,0.0,6.033905,0.228436
1984-11-24,4.126354,0.0,4.828762,0.157293
1984-11-25,18.141023,22.181146,5.401524,0.188974
1984-11-26,8.85809,10.415549,4.630857,0.82704
1984-11-27,1.594881,1.608702,5.291619,0.510786
1984-11-28,6.528625,6.55078,4.866286,0.325147
1984-11-29,1.728279,0.284939,6.085905,0.25845
1984-11-30,0.001544,0.0,6.672191,0.237885
1984-12-01,0.001559,0.0,6.286095,0.162295
1984-12-02,0.0,0.0,6.542667,0.124501
1984-12-03,0.01067,0.0,6.657333,0.113384
1984-12-04,0.001209,0.0,6.455048,0.076701
1984-12-05,0.179974,0.0,6.329333,0.070587
1984-12-06,0.003517,0.0,5.622857,0.072811
1984-12-07,0.350731,0.263565,2.387048,0.088929
1984-12-08,0.189457,0.0,5.857524,0.092264
1984-12-09,0.0,0.0,6.054095,0.088373
1984-12-10,0.423021,0.0,2.467238,0.11005
1984-12-11,4.56925,3.503218,1.426286,0.369055
1984-12-12,0.065975,0.0,4.347238,0.284573
1984-12-13,0.007509,0.0,5.917714,0.15507
1984-12-14,0.007059,0.0,5.862667,0.103936
1984-12-15,5.16019,5.315949,3.573143,0.107271
1984-12-16,18.087561,24.862964,6.853524,0.300135
1984-12-17,0.007193,0.012743,6.769333,0.435752
1984-12-18,1.341363,0.003614,5.953905,0.153958
1984-12-19,0.0,0.0,5.484,0.083371
1984-12-20,0.212582,0.0,5.490667,0.072255
1984-12-21,11.420995,6.565314,5.637714,0.116163
1984-12-22,2.365115,1.615758,5.946286,0.109494
1984-12-23,1.39623,1.461263,5.316762,0.075034
1984-12-24,0.045679,0.0,5.634286,0.176191
1984-12-25,0.790469,0.312895,4.063238,0.102824
1984-12-26,1.843067,1.563581,5.903048,0.101713
1984-12-27,0.000156,0.0,6.964762,0.14451
1984-12-28,2.955519,4.204892,6.828,0.076145
1984-12-29,10.261064,8.577312,6.531619,0.085594
1984-12-30,0.0,0.0,4.255619,0.074478
1984-12-31,16.695333,9.213889,4.043048,0.055581
1985-01-01,0.0,0.0,5.999238,0.041685
1985-01-02,0.0,0.0,5.472953,0.061139
1985-01-03,0.0,0.0,6.114476,0.040574
1985-01-04,2.645698,0.0,7.404952,0.030014
1985-01-05,0.0041,0.0,6.804762,0.031681
1985-01-06,0.0,0.0,7.068191,0.04113
1985-01-07,0.0,0.0,7.058667,0.053913
1985-01-08,0.0,0.0,6.688381,0.040018
1985-01-09,0.000452,0.0,6.026667,0.040574
1985-01-10,0.000327,0.0,5.975238,0.035016
1985-01-11,0.0,0.0,6.286667,0.040018
1985-01-12,0.0,0.0,6.327048,0.03446
1985-01-13,0.202178,0.090418,4.453905,0.03446
1985-01-14,3.879885,0.697667,2.037143,0.048911
1985-01-15,0.743791,0.177849,3.004762,0.081148
1985-01-16,27.862457,1.518043,3.754286,0.128391
1985-01-17,27.319931,5.378225,4.453333,0.832042
1985-01-18,0.005095,0.0,6.231048,0.515788
1985-01-19,0.0,0.0,6.472953,0.190642
1985-01-20,0.000742,0.0,5.297714,0.104492
1985-01-21,1.23803,0.008948,4.453524,0.092264
1985-01-22,0.36599,0.012553,6.267619,0.180081
1985-01-23,0.078625,0.0,5.763429,0.168965
1985-01-24,0.114767,0.0,6.256,0.119498
1985-01-25,0.053436,0.0,5.625714,0.11394
1985-01-26,0.003289,0.0,4.836952,0.093931
1985-01-27,2.47612,0.003994,4.171619,0.087262
1985-01-28,10.612891,1.710776,4.977143,0.095043
1985-01-29,0.001339,0.0,4.686857,0.153958
1985-01-30,2.293235,0.408283,5.656953,0.153958
1985-01-31,0.693637,0.077088,6.287429,0.107826
1985-02-01,4.63564,3.273471,5.171619,0.159516
1985-02-02,2.994656,1.577113,4.898857,0.339042
1985-02-03,34.03644,37.495373,4.85581,0.747559
1985-02-04,9.065002,8.315173,5.172381,1.056588
1985-02-05,26.157281,23.19917,3.252952,0.871504
1985-02-06,53.11806,62.74873,2.027429,1.914752
1985-02-07,59.053787,47.628493,4.023238,5.319621
1985-02-08,30.110032,19.395933,5.102095,5.391876
1985-02-09,14.27261,11.625667,5.663429,2.504463
1985-02-10,2.271654,3.743336,5.327048,2.303817
1985-02-11,0.0,0.0,5.671048,1.546253
1985-02-12,0.825149,0.808874,4.886095,1.087157
1985-02-13,5.147459,3.386599,3.811048,0.80314
1985-02-14,55.37732,43.299548,2.937333,0.748671
1985-02-15,41.574955,35.018613,2.808,3.03359
1985-02-16,32.530928,23.920919,2.880571,4.699897
1985-02-17,7.571935,3.296127,5.758667,7.862434
1985-02-18,1.311032,0.046078,2.221905,2.641747
1985-02-19,2.625015,0.594426,2.881905,1.505123
1985-02-20,2.895512,1.044703,2.636381,1.131066
1985-02-21,1.017442,1.059167,4.093714,0.884288
1985-02-22,1.393962,0.336557,5.435429,0.660854
1985-02-23,2.951695,3.152522,5.687048,0.548581
1985-02-24,4.040772,5.05007,6.322095,0.594713
1985-02-25,27.689466,20.96432,3.846667,0.838156
1985-02-26,63.155835,60.175202,5.387429,3.16476
1985-02-27,9.704515,11.134255,6.690476,3.305379
1985-02-28,0.0,0.0,5.765333,1.600722
1985-03-01,5.69556,4.411223,4.95981,1.093827
1985-03-02,0.003512,0.0,6.412381,0.896515
1985-03-03,0.0,0.0,6.818095,0.642512
1985-03-04,0.030995,0.0,6.070095,0.501893
1985-03-05,0.340166,0.459185,5.711238,0.41352
1985-03-06,11.865995,9.060974,5.652953,0.426303
1985-03-07,3.198983,0.917634,4.989143,0.425748
1985-03-08,3.342686,2.078803,5.815238,1.057143
1985-03-09,2.443341,3.246749,6.242095,0.597492
1985-03-10,0.694461,0.809717,5.324953,0.432973
1985-03-11,4.655506,1.315563,5.532762,0.614166
1985-03-12,14.502509,11.522096,4.357333,0.639733
1985-03-13,4.947174,0.537277,3.347048,0.481884
1985-03-14,39.565502,21.999704,3.318857,0.563032
1985-03-15,94.195491,87.946445,2.488381,1.333935
1985-03-16,47.668183,52.248184,3.258667,15.384159
1985-03-17,5.359901,6.318981,3.5,5.229025
1985-03-18,2.994061,1.95231,4.15181,2.929654
1985-03-19,11.716577,8.219387,4.084,2.234897
1985-03-20,12.603566,12.806809,2.608,1.960884
1985-03-21,27.982738,14.224164,1.739429,2.069266
1985-03-22,53.523823,25.741713,1.753905,2.57505
1985-03-23,39.742881,51.822608,1.815238,10.384127
1985-03-24,17.721576,16.153113,2.370286,7.109873
1985-03-25,31.342098,32.481506,2.338476,10.649802
1985-03-26,8.889846,6.132493,2.996762,8.961819
1985-03-27,5.482085,2.118464,4.552952,5.508595
1985-03-28,7.767891,5.541489,3.761333,3.935108
1985-03-29,6.764342,6.143609,3.762667,3.282591
1985-03-30,1.356066,0.65294,2.498286,2.71956
1985-03-31,8.079102,6.252165,2.124571,2.491679
1985-04-01,7.411933,6.961497,2.094857,2.665091
1985-04-02,15.985547,10.458423,1.906857,2.522248
1985-04-03,6.658343,1.8127,2.287048,3.022474
1985-04-04,6.574386,4.416149,5.177143,2.84406
1985-04-05,1.064457,0.0,5.310667,2.270468
1985-04-06,1.627357,0.0,5.278667,2.072601
1985-04-07,0.434715,0.0,5.374095,1.913641
1985-04-08,0.501756,0.0,4.563429,1.780247
1985-04-09,7.814209,4.603378,4.273715,1.689095
1985-04-10,22.791086,17.933282,3.985333,1.978114
1985-04-11,13.479738,14.676151,4.827429,2.089275
1985-04-12,3.399115,3.282074,5.085714,1.812484
1985-04-13,0.014823,0.0,4.868572,1.650189
1985-04-14,0.0,0.0,3.996952,1.546253
1985-04-15,0.000125,0.0,4.306286,1.439538
1985-04-16,0.0,0.0,4.700952,1.352276
1985-04-17,0.0,0.0,4.986286,1.273352
1985-04-18,0.00369,0.0,4.656381,1.237225
1985-04-19,0.0,0.0,4.679238,1.178309
1985-04-20,0.291622,0.0293,4.185333,1.142182
1985-04-21,20.16175,23.006595,2.776381,1.417306
1985-04-22,43.705017,13.856715,1.978667,2.670649
1985-04-23,4.485781,4.014208,2.242286,2.483342
1985-04-24,0.195846,0.279955,2.413714,1.790808
1985-04-25,2.199784,0.576695,2.992762,1.636293
1985-04-26,3.49612,2.171556,3.127619,1.556257
1985-04-27,0.812747,0.134044,3.821905,1.539027
1985-04-28,1.843315,3.121081,3.259429,1.393962
1985-04-29,0.010409,0.0,4.101333,1.336158
1985-04-30,0.0,0.0,4.300572,1.282245
1985-05-01,0.07822,0.0,3.791048,1.238892
1985-05-02,0.126767,0.0,3.008571,1.176642
1985-05-03,0.000223,0.0,3.929333,1.116615
1985-05-04,0.0,0.0,3.472762,1.077708
1985-05-05,0.041553,0.0,3.417143,1.039358
1985-05-06,0.051391,0.0,3.929905,1.001563
1985-05-07,0.037375,0.0,3.446667,0.978775
1985-05-08,0.047565,0.0,3.584762,0.96488
1985-05-09,0.980028,0.694806,3.322095,0.960989
1985-05-10,1.292003,0.433297,3.49581,1.327821
1985-05-11,1.642591,1.44607,3.160952,1.20999
1985-05-12,2.170915,3.941848,1.285524,1.172195
1985-05-13,3.380593,3.491188,2.261143,1.171639
1985-05-14,1.468791,0.0,2.781143,1.233334
1985-05-15,7.584271,5.203137,2.293714,1.11717
1985-05-16,40.281068,42.081266,1.976381,1.321707
1985-05-17,7.471077,2.989086,1.639619,2.707332
1985-05-18,0.406012,1.756539,2.512,1.951436
1985-05-19,0.760495,0.151381,2.258095,1.475665
1985-05-20,1.584364,1.061811,0.970476,1.16886
1985-05-21,0.0,0.0,0.421905,1.026018
1985-05-22,2.505945,1.929844,1.514095,0.965435
1985-05-23,6.864107,5.817272,1.073714,0.931531
1985-05-24,10.385467,7.689307,1.372381,1.055476
1985-05-25,7.369511,6.226989,1.338476,0.887622
1985-05-26,5.478702,4.818812,1.29581,0.804252
1985-05-27,7.341084,5.704882,2.378667,1.143293
1985-05-28,0.62652,0.396114,3.515238,0.940424
1985-05-29,0.684068,0.949121,2.608572,0.859276
1985-05-30,2.391008,0.944528,2.762476,0.824816
1985-05-31,16.312241,19.25195,1.961333,0.870948
1985-06-01,1.377076,0.146831,2.348,1.791919
1985-06-02,1.956548,1.874805,1.841143,1.055476
1985-06-03,1.937729,0.945882,1.599238,1.098829
1985-06-04,4.194001,1.626231,1.438286,1.325598
1985-06-05,1.469222,1.370802,2.414667,1.117726
1985-06-06,0.0,0.0,2.246095,1.092715
1985-06-07,0.007839,0.0,2.643238,1.077152
1985-06-08,0.042673,0.0,2.235048,1.053809
1985-06-09,0.008583,0.0,3.001333,1.053809
1985-06-10,0.008856,0.0,3.543619,1.038802
1985-06-11,0.0,0.0,3.176762,1.016014
1985-06-12,0.007777,0.0,3.493714,1.016014
1985-06-13,0.268023,0.311754,2.97581,1.001563
1985-06-14,0.340441,0.160852,2.394286,0.978775
1985-06-15,0.191237,0.0,2.233143,0.96488
1985-06-16,0.103406,0.0,3.068,0.942647
1985-06-17,1.510273,0.59954,2.170286,0.928752
1985-06-18,1.038222,0.170629,2.084571,0.907076
1985-06-19,0.037824,0.0,2.4,0.893181
1985-06-20,0.032015,0.0,2.681905,0.871504
1985-06-21,0.000125,0.0,1.791619,0.858721
1985-06-22,0.0,0.0,1.195238,0.824816
1985-06-23,0.000712,0.0,2.144952,0.804252
1985-06-24,0.0,0.0,2.405333,0.791468
1985-06-25,0.0,0.0,2.292762,0.771459
1985-06-26,0.000647,0.0,3.102095,0.759231
1985-06-27,0.0,0.0,3.300191,0.72755
1985-06-28,0.0,0.0,2.351048,0.708097
1985-06-29,0.0,0.0,2.058857,0.696425
1985-06-30,0.001696,0.0,1.924571,0.666412
1985-07-01,0.0,0.0,2.733143,0.647514
1985-07-02,0.0041,0.0,2.337333,0.636398
1985-07-03,0.057829,0.008559,2.962667,0.618612
1985-07-04,0.0,0.0,1.515619,0.607496
1985-07-05,0.589554,0.872547,2.446095,0.590266
1985-07-06,5.656512,7.326024,1.238286,0.579706
1985-07-07,15.761313,11.125679,1.110667,0.563032
1985-07-08,4.454362,2.730989,1.671238,1.293917
1985-07-09,0.299533,0.0,2.386286,0.684197
1985-07-10,0.000677,0.0,2.150286,0.608052
1985-07-11,0.0,0.0,3.132952,0.590266
1985-07-12,0.0,0.0,2.395048,0.57915
1985-07-13,0.009578,0.0,3.116,0.552471
1985-07-14,0.008601,0.0,3.084762,0.535797
1985-07-15,0.009578,0.0,2.945333,0.535797
1985-07-16,0.009578,0.0,3.447238,0.535797
1985-07-17,0.008601,0.0,3.058667,0.525237
1985-07-18,0.004528,0.0,2.057905,0.509118
1985-07-19,0.0,0.0,2.502667,0.509118
1985-07-20,0.0,0.0,2.450095,0.499114
1985-07-21,0.0,0.0,2.65181,0.483551
1985-07-22,0.0,0.0,2.591429,0.483551
1985-07-23,0.263451,0.015786,3.900381,0.474103
1985-07-24,0.0,0.0,3.736762,0.45854
1985-07-25,0.38184,0.142396,2.79181,0.45854
1985-07-26,0.15498,0.031988,1.821524,0.45854
1985-07-27,0.047718,0.0,3.636762,0.449091
1985-07-28,0.001715,0.0,3.671429,0.43464
1985-07-29,0.0,0.017498,3.074857,0.425192
1985-07-30,0.0,0.0,3.926095,0.411297
1985-07-31,0.0,0.0,2.854286,0.400736
1985-08-01,0.005991,0.0,3.215429,0.388509
1985-08-02,0.0,0.0,3.643048,0.386285
1985-08-03,0.399284,0.063001,3.216571,0.359051
1985-08-04,0.1859,0.0,3.223238,0.366276
1985-08-05,2.264602,2.708691,3.409143,0.366276
1985-08-06,2.773653,3.498613,3.763429,0.428527
1985-08-07,0.018248,0.0,3.775048,0.451315
1985-08-08,0.0,0.0,3.412381,0.388509
1985-08-09,0.011114,0.0,2.922857,0.359051
1985-08-10,0.0,0.0,3.795048,0.363497
1985-08-11,0.0,0.0,3.960952,0.366276
1985-08-12,0.0,0.0,4.216381,0.366276
1985-08-13,0.0,0.0,3.89619,0.391288
1985-08-14,0.275766,0.347567,4.034095,0.38295
1985-08-15,0.058008,0.0,3.544952,0.360718
1985-08-16,0.254799,0.099026,3.504762,0.3685
1985-08-17,0.018465,0.0,4.703048,0.387953
1985-08-18,0.0,0.0,4.548381,0.370167
1985-08-19,0.0,0.0,3.676,0.36183
1985-08-20,0.0,0.0,4.123619,0.304582
1985-08-21,0.010642,0.0,3.327429,0.257338
1985-08-22,0.102783,0.153273,3.758286,0.295133
1985-08-23,0.001174,0.0,4.533524,0.309584
1985-08-24,0.0,0.0,4.443429,0.341821
1985-08-25,0.0,0.0,4.648381,0.274012
1985-08-26,0.031443,0.0,3.847429,0.262896
1985-08-27,2.521315,4.42186,4.105333,0.240664
1985-08-28,1.224522,2.263264,4.857333,0.316254
1985-08-29,0.0,0.0,4.826286,0.323479
1985-08-30,0.0,0.0,4.158286,0.358495
1985-08-31,0.0,0.0,4.156952,0.304026
1985-09-01,0.0,0.0,4.934476,0.343488
1985-09-02,0.0,0.0,1.853524,0.294577
1985-09-03,0.0,0.0,1.701524,0.176191
1985-09-04,0.0,0.0,3.700571,0.146733
1985-09-05,0.0,0.0,4.387619,0.130614
1985-09-06,0.0,0.0,4.181333,0.176746
1985-09-07,6.271691,4.370427,2.379619,0.288463
1985-09-08,3.708869,2.691984,2.509333,0.340709
1985-09-09,11.568655,9.93686,1.825905,0.341265
1985-09-10,10.568231,9.058218,3.61181,0.505228
1985-09-11,0.060846,0.0,4.649143,0.492444
1985-09-12,0.000164,0.0,4.371619,0.405739
1985-09-13,0.001112,0.0,5.333714,0.379616
1985-09-14,0.0,0.0,4.816,0.366276
1985-09-15,0.0,0.0,3.944191,0.338486
1985-09-16,0.0,0.0,5.596191,0.263452
1985-09-17,0.0,0.0,5.484952,0.203981
1985-09-18,0.0,0.0,4.925905,0.166742
1985-09-19,0.0,0.0,4.460762,0.146177
1985-09-20,0.0,0.0,4.701333,0.172856
1985-09-21,0.006832,0.0,4.681905,0.212318
1985-09-22,0.0,0.0,5.375238,0.179525
1985-09-23,0.0,0.0,4.998286,0.191197
1985-09-24,0.0,0.0,4.968953,0.160628
1985-09-25,0.0,0.0,5.28,0.167298
1985-09-26,0.0,0.0,5.524572,0.156182
1985-09-27,0.0,0.0,5.098857,0.142286
1985-09-28,0.0,0.0,4.067619,0.134505
1985-09-29,0.0,0.0,3.540571,0.097266
1985-09-30,0.0,0.0,3.756191,0.106715
1985-10-01,2.094263,0.0,3.905905,0.139507
1985-10-02,5.868421,7.10834,3.993524,0.183416
1985-10-03,2.501842,3.375191,4.527238,0.336263
1985-10-04,1.907292,0.952878,4.124191,0.31681
1985-10-05,1.576654,0.610448,3.975619,0.272901
1985-10-06,4.971283,3.019952,3.576,0.28624
1985-10-07,5.945283,2.497474,4.804,0.382395
1985-10-08,8.215578,5.3908,4.924952,0.388509
1985-10-09,0.75649,0.207405,5.665905,0.452982
1985-10-10,0.0042,0.0,5.440381,0.369055
1985-10-11,6.311233,8.338657,4.627429,0.212874
1985-10-12,0.334721,0.48794,5.076381,0.181193
1985-10-13,1.267468,2.679774,3.11581,0.186195
1985-10-14,1.604542,3.514974,5.876572,0.240664
1985-10-15,0.239265,0.0,4.610857,0.213985
1985-10-16,2.767102,5.612917,5.603429,0.160628
1985-10-17,3.286477,1.966043,5.484952,0.14451
1985-10-18,0.017855,0.0,5.425333,0.157849
1985-10-19,0.052269,0.0,5.156381,0.134505
1985-10-20,1.681843,4.148939,5.951429,0.183416
1985-10-21,22.118456,20.594238,6.350667,0.460208
1985-10-22,7.066174,4.652527,5.982095,0.672525
1985-10-23,8.009373,6.170789,4.273714,0.72755
1985-10-24,7.734968,6.380881,3.886095,0.53413
1985-10-25,17.533058,14.777298,3.076952,0.427415
1985-10-26,23.809014,18.709096,4.563429,0.812589
1985-10-27,0.000924,0.0,6.006667,0.666412
1985-10-28,0.0,0.0,6.129905,0.424636
1985-10-29,0.001138,0.0,4.675619,0.369055
1985-10-30,3.9e-05,0.0,5.208572,0.330149
1985-10-31,0.134368,0.0,5.575238,0.28235
1985-11-01,0.0,0.0,2.440952,0.3446
1985-11-02,0.004574,0.0,3.915238,0.305693
1985-11-03,0.042446,0.227358,3.273333,0.299024
1985-11-04,16.915396,14.545677,3.537714,0.497447
1985-11-05,86.213477,83.017871,3.288381,5.514709
1985-11-06,5.130327,19.783953,2.517333,4.30861
1985-11-07,7.619606,6.049072,5.240381,1.417862
1985-11-08,1.121594,0.807008,5.645143,1.225553
1985-11-09,0.029652,0.0,6.505714,0.819814
1985-11-10,0.0,0.008948,6.904762,0.613054
1985-11-11,0.333015,0.0,6.735048,0.515232
1985-11-12,0.004165,0.0179,5.404,0.452982
1985-11-13,1.987679,1.687719,5.085714,0.420189
1985-11-14,1.527474,2.440945,4.661333,0.441866
1985-11-15,3.189172,1.296322,6.447429,0.407962
1985-11-16,0.002608,0.0,6.036572,0.345156
1985-11-17,0.0,0.0,6.792381,0.312363
1985-11-18,0.002664,0.0,5.820571,0.217876
1985-11-19,0.0,0.0,6.288381,0.162295
1985-11-20,0.076875,0.0,5.436572,0.131726
1985-11-21,6.04904,3.582085,5.968762,0.122277
1985-11-22,0.04255,0.0,6.662667,0.100601
1985-11-23,2.639098,0.003614,4.523048,0.099489
1985-11-24,38.467344,30.379156,4.691619,0.341265
1985-11-25,0.205634,0.006855,4.865905,0.464098
1985-11-26,35.486654,31.535386,5.976191,0.439087
1985-11-27,9.468222,7.738643,6.359429,0.53802
1985-11-28,0.435718,0.176922,6.600953,0.36183
1985-11-29,0.0,0.0,6.385714,0.22399
1985-11-30,0.0,0.0,6.986095,0.136173
1985-12-01,0.0,0.0,6.943619,0.097822
1985-12-02,0.017565,0.0,6.772762,0.077257
1985-12-03,0.0,0.0,5.216381,0.07559
1985-12-04,7.082989,1.11726,3.589714,0.088929
1985-12-05,1.123856,0.0,6.230095,0.076701
1985-12-06,0.007119,0.0,5.826667,0.098378
1985-12-07,0.125433,0.218245,5.558667,0.114496
1985-12-08,0.026202,0.0,5.185333,0.099489
1985-12-09,0.402275,0.0,4.135238,0.099489
1985-12-10,3.852061,4.364181,3.916762,0.099489
1985-12-11,4.939528,5.380873,6.063048,0.124501
1985-12-12,0.003707,0.0,6.560381,0.196755
1985-12-13,0.000125,0.0,7.140381,0.07948
1985-12-14,0.000647,0.0,6.963238,0.056692
1985-12-15,0.0,0.0,6.94381,0.056692
1985-12-16,0.0,0.0,6.483048,0.049467
1985-12-17,0.078266,0.012743,6.358095,0.046688
1985-12-18,29.259083,27.701656,5.615429,0.101157
1985-12-19,3.875303,4.410243,6.224953,0.384618
1985-12-20,0.016514,0.0,6.850667,0.130614
1985-12-21,0.001084,0.0,6.782286,0.073366
1985-12-22,0.0,0.0,5.542095,0.057248
1985-12-23,0.067437,0.0,5.555619,0.043909
1985-12-24,10.060024,2.966478,5.942667,0.042241
1985-12-25,14.863424,15.347415,5.996,0.095043
1985-12-26,3.9e-05,0.0,5.485333,0.425748
1985-12-27,0.083378,0.0,5.356762,0.113384
1985-12-28,0.386719,0.0,4.290286,0.060027
1985-12-29,1.081341,0.479547,6.616762,0.340153
1985-12-30,0.782126,1.578618,5.648,0.11394
1985-12-31,1.678419,0.63443,6.337905,0.07559
1986-01-01,0.008683,0.0,5.587619,0.071143
1986-01-02,19.892054,12.230633,4.611619,0.057804
1986-01-03,22.741397,17.374439,5.55581,0.578594
1986-01-04,0.333385,0.335207,6.590286,0.380727
1986-01-05,2.115099,2.814572,5.235429,0.118387
1986-01-06,0.289312,0.031573,5.352,0.070032
1986-01-07,0.00043,0.0,5.842857,0.05169
1986-01-08,1.71654,0.782799,6.135619,0.042241
1986-01-09,0.233343,0.013884,6.466286,0.042241
1986-01-10,0.0,0.0,5.796,0.037795
1986-01-11,0.004369,0.0,7.088762,0.031125
1986-01-12,0.004485,0.0,6.698667,0.031125
1986-01-13,0.578728,0.016737,4.091048,0.031125
1986-01-14,23.597641,18.614629,5.293143,0.032237
1986-01-15,9.500024,8.788283,4.698286,0.272345
1986-01-16,8.555087,9.245651,2.873905,0.385174
1986-01-17,1.592152,0.163732,3.703429,0.448536
1986-01-18,8.314678,8.002622,3.383048,0.296801
1986-01-19,39.537731,41.398076,2.159619,1.171639
1986-01-20,13.757786,8.929308,2.772,1.079376
1986-01-21,22.48872,17.573301,2.828191,0.75812
1986-01-22,72.466981,52.186054,2.18,1.318928
1986-01-23,63.203285,43.848118,2.31981,7.072078
1986-01-24,35.717796,24.220523,5.979429,8.892899
1986-01-25,10.709087,8.189858,5.400952,3.096396
1986-01-26,1.804965,0.690041,6.376762,1.469552
1986-01-27,12.24596,11.879576,4.262476,1.035467
1986-01-28,3.439671,2.554794,4.168,0.84816
1986-01-29,32.859708,21.988512,1.845714,0.779796
1986-01-30,67.481019,54.222614,2.056381,3.80894
1986-01-31,38.944079,19.016366,2.196952,6.465693
1986-02-01,23.258607,17.73196,1.57181,4.587068
1986-02-02,283.043599,234.806818,4.944,128.407347
1986-02-03,6.460904,3.940761,5.777905,25.105765
1986-02-04,6.657068,6.776181,5.884,11.308988
1986-02-05,3.718899,1.193843,6.760762,9.151905
1986-02-06,0.135171,15.805426,6.625524,6.716918
1986-02-07,42.523752,33.490615,4.829905,15.44641
1986-02-08,1.10002,0.0,6.046095,9.885013
1986-02-09,1.813175,0.683715,6.642667,7.022055
1986-02-10,0.0,0.0,7.175429,6.021604
1986-02-11,0.000327,0.0,6.875429,5.066173
1986-02-12,0.060223,0.0,6.130095,3.851181
1986-02-13,1.47333,0.012743,4.273143,3.322609
1986-02-14,5.643865,0.025137,4.442667,2.916871
1986-02-15,0.009874,0.0,6.584,2.59228
1986-02-16,2.569635,4.117458,6.446095,2.311042
1986-02-17,0.670519,0.921883,5.382286,2.074824
1986-02-18,0.0,0.0,6.161714,1.945322
1986-02-19,0.032943,0.0,6.746095,1.781359
1986-02-20,0.017535,0.0,6.846286,1.67909
1986-02-21,0.009799,0.0,6.476762,1.516239
1986-02-22,0.053817,0.0,4.673334,1.383402
1986-02-23,0.656308,0.08601,4.626667,1.302254
1986-02-24,11.096646,10.286978,4.685333,1.334491
1986-02-25,3.42889,2.440141,4.705905,1.769687
1986-02-26,0.160954,0.0,4.96781,2.052592
1986-02-27,0.06216,0.0,6.28019,1.40619
1986-02-28,2.101961,3.594579,4.157143,1.236669
1986-03-01,6.473038,5.598643,4.724572,1.215548
1986-03-02,7.363108,6.38071,6.135429,1.539027
1986-03-03,1.068743,0.868729,5.488,1.216104
1986-03-04,14.481494,12.164897,3.219619,1.128842
1986-03-05,17.750039,14.069078,4.43581,1.146072
1986-03-06,1.196665,0.093479,5.898286,1.086045
1986-03-07,12.607048,10.748698,5.445333,1.048806
1986-03-08,0.732757,0.414434,5.540572,1.067148
1986-03-09,0.183724,0.12389,6.193714,0.878174
1986-03-10,0.001455,0.0,5.495619,0.781464
1986-03-11,2.660835,1.446467,5.540381,0.708653
1986-03-12,0.065746,0.0,5.644762,0.645847
1986-03-13,3.688289,4.352298,5.336762,0.88929
1986-03-14,1.970798,2.151528,5.046667,0.928752
1986-03-15,0.0,0.0,5.788953,0.763678
1986-03-16,0.01817,0.0,4.644953,0.659186
1986-03-17,0.077414,0.0,4.077143,0.599715
1986-03-18,14.327641,13.211235,4.269715,0.725883
1986-03-19,13.749695,14.249507,4.088572,1.205544
1986-03-20,6.737422,6.440134,4.476762,0.850939
1986-03-21,0.592654,0.243938,4.56,0.875395
1986-03-22,2.928778,1.55122,4.905143,0.696981
1986-03-23,3.599522,2.479535,4.706857,0.674193
1986-03-24,18.685709,12.249136,5.146095,0.778129
1986-03-25,14.893088,13.569867,3.370476,1.214437
1986-03-26,17.384226,14.920318,2.334857,1.79581
1986-03-27,16.705603,9.040332,3.789333,1.632403
1986-03-28,30.844302,29.117273,4.859048,3.570499
1986-03-29,2.447165,1.491437,4.220191,2.71956
1986-03-30,8.375852,6.819692,3.342667,1.732448
1986-03-31,17.856808,15.035768,4.182095,1.579045
1986-04-01,2.327214,3.207347,4.328572,1.700211
1986-04-02,24.541343,15.802062,3.780952,1.293917
1986-04-03,12.951678,10.483025,4.602286,1.839163
1986-04-04,5.500805,5.397642,3.246857,1.653523
1986-04-05,24.770119,25.111358,1.675048,1.750789
1986-04-06,17.34591,15.16891,4.161714,3.591064
1986-04-07,3.066763,2.063761,4.238667,2.364955
1986-04-08,5.200426,3.164512,4.079048,1.771354
1986-04-09,13.168475,10.321273,4.773334,1.934761
1986-04-10,1.935712,2.186028,5.083238,1.56515
1986-04-11,5.650703,4.580762,5.010476,1.370618
1986-04-12,2.369673,0.0,2.645714,1.248897
1986-04-13,14.726683,13.908547,2.225905,1.693541
1986-04-14,4.537098,0.725856,1.666857,2.0198
1986-04-15,10.162703,7.63939,4.213143,1.710216
1986-04-16,2.741715,3.144104,4.041714,1.56126
1986-04-17,4.951747,1.926616,3.553714,1.331156
1986-04-18,6.608862,6.424855,3.854667,1.298363
1986-04-19,2.672764,2.251555,4.250095,1.343939
1986-04-20,2.219475,1.351806,3.520572,1.123284
1986-04-21,1.071124,0.956348,4.635048,1.159412
1986-04-22,0.0,0.0,4.89981,1.095494
1986-04-23,0.0,0.0,4.883238,0.962656
1986-04-24,0.0,0.0,4.436762,0.893736
1986-04-25,0.0,0.0,4.018286,0.859832
1986-04-26,4.802586,1.931605,1.48419,0.841491
1986-04-27,51.906302,40.723177,1.616,2.334386
1986-04-28,25.062697,19.053663,2.044571,3.83673
1986-04-29,2.926475,1.802664,3.77181,3.118629
1986-04-30,1.177478,0.190643,3.020381,2.742904
1986-05-01,4.97559,1.416562,2.088762,2.336609
1986-05-02,20.475329,23.77006,2.402095,2.586166
1986-05-03,10.206088,5.442804,2.055429,3.868411
1986-05-04,14.228609,13.893677,1.976762,3.176432
1986-05-05,5.699589,2.86965,4.258857,3.046374
1986-05-06,4.817779,3.869266,4.000952,2.495014
1986-05-07,1.569526,1.580489,4.134476,2.253238
1986-05-08,1.132357,2.069444,4.179048,2.059262
1986-05-09,0.172273,0.189083,3.567048,1.895299
1986-05-10,0.822586,1.114028,3.054286,1.862507
1986-05-11,4.50769,5.450036,4.315429,1.924201
1986-05-12,0.04263,0.0,4.236381,1.759127
1986-05-13,0.001812,0.0,4.306857,1.518463
1986-05-14,0.003337,0.0,4.270286,1.398408
1986-05-15,0.0,0.0,4.136762,1.336714
1986-05-16,0.043114,0.0,3.885333,1.287247
1986-05-17,0.617835,0.236329,4.236191,1.263903
1986-05-18,0.000541,0.0,4.120762,1.270017
1986-05-19,0.001226,0.0,3.920381,1.223329
1986-05-20,0.002993,0.0,2.862286,1.176642
1986-05-21,0.004836,0.0,2.461333,1.104943
1986-05-22,0.001819,0.0,3.180952,1.029909
1986-05-23,0.003449,0.0,3.311429,1.02046
1986-05-24,2.715658,2.891204,3.010095,1.02046
1986-05-25,1.059799,0.0,3.162857,1.079931
1986-05-26,9.129152,6.776146,2.508381,1.04436
1986-05-27,14.561174,12.896739,1.527238,1.114391
1986-05-28,13.483073,16.273859,2.278857,1.560148
1986-05-29,3.158854,3.012546,3.624571,1.494563
1986-05-30,2.014358,2.399357,3.34,1.278354
1986-05-31,1.870435,1.023552,1.694476,1.104387
1986-06-01,21.571017,27.650622,1.733905,1.331156
1986-06-02,14.461652,12.460872,2.279048,2.601173
1986-06-03,5.534297,5.257658,2.133905,1.908638
1986-06-04,2.366563,2.471908,1.883238,1.545697
1986-06-05,1.248185,1.177841,2.157905,1.361169
1986-06-06,2.469909,0.025137,2.502667,1.325042
1986-06-07,2.60178,0.0,2.522286,1.255566
1986-06-08,1.79393,1.377639,2.363429,1.189981
1986-06-09,0.000156,0.0,3.489714,1.139958
1986-06-10,0.013313,0.0,3.190476,1.062146
1986-06-11,0.000164,0.0,3.212762,1.01379
1986-06-12,0.01026,0.0,2.722857,0.972105
1986-06-13,0.784961,0.016737,1.501333,0.920415
1986-06-14,10.370891,10.401841,1.604952,0.995449
1986-06-15,3.52854,3.933092,2.681143,1.188869
1986-06-16,0.864243,0.158263,3.131619,1.09605
1986-06-17,0.085666,0.0,3.422857,1.062701
1986-06-18,0.012519,0.0,3.622095,0.995449
1986-06-19,0.001101,0.0,3.404,0.929864
1986-06-20,0.0,0.0,3.031429,0.900406
1986-06-21,0.003516,0.0,2.371048,0.89985
1986-06-22,2.051317,3.455712,1.563238,0.904297
1986-06-23,1.343078,3.393861,2.630286,1.02713
1986-06-24,0.014684,0.0,2.226857,0.938757
1986-06-25,0.0,0.0,2.641524,0.856497
1986-06-26,0.0,0.0,2.652381,0.799249
1986-06-27,0.0,0.0,3.228571,0.787022
1986-06-28,0.0,0.0,3.245714,0.763122
1986-06-29,0.0,0.0,3.427048,0.773682
1986-06-30,0.0,0.0,2.948571,0.755896
1986-07-01,0.024596,0.0,2.812571,0.746448
1986-07-02,0.02748,0.0,2.492762,0.720881
1986-07-03,1.27151,0.962441,2.071429,0.718657
1986-07-04,2.302515,2.074053,3.190095,0.747004
1986-07-05,0.001512,0.0,3.102667,0.753117
1986-07-06,0.0,0.0,3.107429,0.74478
1986-07-07,1.052783,0.588715,2.985333,0.720325
1986-07-08,0.116749,0.051543,3.693714,0.718657
1986-07-09,0.0,0.0,3.056381,0.709765
1986-07-10,0.0,0.0,1.44019,0.676972
1986-07-11,0.001944,0.0,1.300381,0.635842
1986-07-12,0.0,0.0,2.029524,0.640845
1986-07-13,0.0,0.0,1.811619,0.641956
1986-07-14,0.121432,0.0,2.413714,0.652516
1986-07-15,2.43489,1.01554,2.572571,0.633063
1986-07-16,5.61838,3.38376,3.240762,0.649182
1986-07-17,3.093893,1.087725,2.92781,0.773682
1986-07-18,0.618465,0.0,3.488,0.752562
1986-07-19,1.042963,0.606019,2.797524,0.728662
1986-07-20,2.133051,2.476859,2.321524,0.703095
1986-07-21,1.078038,0.70105,2.428,0.678639
1986-07-22,0.287085,0.053677,2.896571,0.632507
1986-07-23,0.596979,0.512327,3.242857,0.621947
1986-07-24,1.42612,0.625457,3.474476,0.657519
1986-07-25,0.228824,0.137999,3.476762,0.696981
1986-07-26,0.0,0.0,3.677333,0.640845
1986-07-27,2.566849,1.304532,3.00781,0.621947
1986-07-28,1.79832,1.299009,1.994476,0.657519
1986-07-29,0.12005,0.0,1.059048,0.643068
1986-07-30,0.00258,0.0,2.353143,0.593045
1986-07-31,1.289831,0.0,1.676,0.539688
1986-08-01,10.891544,14.641289,2.669714,0.563032
1986-08-02,6.893192,8.036355,2.723429,0.835377
1986-08-03,3.9e-05,0.0,4.114286,0.840935
1986-08-04,0.002418,0.0,2.943619,0.648626
1986-08-05,0.000327,0.0,1.622476,0.584152
1986-08-06,0.0,0.0,1.773333,0.529127
1986-08-07,0.0,0.0,2.806095,0.496891
1986-08-08,0.0,0.0,2.300952,0.479105
1986-08-09,0.0,0.0,2.886667,0.477993
1986-08-10,0.0,0.0,3.503619,0.47577
1986-08-11,0.04208,0.021133,3.635048,0.494668
1986-08-12,0.085716,0.008559,4.175048,0.519679
1986-08-13,0.206164,0.074968,2.613524,0.500781
1986-08-14,3.810389,5.168706,2.048571,0.52079
1986-08-15,4.745848,5.056715,2.888381,0.969882
1986-08-16,0.167318,0.0,2.732952,0.849828
1986-08-17,2.414023,0.943564,2.97181,0.605829
1986-08-18,0.529786,0.22947,2.971238,0.591378
1986-08-19,0.012578,0.0,3.676952,0.588043
1986-08-20,0.012892,0.0,2.918476,0.563032
1986-08-21,0.039974,0.0,3.254286,0.53802
1986-08-22,0.096155,0.138749,4.291048,0.560253
1986-08-23,0.0,0.0,3.946667,0.53413
1986-08-24,0.0,0.0,4.630857,0.521902
1986-08-25,0.0,0.0,3.909333,0.505228
1986-08-26,0.66136,0.612927,3.731429,0.486886
1986-08-27,6.060595,4.857873,1.689524,0.516344
1986-08-28,1.916025,3.789825,3.357905,0.583041
1986-08-29,0.045203,0.0,4.544,0.56859
1986-08-30,0.0,0.015786,3.331048,0.5169
1986-08-31,0.0,0.0,4.400381,0.548581
1986-09-01,4.895294,2.526227,2.804,0.520235
1986-09-02,12.463006,7.221221,1.767429,0.695869
1986-09-03,1.793633,0.48506,3.160952,0.643624
1986-09-04,0.730301,0.340357,3.898667,0.556918
1986-09-05,2.154355,1.273278,3.957333,0.557474
1986-09-06,6.058119,3.866223,4.647429,0.578594
1986-09-07,0.018949,0.0,5.104762,0.575259
1986-09-08,0.082919,0.008559,5.004762,0.52746
1986-09-09,0.359585,0.134603,3.089905,0.493556
1986-09-10,0.336217,0.029713,4.567238,0.474103
1986-09-11,0.069271,0.0569,5.438667,0.455205
1986-09-12,0.001027,0.0,4.948952,0.452426
1986-09-13,0.00056,0.0,5.292572,0.45187
1986-09-14,0.0,0.0,5.055619,0.452426
1986-09-15,0.0,0.0,5.349333,0.440754
1986-09-16,0.000577,0.0,5.349714,0.415187
1986-09-17,0.0,0.0,4.319048,0.405183
1986-09-18,0.0,0.0,3.387048,0.404071
1986-09-19,0.001553,0.0,4.716952,0.401292
1986-09-20,0.0,0.0,4.802667,0.393511
1986-09-21,0.0,0.0,4.990476,0.387397
1986-09-22,0.012896,0.0,5.925524,0.401848
1986-09-23,0.005718,0.0,6.040952,0.381839
1986-09-24,0.015618,0.0,5.353905,0.3685
1986-09-25,0.012409,0.0,5.042667,0.356828
1986-09-26,0.0,0.0,5.248381,0.356828
1986-09-27,0.033575,0.0,5.048762,0.356828
1986-09-28,0.206944,0.046819,2.725714,0.356828
1986-09-29,4.818713,2.785503,4.624762,0.394067
1986-09-30,1.072312,0.016737,5.768952,0.424636
1986-10-01,0.018406,0.0,5.324952,0.385729
1986-10-02,0.0,0.0,5.365143,0.377392
1986-10-03,0.992859,0.0,4.698286,0.341821
1986-10-04,0.115125,0.012743,3.746095,0.335151
1986-10-05,0.043733,0.0,5.708381,0.335151
1986-10-06,0.0,0.0,5.425905,0.337374
1986-10-07,0.0,0.0,5.292953,0.302914
1986-10-08,0.0,0.0,5.471048,0.297912
1986-10-09,0.000523,0.0,5.268952,0.285129
1986-10-10,0.021776,0.005326,3.515429,0.289019
1986-10-11,14.184946,16.565277,3.661143,0.452982
1986-10-12,0.004866,0.0,5.44,0.544134
1986-10-13,0.000982,0.0,5.962857,0.347935
1986-10-14,0.000346,0.0,5.028381,0.302914
1986-10-15,0.0,0.0,5.617524,0.306249
1986-10-16,0.0,0.0,5.215048,0.291242
1986-10-17,0.000246,0.0,5.460191,0.296801
1986-10-18,0.001745,0.0,5.061714,0.263452
1986-10-19,3.039959,0.003614,4.159429,0.290131
1986-10-20,7.812506,6.901465,2.038095,0.445201
1986-10-21,0.013674,0.0,4.731048,0.495223
1986-10-22,0.046293,0.0,5.524381,0.395178
1986-10-23,6.141715,3.006416,1.908762,0.340709
1986-10-24,6.605366,6.91387,6.225714,0.392955
1986-10-25,0.0,0.0,6.190476,0.394622
1986-10-26,0.924546,1.063385,5.998286,0.354049
1986-10-27,0.0,0.0,4.826286,0.330149
1986-10-28,3.606589,1.17939,5.82381,0.278459
1986-10-29,3.756181,4.006205,4.664952,0.291242
1986-10-30,1.971631,0.529705,4.364953,0.305693
1986-10-31,0.0,0.0,4.711238,0.339042
1986-11-01,0.327147,0.300917,4.891048,0.3207
1986-11-02,0.009159,0.0,6.604952,0.378504
1986-11-03,3.190471,3.972367,5.675048,0.352381
1986-11-04,2.474834,1.959185,4.308953,0.451315
1986-11-05,14.262026,15.707564,5.295048,0.601938
1986-11-06,8.290843,7.340166,4.716762,0.676972
1986-11-07,7.416561,14.662842,6.494095,0.691979
1986-11-08,1.747124,2.202008,5.697143,0.598047
1986-11-09,1.00458,1.16643,6.187048,0.467989
1986-11-10,0.205766,0.111306,6.424,0.436864
1986-11-11,0.0,0.0,5.468952,0.353493
1986-11-12,0.000164,0.0,4.877333,0.327926
1986-11-13,0.073966,0.082006,6.161333,0.306805
1986-11-14,0.002788,0.0,7.083238,0.282905
1986-11-15,0.0,0.0,6.785714,0.245666
1986-11-16,0.002054,0.0,6.366667,0.238441
1986-11-17,0.939583,1.437487,4.679048,0.264008
1986-11-18,1.153322,0.0,3.668571,0.246222
1986-11-19,19.23178,20.697867,4.718667,0.548581
1986-11-20,0.107933,0.05596,2.825524,0.47577
1986-11-21,0.0,0.0,5.333143,0.328481
1986-11-22,0.0,0.0,6.130095,0.27568
1986-11-23,0.0,0.0,5.916,0.250113
1986-11-24,0.00096,0.0,6.216381,0.25845
1986-11-25,0.0,0.0,5.450667,0.210095
1986-11-26,0.0,0.0,6.18781,0.170633
1986-11-27,0.0,0.0,6.497524,0.133393
1986-11-28,0.0,0.0,6.592572,0.114496
1986-11-29,0.004061,0.0,5.76,0.114496
1986-11-30,0.0,0.0,6.103619,0.114496
1986-12-01,0.0,0.0,5.702667,0.14451
1986-12-02,0.001559,0.0,4.453714,0.121166
1986-12-03,0.071259,0.0,5.063238,0.114496
1986-12-04,9.629431,10.881884,3.575048,0.128947
1986-12-05,12.947997,13.085153,4.271429,0.629173
1986-12-06,4.081654,5.10094,4.933714,0.6414
1986-12-07,11.031618,12.646188,4.37981,0.574148
1986-12-08,9.674187,8.776101,6.316762,0.784798
1986-12-09,1.74862,1.011593,6.818476,0.671414
1986-12-10,0.003845,0.0,6.169714,0.395178
1986-12-11,0.0,0.0,6.485143,0.302914
1986-12-12,0.0,0.0,5.95581,0.253448
1986-12-13,0.00215,0.0,7.000762,0.20009
1986-12-14,0.005528,0.0,6.840762,0.1484
1986-12-15,0.008257,0.0,6.705714,0.122833
1986-12-16,0.001886,0.0,6.050476,0.11005
1986-12-17,0.00505,0.0,5.180952,0.125612
1986-12-18,0.0,0.0,5.21181,0.097822
1986-12-19,0.04676,0.111198,5.82781,0.093931
1986-12-20,0.924422,0.638823,6.44819,0.103936
1986-12-21,0.0,0.0,6.489714,0.122277
1986-12-22,0.031609,0.0,4.717143,0.143398
1986-12-23,0.751443,0.0,5.266476,0.138952
1986-12-24,0.170887,0.0,5.736381,0.151179
1986-12-25,0.0,0.0,5.904,0.141175
1986-12-26,0.365205,0.016737,5.751238,0.16563
1986-12-27,0.0,0.0,6.582286,0.104492
1986-12-28,0.0,0.0,6.552762,0.090041
1986-12-29,0.0,0.0,6.507429,0.070032
1986-12-30,0.0,0.0,6.338476,0.064474
1986-12-31,0.000593,0.0,5.560381,0.061139
1987-01-01,2.419235,0.555012,3.368952,0.048911
1987-01-02,1.451879,0.867361,3.238667,0.072811
1987-01-03,1.892796,0.0,4.728381,0.081148
1987-01-04,8.689022,0.003614,6.239238,0.075034
1987-01-05,3.788873,0.301842,5.700381,0.092264
1987-01-06,0.453517,0.0,5.841714,0.233994
1987-01-07,0.0,0.0,5.915048,0.212318
1987-01-08,0.001743,0.0,5.7,0.088929
1987-01-09,0.00053,0.0,5.856762,0.076701
1987-01-10,0.005134,0.0,5.340381,0.06892
1987-01-11,0.0,0.0,6.216762,0.057248
1987-01-12,0.0,0.0,6.169333,0.052802
1987-01-13,0.0,0.0,5.823048,0.052802
1987-01-14,0.124526,0.031573,3.884381,0.046132
1987-01-15,1.991334,0.334786,3.423619,0.049467
1987-01-16,0.079896,0.0,4.21981,0.052246
1987-01-17,0.768348,0.55481,4.15981,0.042797
1987-01-18,5.755631,3.425493,6.364381,0.062806
1987-01-19,0.238493,0.145256,6.185143,0.13117
1987-01-20,1.11942,0.841659,6.904,0.110605
1987-01-21,0.000941,0.0,6.173714,0.087817
1987-01-22,0.013408,0.0,6.20781,0.07948
1987-01-23,7.023132,0.0,6.364571,0.042797
1987-01-24,0.24782,0.0,4.989714,0.040018
1987-01-25,4.984165,0.943166,6.987619,0.049467
1987-01-26,0.000921,0.0,6.553333,0.060583
1987-01-27,0.004053,0.0,6.446857,0.072255
1987-01-28,2.797768,2.525454,5.469143,0.037239
1987-01-29,0.350578,0.0,7.406286,0.022232
1987-01-30,0.181667,0.0,5.744762,0.043909
1987-01-31,2.382922,1.421716,4.929524,0.050023
1987-02-01,24.682227,21.830862,2.002857,0.176746
1987-02-02,14.865043,15.488526,4.612953,1.7997
1987-02-03,16.067703,10.764085,4.836381,0.984889
1987-02-04,27.18385,21.783951,5.676381,0.623615
1987-02-05,6.805011,7.427165,6.27219,0.625282
1987-02-06,4.22558,1.015795,5.885524,0.400736
1987-02-07,7.046016,4.841236,5.660381,0.493
1987-02-08,3.972076,3.179988,5.822857,0.432417
1987-02-09,3.875009,4.798296,6.277143,0.354049
1987-02-10,0.481611,0.64356,6.202476,0.268454
1987-02-11,0.401843,0.282065,6.655619,0.232883
1987-02-12,0.039435,0.069232,4.131619,0.201202
1987-02-13,33.511283,29.914777,1.331238,0.294577
1987-02-14,109.349661,109.697302,2.613714,21.15176
1987-02-15,56.987818,59.266448,2.897714,41.323078
1987-02-16,8.901202,7.744733,3.528,24.120321
1987-02-17,5.073278,4.067519,3.894476,8.182579
1987-02-18,3.140456,3.522214,5.752,5.737587
1987-02-19,5.017067,4.805084,5.174095,4.151872
1987-02-20,6.342807,5.086622,4.55581,3.448222
1987-02-21,0.961626,1.311792,5.633714,2.657309
1987-02-22,1.128183,2.065321,5.348,2.066487
1987-02-23,0.589544,0.012571,6.297714,1.705769
1987-02-24,0.0,0.0,5.224571,1.734115
1987-02-25,0.008966,0.0,6.44381,1.465105
1987-02-26,0.008289,0.0,3.4,1.217771
1987-02-27,8.73715,8.275013,5.718476,1.352276
1987-02-28,3.730523,1.523895,5.741333,2.676207
1987-03-01,1.431177,1.95253,6.260381,1.828602
1987-03-02,0.734433,0.0,6.144381,1.424531
1987-03-03,0.177723,0.0,4.480381,1.146072
1987-03-04,3.277214,3.59916,3.943429,0.99656
1987-03-05,15.440406,5.474421,5.53581,1.129398
1987-03-06,0.164118,0.017139,6.037905,1.216104
1987-03-07,1.523056,0.094288,4.373333,1.086045
1987-03-08,7.490173,6.47653,4.332381,1.053253
1987-03-09,8.675599,8.725836,4.818857,1.088824
1987-03-10,6.918103,4.666051,4.253143,1.084934
1987-03-11,25.490491,20.75636,3.668571,1.283912
1987-03-12,5.913542,5.502287,4.758667,1.741897
1987-03-13,1.127803,0.750802,5.830095,1.802479
1987-03-14,0.11434,0.0388,5.255048,1.413415
1987-03-15,0.739704,0.942447,3.444,1.118282
1987-03-16,4.052202,1.586823,5.098857,0.969882
1987-03-17,0.006622,0.0,6.057333,0.884288
1987-03-18,0.024375,0.0,5.474095,0.80981
1987-03-19,0.028207,0.0,5.613714,0.777017
1987-03-20,0.029284,0.107302,4.980762,0.745336
1987-03-21,7.517394,5.172512,5.257714,0.738111
1987-03-22,1.436267,1.606611,5.179429,0.733108
1987-03-23,0.007548,0.0,5.758476,0.673637
1987-03-24,0.073015,0.0,5.215048,0.626949
1987-03-25,1.34998,1.883973,4.938286,0.638066
1987-03-26,31.809593,31.056162,1.887238,0.70643
1987-03-27,28.283966,26.209468,4.130095,2.05815
1987-03-28,10.055705,6.410453,4.921143,1.369506
1987-03-29,2.210662,1.995355,4.992762,1.07882
1987-03-30,0.019944,0.0,5.561524,0.933754
1987-03-31,0.00165,0.0,5.549334,0.850383
1987-04-01,9.841538,4.998216,4.432,0.781464
1987-04-02,18.093761,17.506036,4.535429,0.94098
1987-04-03,10.8488,7.240198,3.946095,1.231667
1987-04-04,16.366254,10.835951,3.527048,1.269461
1987-04-05,16.265002,7.542809,3.718286,1.229443
1987-04-06,17.348655,12.095793,3.812762,1.258345
1987-04-07,7.024453,2.994633,3.29619,1.346163
1987-04-08,4.782329,3.095763,4.838476,1.390627
1987-04-09,1.927507,2.317846,5.230095,1.385625
1987-04-10,2.218393,0.0,4.558667,1.363948
1987-04-11,5.488475,7.719922,4.323429,1.259457
1987-04-12,5.446683,5.649696,3.083048,1.156077
1987-04-13,12.813199,7.974239,4.671429,1.153854
1987-04-14,4.556176,3.833865,3.913333,1.082155
1987-04-15,5.123426,4.089281,4.274095,1.006009
1987-04-16,1.891375,0.767148,3.376952,0.919303
1987-04-17,3.018201,2.10396,3.503429,0.829819
1987-04-18,2.527971,1.100485,4.003048,0.777017
1987-04-19,0.004552,10.003593,4.832381,0.757008
1987-04-20,0.256925,0.211551,4.807048,0.74478
1987-04-21,0.025924,0.008559,4.682667,0.64807
1987-04-22,15.64835,9.663933,2.585143,0.576927
1987-04-23,27.219379,13.567575,2.183238,0.780908
1987-04-24,32.965586,23.303419,1.776952,1.265571
1987-04-25,15.453484,16.012745,1.64,1.56126
1987-04-26,25.436112,18.528873,3.286476,1.3545
1987-04-27,5.580272,6.099745,4.162857,1.383957
1987-04-28,5.322941,41.44356,1.99581,1.626845
1987-04-29,7.125735,2.215534,4.107429,2.399415
1987-04-30,10.446838,8.719981,4.251048,2.284363
1987-05-01,0.304483,0.103347,4.156,2.315489
1987-05-02,2.174762,2.473262,3.947429,1.628512
1987-05-03,6.692102,8.053079,3.967429,1.586271
1987-05-04,5.063558,3.930776,3.690476,1.549588
1987-05-05,2.463229,1.645523,3.472,1.633514
1987-05-06,12.526992,11.608883,2.942667,1.485114
1987-05-07,8.064533,5.038594,1.796952,1.579601
1987-05-08,23.885863,21.374435,1.600381,1.465105
1987-05-09,50.335233,46.500345,2.223429,9.774408
1987-05-10,7.892606,9.564719,2.617524,7.928019
1987-05-11,2.546918,1.729091,3.142667,5.781496
1987-05-12,4.839864,3.959786,3.951238,4.580399
1987-05-13,5.201045,7.171407,4.380952,3.86063
1987-05-14,0.052085,0.0,4.202667,3.254245
1987-05-15,0.899515,1.883944,4.163429,2.760689
1987-05-16,0.898194,1.881328,3.355429,2.483898
1987-05-17,0.649481,1.347814,2.652571,2.224336
1987-05-18,0.0,0.0,2.943619,2.04092
1987-05-19,0.0,0.0,3.573143,1.835272
1987-05-20,0.000895,0.0,3.509714,1.701323
1987-05-21,0.000156,0.0,2.743619,1.652412
1987-05-22,6.813265,5.720329,2.473143,1.659081
1987-05-23,4.258692,2.721619,2.899619,1.703546
1987-05-24,4.897852,3.089861,3.164191,1.803035
1987-05-25,3.119451,0.0,3.176952,1.635182
1987-05-26,1.191949,1.219391,3.585333,1.504012
1987-05-27,0.270394,0.50946,3.692381,1.411748
1987-05-28,0.0,0.0,2.916952,1.311703
1987-05-29,0.015973,0.0,0.997905,1.208878
1987-05-30,0.0,0.0,2.445333,1.126063
1987-05-31,0.0,0.0,2.60781,1.105499
1987-06-01,0.000242,0.0,2.702286,1.105499
1987-06-02,3.820753,3.128286,2.812571,1.119394
1987-06-03,3.674382,2.057805,1.697714,1.13051
1987-06-04,10.558387,4.928899,1.776381,1.108833
1987-06-05,4.876207,4.326047,1.394476,1.163858
1987-06-06,28.839129,22.456872,1.336381,1.347274
1987-06-07,3.011856,2.232314,1.471429,1.611838
1987-06-08,2.868804,2.266203,2.276952,1.425643
1987-06-09,0.129935,0.164331,2.771619,1.370618
1987-06-10,0.061695,0.0,3.228762,1.270017
1987-06-11,0.152733,0.18127,2.008381,1.159412
1987-06-12,6.195089,5.448544,2.151048,1.154965
1987-06-13,9.626585,7.964886,1.292762,1.291138
1987-06-14,2.935017,3.525476,1.376952,1.458435
1987-06-15,6.319213,4.387773,2.212762,1.5029
1987-06-16,20.767613,18.325043,2.056191,1.676311
1987-06-17,14.43123,14.905263,2.223429,2.398304
1987-06-18,5.555353,3.643776,1.458095,3.099175
1987-06-19,21.873681,20.862967,1.828952,3.294263
1987-06-20,18.895545,15.163581,2.917333,4.485356
1987-06-21,4.734459,4.18205,3.325333,5.880985
1987-06-22,1.401581,1.285084,3.347048,4.889427
1987-06-23,0.392305,0.32262,3.438095,3.891755
1987-06-24,8.374185,7.100875,2.740762,3.195886
1987-06-25,0.0,0.0,1.770667,2.905199
1987-06-26,0.011804,0.0,1.729905,2.511688
1987-06-27,0.0,0.0,2.981143,2.172646
1987-06-28,0.0024,0.0,2.730667,1.901969
1987-06-29,0.0,0.0,2.832381,1.74801
1987-06-30,0.030095,0.0,2.369905,1.641851
1987-07-01,0.005063,0.0,2.608572,1.56515
1987-07-02,7.8e-05,0.0,3.522095,1.5029
1987-07-03,0.002939,0.0,3.318667,1.452322
1987-07-04,0.045858,0.0,2.542857,1.381178
1987-07-05,14.784727,14.507941,2.019619,1.348386
1987-07-06,3.601174,2.904178,2.086286,1.455656
1987-07-07,0.0,0.0,2.183238,1.504012
1987-07-08,20.477407,20.734265,1.368,1.433424
1987-07-09,31.862654,24.205469,2.155619,2.753464
1987-07-10,2.517039,0.199585,1.845714,4.259143
1987-07-11,0.161057,0.0,3.362667,3.243685
1987-07-12,0.0,0.0,3.693905,2.528362
1987-07-13,0.0,0.0,3.331619,2.078715
1987-07-14,0.0,0.0,3.333714,1.816375
1987-07-15,0.001053,0.0,3.458667,1.652968
1987-07-16,0.0,0.0,3.231619,1.5268
1987-07-17,0.0,0.0,3.503619,1.452322
1987-07-18,0.000854,0.0,3.582857,1.367839
1987-07-19,0.000977,0.0,3.348762,1.287803
1987-07-20,0.000125,0.0,3.870286,1.238336
1987-07-21,0.000205,0.0,3.685333,1.181088
1987-07-22,0.000712,0.0,2.50781,1.146628
1987-07-23,0.000677,0.0,2.346667,1.11328
1987-07-24,0.000125,0.0,2.492381,1.068815
1987-07-25,0.0,0.0,2.906095,1.006565
1987-07-26,0.0,0.0,2.593333,0.944871
1987-07-27,5.472693,2.553469,2.094667,0.905964
1987-07-28,0.888356,0.016737,3.861714,0.905964
1987-07-29,0.000368,0.0,2.484572,0.875395
1987-07-30,0.0,0.0,2.953905,0.800361
1987-07-31,0.001722,0.0,3.317714,0.788133
1987-08-01,0.045482,0.0,3.222476,0.788133
1987-08-02,0.288341,0.315008,3.806476,0.788133
1987-08-03,0.270805,0.62142,3.659619,0.785354
1987-08-04,0.029818,0.0,3.200571,0.759787
1987-08-05,0.184788,0.299036,3.365714,0.750338
1987-08-06,0.0,0.0,2.366286,0.715878
1987-08-07,0.008748,0.0,2.176,0.666412
1987-08-08,0.596903,0.0,1.550286,0.653072
1987-08-09,0.159362,0.447945,2.609333,0.633619
1987-08-10,0.0105,0.0,3.772,0.621947
1987-08-11,1.026016,0.980915,4.051429,0.621947
1987-08-12,0.270541,0.303199,3.66381,0.621947
1987-08-13,0.097948,0.0,3.250857,0.621947
1987-08-14,3.133837,2.903773,2.760762,0.623059
1987-08-15,19.052241,13.223142,3.209143,0.747004
1987-08-16,15.292641,19.438229,3.690095,1.893632
1987-08-17,1.268449,1.13382,3.136572,0.8376
1987-08-18,0.73213,0.993862,3.471619,0.719769
1987-08-19,0.001153,0.0,3.731048,0.666412
1987-08-20,0.0,0.0,4.623429,0.633619
1987-08-21,0.0,0.0,4.446095,0.584152
1987-08-22,0.0,0.0,4.009143,0.580817
1987-08-23,0.0,0.0,4.230667,0.590822
1987-08-24,0.0,0.0,4.88,0.571369
1987-08-25,0.0,0.0,4.679429,0.542467
1987-08-26,0.0,0.0,4.878095,0.531907
1987-08-27,0.0,0.0,4.992381,0.513565
1987-08-28,0.0,0.0,4.4,0.515232
1987-08-29,0.0,0.0,3.81181,0.513009
1987-08-30,0.0,0.0,4.027238,0.525793
1987-08-31,0.0,0.0,4.229333,0.52746
1987-09-01,0.0,0.0,4.083048,0.498002
1987-09-02,0.0,0.0,4.687048,0.469656
1987-09-03,0.0,0.0,5.118667,0.432973
1987-09-04,0.0,0.0,4.828,0.431306
1987-09-05,0.000247,0.0,4.789143,0.422969
1987-09-06,0.0,0.0,4.357333,0.427415
1987-09-07,0.0,0.0,4.969333,0.439087
1987-09-08,2.293735,1.730634,2.207619,0.405183
1987-09-09,2.937106,1.799354,1.889905,0.426859
1987-09-10,2.559297,1.487544,2.55981,0.603606
1987-09-11,1.606159,1.303012,4.188572,0.539688
1987-09-12,0.0,0.0,3.673714,0.493
1987-09-13,4.135724,5.501679,3.513333,0.477993
1987-09-14,4.563218,4.872928,5.119238,0.476326
1987-09-15,0.038395,0.025137,3.936381,0.451315
1987-09-16,0.071596,0.0,3.387429,0.427415
1987-09-17,0.0,0.0,5.209333,0.426859
1987-09-18,0.0,0.0,5.027619,0.402959
1987-09-19,8.4e-05,0.0,5.054095,0.400736
1987-09-20,0.0,0.0,4.601333,0.416855
1987-09-21,0.0,0.0,4.421905,0.424636
1987-09-22,0.953631,0.559914,4.058667,0.402404
1987-09-23,10.514842,7.367534,2.682857,0.391288
1987-09-24,6.551468,4.009288,2.962286,0.523014
1987-09-25,17.918841,19.217088,4.8,0.585264
1987-09-26,4.606551,4.152322,4.242667,0.73422
1987-09-27,11.179345,10.21065,3.918286,0.625282
1987-09-28,1.506628,1.38905,5.271619,0.590822
1987-09-29,0.000491,0.0,5.143048,0.490777
1987-09-30,0.003627,0.0,5.44381,0.470768
1987-10-01,0.0,0.0,6.028381,0.432417
1987-10-02,0.011334,0.0,4.364,0.427415
1987-10-03,1.199816,1.230768,3.658095,0.431306
1987-10-04,0.310831,0.114232,6.009524,0.49967
1987-10-05,0.0,0.0,5.655048,0.492444
1987-10-06,0.0,0.0,5.272953,0.441866
1987-10-07,0.0,0.0,6.069524,0.411297
1987-10-08,0.0,0.0,5.795238,0.403515
1987-10-09,0.002721,0.0,5.468953,0.379616
1987-10-10,0.013212,0.0,5.298286,0.37906
1987-10-11,0.0,0.0,5.351619,0.365165
1987-10-12,0.0,0.0,5.475429,0.356828
1987-10-13,0.0,0.0,5.851429,0.356828
1987-10-14,0.0,0.0,5.574667,0.356272
1987-10-15,0.0,0.0,5.148953,0.332372
1987-10-16,0.0,0.0,4.968381,0.314586
1987-10-17,0.22785,0.044316,5.210286,0.33404
1987-10-18,0.77667,0.323026,6.287429,0.326258
1987-10-19,0.002463,0.0,5.926286,0.299024
1987-10-20,0.00106,0.0,5.865143,0.26512
1987-10-21,0.803581,0.899176,5.72,0.252336
1987-10-22,0.0,0.0,5.80381,0.238997
1987-10-23,0.906602,0.931563,5.912191,0.229548
1987-10-24,0.000841,0.0,5.154286,0.201758
1987-10-25,0.0,0.0,6.314667,0.199534
1987-10-26,0.0,0.0,6.188381,0.199534
1987-10-27,0.0,0.0,5.925524,0.21732
1987-10-28,0.0,0.003994,6.040762,0.20676
1987-10-29,1.74183,0.097091,5.730476,0.199534
1987-10-30,3.734306,3.917846,2.813714,0.304582
1987-10-31,6.964096,7.321648,3.971048,0.359607
1987-11-01,14.774204,15.627167,2.935619,0.434085
1987-11-02,10.548045,11.064858,4.905333,1.010456
1987-11-03,2.392468,2.498614,6.206476,0.648626
1987-11-04,0.0,0.0,6.640953,0.414076
1987-11-05,0.0,0.0,6.271238,0.328481
1987-11-06,0.065273,0.0,5.116,0.277903
1987-11-07,0.090616,0.136742,4.395429,0.256782
1987-11-08,4.739433,4.94357,6.069333,0.346267
1987-11-09,2.459461,3.225282,6.210476,0.355716
1987-11-10,2.756025,2.748699,5.329714,0.321812
1987-11-11,2.320061,1.906405,6.490476,0.30347
1987-11-12,0.000858,0.0,6.602095,0.265675
1987-11-13,0.0,0.0,5.830667,0.196755
1987-11-14,0.986107,0.347584,6.631048,0.158405
1987-11-15,1.325532,2.062865,5.428381,0.166186
1987-11-16,5.904913,6.567214,4.873143,0.182304
1987-11-17,6.210199,7.633245,3.540571,0.186195
1987-11-18,4.992543,7.410795,4.283619,0.233994
1987-11-19,4.347978,4.27234,4.081143,0.347935
1987-11-20,0.227941,0.0,4.047429,0.361274
1987-11-21,0.04662,0.0,5.296571,0.284573
1987-11-22,0.00131,0.0,7.428381,0.24789
1987-11-23,0.000156,0.0,6.192572,0.227325
1987-11-24,0.003088,0.0,6.023619,0.156182
1987-11-25,0.618465,0.187169,5.213333,0.141175
1987-11-26,21.485197,17.948756,6.747619,0.270678
1987-11-27,3.859565,6.07514,3.235048,0.321256
1987-11-28,22.397718,14.181439,6.161524,0.264564
1987-11-29,3.342007,4.067724,6.273524,0.426303
1987-11-30,1.070759,0.0,4.957714,0.362941
1987-12-01,15.86436,11.361818,3.575238,0.272345
1987-12-02,9.047156,11.931422,6.190476,0.902629
1987-12-03,1.16716,0.922994,4.990095,0.829819
1987-12-04,1.505259,1.241074,2.993905,0.514677
1987-12-05,6.094994,8.545657,5.324,0.369055
1987-12-06,0.000366,0.0,5.627619,0.369611
1987-12-07,1.005365,0.0,6.665333,0.325702
1987-12-08,0.0,0.0,6.927619,0.27568
1987-12-09,0.0,0.0,6.813714,0.266231
1987-12-10,0.030424,0.0,6.213714,0.250669
1987-12-11,0.0,0.0,5.623238,0.246778
1987-12-12,0.000924,0.0,5.818476,0.225657
1987-12-13,0.000164,0.0,2.732762,0.228436
1987-12-14,0.0,0.0,5.351619,0.208427
1987-12-15,0.0,0.0,5.407238,0.176191
1987-12-16,0.0,0.0,4.962286,0.136173
1987-12-17,0.045052,0.016737,4.693905,0.166742
1987-12-18,0.033571,0.089043,4.846095,0.132282
1987-12-19,0.0,0.0,5.940952,0.140619
1987-12-20,0.00029,0.0,6.172952,0.166742
1987-12-21,0.348592,0.090231,5.716,0.185083
1987-12-22,0.000577,0.0,6.398857,0.211206
1987-12-23,0.0,0.0,6.985333,0.170633
1987-12-24,0.002463,0.0,5.432571,0.093931
1987-12-25,0.318062,0.0,3.599048,0.092264
1987-12-26,8.066417,10.379735,3.569333,0.23066
1987-12-27,10.834955,16.142261,4.574095,0.287352
1987-12-28,5.523759,8.115783,3.534667,0.448536
1987-12-29,12.518772,13.677304,3.866286,0.464098
1987-12-30,34.173607,19.916852,6.294095,2.090943
1987-12-31,8.409003,10.577458,4.855238,0.987668
1988-01-01,27.635662,26.878209,5.346095,2.326049
1988-01-02,5.153369,1.736531,5.856953,2.423315
1988-01-03,1.520244,1.454638,6.115619,0.893736
1988-01-04,0.055724,0.0,6.660381,0.513009
1988-01-05,0.500013,0.908346,5.942667,0.385729
1988-01-06,2.566246,1.728957,6.280952,0.336263
1988-01-07,2.953387,2.526277,5.479048,0.354049
1988-01-08,7.023464,6.552306,4.246476,0.335707
1988-01-09,0.732558,0.012743,6.605143,0.324035
1988-01-10,0.470781,0.294036,4.857143,0.285684
1988-01-11,2.46301,2.069682,5.858667,0.278459
1988-01-12,3.243337,4.785474,4.842667,0.260117
1988-01-13,18.511509,8.678976,5.224953,0.256782
1988-01-14,5.860755,4.563348,5.802667,0.349602
1988-01-15,0.016925,0.0,7.081714,0.346823
1988-01-16,0.200543,0.0,5.920762,0.300691
1988-01-17,10.278326,10.66262,6.755619,0.338486
1988-01-18,0.478869,0.482646,6.984191,0.398513
1988-01-19,0.011159,0.012743,6.828,0.293466
1988-01-20,0.534226,0.951356,6.22381,0.279571
1988-01-21,0.0,0.0,6.456381,0.26901
1988-01-22,2.342158,0.908548,6.465905,0.256227
1988-01-23,1.199608,1.411775,7.032381,0.256227
1988-01-24,0.005039,0.0,7.214476,0.243443
1988-01-25,0.000264,0.0,6.29581,0.198979
1988-01-26,0.015657,0.0,6.275048,0.124501
1988-01-27,10.692883,9.239362,5.892762,0.091152
1988-01-28,0.751429,0.198638,5.627238,0.116719
1988-01-29,3.096393,2.440731,5.70781,0.130614
1988-01-30,8.326799,6.839787,5.730095,0.294577
1988-01-31,0.705106,0.586596,7.006286,0.345711
1988-02-01,0.01657,0.0,6.993905,0.319589
1988-02-02,0.013759,0.0,6.410667,0.20676
1988-02-03,3.492433,6.500699,6.804952,0.125056
1988-02-04,13.701717,13.869282,4.166857,0.192865
1988-02-05,11.480236,5.008314,3.90819,0.26901
1988-02-06,7.033339,0.025718,3.731619,0.28624
1988-02-07,5.452277,3.393628,5.012762,0.41741
1988-02-08,4.779317,2.995968,6.184381,0.342377
1988-02-09,19.467844,25.217465,4.772381,0.31014
1988-02-10,56.055346,42.215612,3.382286,1.417306
1988-02-11,21.011842,19.405119,2.768,5.317954
1988-02-12,53.317431,55.431622,3.988381,7.715701
1988-02-13,16.141828,16.244919,2.573524,5.824849
1988-02-14,48.513717,26.750784,2.816381,9.618226
1988-02-15,14.545761,17.742267,3.78419,7.162674
1988-02-16,33.369613,26.586989,3.964381,4.293603
1988-02-17,17.546918,7.43461,5.090286,5.355748
1988-02-18,0.89817,0.471141,5.427238,3.300377
1988-02-19,0.280995,0.288715,5.372,2.122624
1988-02-20,0.0,0.0,6.373333,1.607947
1988-02-21,0.00205,0.0,3.923048,1.299475
1988-02-22,0.0,0.0,5.437143,1.049918
1988-02-23,0.085571,0.008559,2.927429,0.89985
1988-02-24,0.002217,0.0,1.661714,0.812589
1988-02-25,0.142991,0.0,3.072952,0.74089
1988-02-26,0.076334,0.0,4.970667,0.675305
1988-02-27,0.064885,0.0,3.102095,0.628061
1988-02-28,0.51455,0.0,1.097333,0.600271
1988-02-29,3.839866,2.783605,1.263619,0.59638
1988-03-01,12.306231,8.226765,3.741333,0.562476
1988-03-02,3.057374,2.172741,4.861905,0.437975
1988-03-03,0.53644,0.0,4.121714,0.455761
1988-03-04,2.735182,5.164503,4.332,0.428527
1988-03-05,20.473484,12.535358,4.239619,0.470212
1988-03-06,10.997599,8.571388,4.428762,0.772015
1988-03-07,7.865374,19.319996,4.416762,1.032688
1988-03-08,17.858731,12.084355,4.807048,0.848716
1988-03-09,2.100556,0.148539,4.456762,0.74089
1988-03-10,1.81247,1.872714,3.159048,0.662521
1988-03-11,1.214942,0.0,2.239429,0.645291
1988-03-12,0.0,0.0,4.709714,0.573592
1988-03-13,0.0,0.0,4.869333,0.521346
1988-03-14,0.12333,0.147138,3.786286,0.483551
1988-03-15,1.573352,2.585495,5.185143,0.436864
1988-03-16,4.092511,6.848155,5.049714,0.426859
1988-03-17,13.672716,18.583546,3.628381,0.388509
1988-03-18,70.331819,49.476511,3.632191,0.628061
1988-03-19,29.72324,21.146088,3.641333,0.848716
1988-03-20,13.502325,6.68871,2.781143,0.812589
1988-03-21,11.246542,11.4729,1.839238,0.730885
1988-03-22,20.673754,10.248502,3.196381,0.713655
1988-03-23,19.597427,9.565085,3.009714,1.132733
1988-03-24,3.809647,2.178604,4.284,2.185986
1988-03-25,4.228144,2.495957,4.236191,1.153298
1988-03-26,1.660969,1.061081,4.034667,0.902629
1988-03-27,5.128339,3.651403,3.357714,0.854274
1988-03-28,10.578945,6.662617,3.05981,0.860944
1988-03-29,4.530231,3.848713,3.973714,1.255566
1988-03-30,1.771607,0.666252,3.577714,1.003786
1988-03-31,3.313341,3.100943,3.351619,0.907632
1988-04-01,6.690407,1.445473,5.041333,1.009344
1988-04-02,0.0,0.0,5.414667,0.898183
1988-04-03,0.234063,0.0,5.429714,0.763678
1988-04-04,17.44526,13.480741,4.327429,0.91319
1988-04-05,0.000779,0.0,5.059429,0.776461
1988-04-06,0.018324,0.0,5.159048,0.546913
1988-04-07,0.000164,0.0,5.104,0.460763
1988-04-08,0.001551,0.0,4.721714,0.452426
1988-04-09,1.823819,1.331577,2.098476,0.603606
1988-04-10,0.018333,0.0,4.178857,0.546357
1988-04-11,0.253441,0.482998,4.688762,0.421301
1988-04-12,0.003244,0.0,4.669905,0.374613
1988-04-13,0.20271,0.050631,4.394667,0.349602
1988-04-14,0.007608,0.15881,4.635429,0.335151
1988-04-15,7.872015,15.793272,3.726286,0.306805
1988-04-16,18.525949,8.043401,3.148191,0.440199
1988-04-17,4.425225,3.189284,2.921143,0.609719
1988-04-18,5.080002,1.395564,2.972,0.414076
1988-04-19,4.095061,1.823557,4.274667,0.435196
1988-04-20,2.01266,3.208139,2.500572,0.412408
1988-04-21,11.307314,19.806978,2.372571,0.359607
1988-04-22,56.516864,54.555001,2.397714,0.845381
1988-04-23,44.248452,28.166616,1.955619,2.993572
1988-04-24,12.010792,4.626204,1.432381,5.705906
1988-04-25,6.250285,1.985273,3.835429,2.581164
1988-04-26,2.988346,1.001837,4.188952,1.795254
1988-04-27,1.944353,0.767943,4.451619,1.551255
1988-04-28,0.362098,0.0,4.12781,1.350609
1988-04-29,0.0,0.0,4.098476,1.235557
1988-04-30,4.931157,2.955163,2.550095,1.135512
1988-05-01,6.181561,6.686618,3.466857,1.388404
1988-05-02,7.62686,6.493262,3.493714,1.478444
1988-05-03,0.569342,0.04875,4.488952,1.189425
1988-05-04,0.000106,0.0,4.707048,0.979331
1988-05-05,0.202028,0.153836,4.458095,0.855386
1988-05-06,1.322411,2.936894,3.558667,0.782019
1988-05-07,0.781354,0.0,4.474286,0.754229
1988-05-08,0.001899,0.0,4.635048,0.737555
1988-05-09,0.0,0.0,4.513143,0.678084
1988-05-10,0.147076,0.111306,4.486476,0.63084
1988-05-11,0.009291,0.0,2.903429,0.595268
1988-05-12,1.601451,0.386229,0.736191,0.62028
1988-05-13,14.616345,9.15783,2.272952,0.609719
1988-05-14,24.767734,20.623329,2.890476,1.337825
1988-05-15,16.942262,15.049847,2.715048,1.839163
1988-05-16,3.303274,4.088363,2.908762,2.293812
1988-05-17,4.449051,4.495793,3.674667,1.698544
1988-05-18,0.240006,0.174765,3.530095,1.504012
1988-05-19,4.036003,0.191184,4.009714,1.221662
1988-05-20,10.955179,12.792692,3.916762,1.597387
1988-05-21,0.020499,0.0,2.390667,1.564039
1988-05-22,0.0,0.0,3.584,1.138847
1988-05-23,0.017359,0.0,3.326667,1.027686
1988-05-24,0.0,0.0,3.484952,0.960433
1988-05-25,0.0,0.0,3.121714,0.900962
1988-05-26,0.0,0.0,3.211619,0.82037
1988-05-27,0.0,0.0,3.923429,0.763678
1988-05-28,0.000681,0.0,3.889143,0.748115
1988-05-29,0.002152,0.0,3.342857,0.715323
1988-05-30,0.002749,0.0,2.546095,0.683642
1988-05-31,1.929771,0.834255,2.212191,0.668079
1988-06-01,7.634942,2.649693,2.432952,0.747559
1988-06-02,0.461062,0.189465,1.973714,0.794247
1988-06-03,0.140504,0.0,2.367619,0.69309
1988-06-04,0.0,0.0,3.740952,0.649182
1988-06-05,0.0,0.0,3.580762,0.638066
1988-06-06,0.0,0.0,3.674857,0.633619
1988-06-07,0.0,0.0,3.526667,0.600271
1988-06-08,0.0,0.0,3.342667,0.558029
1988-06-09,0.000208,0.0,3.651429,0.523569
1988-06-10,0.000125,0.0,2.705143,0.511898
1988-06-11,0.000391,0.0,3.121905,0.495779
1988-06-12,0.000203,0.0,2.932952,0.495779
1988-06-13,0.0,0.0,3.544,0.495779
1988-06-14,0.000208,0.0,3.48,0.482996
1988-06-15,0.000407,0.0,3.014095,0.4691
1988-06-16,0.002398,0.0,1.268381,0.4691
1988-06-17,0.0,0.0,2.182476,0.43464
1988-06-18,0.0,0.0,2.657905,0.417966
1988-06-19,0.025117,0.0,2.488762,0.417966
1988-06-20,0.031269,0.0,2.676381,0.416299
1988-06-21,0.030962,0.0,2.161143,0.403515
1988-06-22,0.112677,0.058581,1.542667,0.417966
1988-06-23,0.0,0.0,1.408381,0.397401
1988-06-24,0.053702,0.0,1.177905,0.381283
1988-06-25,0.345156,0.268,0.697143,0.371834
1988-06-26,3.57277,0.911199,1.379619,0.415743
1988-06-27,2.450757,0.694022,1.892571,0.467433
1988-06-28,3.035035,0.108529,2.308952,0.564143
1988-06-29,0.040378,0.0,3.628381,0.560808
1988-06-30,0.000247,0.0,3.644,0.467433
1988-07-01,2.464466,4.426047,2.016381,0.436864
1988-07-02,14.378045,24.4316,2.200571,0.422969
1988-07-03,22.975564,17.711206,1.708191,0.604161
1988-07-04,24.446243,19.018231,1.623619,1.142182
1988-07-05,0.365322,0.0,1.301524,1.10661
1988-07-06,7.358962,7.680926,2.55181,0.663077
1988-07-07,1.5887,2.01081,1.671619,0.582485
1988-07-08,1.319578,1.351027,2.793524,0.611387
1988-07-09,0.273793,0.318651,2.68381,0.652516
1988-07-10,0.271916,0.0,2.610286,0.623615
1988-07-11,0.66649,0.021112,3.488952,0.69309
1988-07-12,0.000117,0.0,2.392571,0.708097
1988-07-13,0.008884,0.0,1.906667,0.565811
1988-07-14,0.395765,0.362077,2.554476,0.524125
1988-07-15,1.817597,2.651193,2.786095,0.523014
1988-07-16,4.763506,3.698978,2.064571,0.523014
1988-07-17,0.469053,0.684495,2.428762,0.523014
1988-07-18,0.36542,0.382603,1.883238,0.523014
1988-07-19,0.481205,0.20928,2.521143,0.501893
1988-07-20,0.035422,0.0,2.548762,0.4691
1988-07-21,0.278588,0.055006,2.883048,0.4691
1988-07-22,0.01189,0.0,3.76,0.4691
1988-07-23,0.001235,0.0,2.672381,0.449091
1988-07-24,0.002091,0.0,2.949524,0.409073
1988-07-25,0.0,0.0,3.455238,0.385174
1988-07-26,0.003369,0.0,3.856762,0.374058
1988-07-27,0.001196,0.0,3.89619,0.356272
1988-07-28,0.02912,0.0,2.727238,0.334595
1988-07-29,1.991596,2.434027,2.401143,0.33404
1988-07-30,3.839107,2.528902,2.482667,0.369055
1988-07-31,2.739634,1.615217,2.816381,0.365165
1988-08-01,1.91404,0.411768,2.040191,0.350714
1988-08-02,10.982329,8.476893,3.030095,0.319589
1988-08-03,0.859191,0.385505,3.097905,0.536909
1988-08-04,3.491704,4.198017,2.904762,0.391843
1988-08-05,1.736382,3.167014,3.782476,0.360718
1988-08-06,0.448307,0.74318,4.362095,0.350714
1988-08-07,0.01737,0.0,3.178286,0.326258
1988-08-08,0.028873,0.0,3.409143,0.325702
1988-08-09,0.008761,0.0,3.659429,0.329593
1988-08-10,0.004092,0.0,2.964762,0.297356
1988-08-11,0.012355,0.0,1.648952,0.276791
1988-08-12,3.720166,2.988906,2.919619,0.26512
1988-08-13,4.374955,0.016557,2.473524,0.369611
1988-08-14,8.841611,10.427425,2.633714,0.442422
1988-08-15,11.511855,10.023561,3.246286,0.476326
1988-08-16,0.731864,0.422402,4.14381,1.009344
1988-08-17,1.776856,2.613109,3.952571,0.495779
1988-08-18,0.366323,0.414815,3.744571,0.376837
1988-08-19,0.097178,0.0,4.386667,0.339598
1988-08-20,0.0,0.0,4.640762,0.325702
1988-08-21,2.810015,4.330993,2.728952,0.316254
1988-08-22,5.230019,4.1942,2.525714,0.404071
1988-08-23,14.097569,8.250462,3.061714,1.055476
1988-08-24,3.941564,0.819751,3.313524,1.281689
1988-08-25,0.010831,0.0,2.82381,0.651405
1988-08-26,0.00748,0.0,4.288572,0.520235
1988-08-27,0.000577,0.0,4.506476,0.449647
1988-08-28,3.9e-05,0.0,3.868191,0.409073
1988-08-29,0.052184,0.125021,3.544381,0.385174
1988-08-30,2.170411,1.401323,1.485905,0.36183
1988-08-31,3.988411,2.538438,3.445905,0.352937
1988-09-01,4.526877,1.038583,2.757905,0.461875
1988-09-02,1.655115,0.506411,4.638095,0.415743
1988-09-03,0.505506,0.0,3.518667,0.350158
1988-09-04,4.780951,1.546796,5.004762,0.376281
1988-09-05,0.581975,0.001712,3.530286,0.555806
1988-09-06,3.271689,1.212163,3.348571,0.377948
1988-09-07,1.479942,0.528106,5.00819,0.454094
1988-09-08,1.371181,1.213843,4.670095,0.525237
1988-09-09,3.783904,1.765278,3.569905,0.412408
1988-09-10,3.733423,1.444506,3.887619,0.6653
1988-09-11,0.840247,0.19593,4.545143,0.680863
1988-09-12,0.05654,0.0,3.729143,0.582485
1988-09-13,3.9e-05,0.0,3.388952,0.476326
1988-09-14,0.0,0.0,2.734857,0.42408
1988-09-15,0.0,0.0,4.146667,0.376281
1988-09-16,0.0,0.0,4.11619,0.33126
1988-09-17,0.0,0.0,4.178286,0.296245
1988-09-18,0.0,0.0,4.899429,0.321256
1988-09-19,0.0,0.0,4.830286,0.304582
1988-09-20,0.0,0.0,4.358857,0.296801
1988-09-21,0.0,0.0,5.658667,0.284573
1988-09-22,0.0,0.0,5.291048,0.276791
1988-09-23,0.000247,0.0,5.388952,0.257894
1988-09-24,0.014635,0.0,5.621143,0.24789
1988-09-25,0.000841,0.0,5.348,0.264008
1988-09-26,3.61361,1.994444,4.245905,0.276791
1988-09-27,3.22452,0.017139,5.575429,0.377392
1988-09-28,5.2e-05,0.0,6.002095,0.436308
1988-09-29,0.0,0.0,5.847048,0.319033
1988-09-30,0.0,0.0,5.377524,0.289019
1988-10-01,0.0,0.0,5.922095,0.26512
1988-10-02,0.001637,0.0,5.392572,0.26512
1988-10-03,0.0,0.0,5.915048,0.26512
1988-10-04,0.0,0.0,5.524191,0.26512
1988-10-05,0.006369,0.0,5.427619,0.26512
1988-10-06,0.0,0.0,5.833714,0.257894
1988-10-07,0.0,0.0,5.398286,0.238997
1988-10-08,0.093748,0.0,4.64781,0.214541
1988-10-09,0.044159,0.230246,6.185333,0.249557
1988-10-10,0.02979,0.0,6.072952,0.26512
1988-10-11,6.930787,6.605105,5.297143,0.212318
1988-10-12,2.908516,1.450981,5.831619,0.203425
1988-10-13,0.475313,0.152883,5.612571,0.68253
1988-10-14,0.0,0.0,5.262476,0.305138
1988-10-15,1.496172,0.311388,5.612953,0.246778
1988-10-16,0.071099,0.0,6.015048,0.238997
1988-10-17,0.001711,0.0,5.940762,0.228436
1988-10-18,0.0,0.0,6.391238,0.228436
1988-10-19,0.004903,0.0,5.965333,0.198979
1988-10-20,0.0,0.0,6.005524,0.142286
1988-10-21,0.0,0.0,6.433333,0.123389
1988-10-22,0.0,0.0,5.551048,0.104492
1988-10-23,0.000593,0.0,5.891238,0.150068
1988-10-24,0.0,0.0,5.725334,0.145621
1988-10-25,6.748352,2.317706,5.720191,0.115608
1988-10-26,10.052989,8.594214,6.176952,0.128391
1988-10-27,0.464144,0.440544,6.06,0.316254
1988-10-28,0.00599,0.0,6.155619,0.197311
1988-10-29,4.615625,9.182274,5.756381,0.132838
1988-10-30,18.386589,14.490822,5.175429,0.121166
1988-10-31,39.34854,48.700313,4.449333,0.272901
1988-11-01,51.033811,47.340193,3.146095,1.28558
1988-11-02,37.511146,35.651405,3.10381,5.652549
1988-11-03,20.686133,17.93159,3.674095,3.51603
1988-11-04,14.238501,3.640349,4.51219,2.313821
1988-11-05,1.099963,0.0,5.910667,1.81304
1988-11-06,0.522121,0.81996,6.263429,1.053809
1988-11-07,6.512971,3.78166,4.522667,0.77535
1988-11-08,1.437961,0.396735,4.832381,0.67197
1988-11-09,0.005934,0.0,5.812572,0.62417
1988-11-10,0.001153,0.0,6.717714,0.523014
1988-11-11,0.520945,0.982247,5.904191,0.472435
1988-11-12,0.708663,1.157065,5.525905,0.419634
1988-11-13,9.766107,9.31178,5.456,0.380727
1988-11-14,4.792379,2.926476,5.986476,0.517456
1988-11-15,11.232111,8.622608,5.265714,0.576371
1988-11-16,3.696057,0.296336,5.061714,0.592489
1988-11-17,0.001481,0.0,4.875048,0.699204
1988-11-18,0.001626,0.0,5.595238,0.439087
1988-11-19,9.657212,11.406806,4.392,0.394067
1988-11-20,35.495238,50.252533,4.990667,0.731997
1988-11-21,16.082924,10.20931,4.819238,0.826484
1988-11-22,7.51963,0.06758,6.465333,0.566367
1988-11-23,2.765417,0.102475,5.839619,0.499114
1988-11-24,9.337692,5.258614,4.324572,0.45854
1988-11-25,5.348451,14.186602,5.711048,0.411852
1988-11-26,10.278666,8.678602,5.656381,0.522458
1988-11-27,0.0,0.0,6.102286,0.736999
1988-11-28,0.000612,0.0,5.393905,0.409073
1988-11-29,0.002026,0.0,6.613714,0.340709
1988-11-30,0.000616,0.0,6.704,0.305693
1988-12-01,5.01548,4.627735,5.802095,0.304582
1988-12-02,4.57981,7.191015,5.427048,0.304582
1988-12-03,2.248367,2.368149,5.275429,0.628061
1988-12-04,1.983862,1.84984,6.030286,0.65863
1988-12-05,0.286075,0.588722,5.878667,0.541355
1988-12-06,0.096399,0.077451,5.448,0.402959
1988-12-07,3.879351,3.026779,3.490286,0.339042
1988-12-08,5.179552,6.192557,5.42381,0.581929
1988-12-09,8.936203,5.716898,5.615048,0.501893
1988-12-10,12.356574,18.120364,4.242476,0.632507
1988-12-11,9.331722,11.819037,5.888571,1.194427
1988-12-12,38.808134,54.415534,4.366476,2.459442
1988-12-13,56.200184,59.427241,2.427238,5.285161
1988-12-14,31.018274,17.38701,4.111048,15.648723
1988-12-15,5.022407,2.532518,5.276,7.003714
1988-12-16,1.699382,1.20585,5.274095,3.891199
1988-12-17,0.077987,0.058961,6.801714,2.505574
1988-12-18,0.002641,0.0,6.802667,1.838607
1988-12-19,0.716886,0.383976,5.103619,1.487893
1988-12-20,10.317933,10.917447,4.420953,1.239448
1988-12-21,7.437374,10.84165,5.202095,1.334491
1988-12-22,0.800327,0.051035,6.906476,1.835828
1988-12-23,1.483251,0.945481,5.911429,4.172993
1988-12-24,3.192855,5.329673,6.084,2.199325
1988-12-25,1.569816,0.024743,6.678667,1.960328
1988-12-26,0.205383,0.010271,6.369143,1.566262
1988-12-27,7.884284,11.355368,4.021905,1.32004
1988-12-28,36.825247,31.441296,2.492191,2.871851
1988-12-29,57.181972,61.871394,2.401714,5.431338
1988-12-30,48.631598,44.646828,2.208952,29.596679
1988-12-31,11.281471,17.383165,3.10381,14.487644
1989-01-01,3.147366,1.393277,5.956381,8.309858
1989-01-02,11.12535,12.019967,5.088762,5.160105
1989-01-03,5.147641,3.338283,5.013905,4.728243
1989-01-04,4.691494,0.0,4.574476,3.556604
1989-01-05,8.624665,4.486828,4.873333,3.021918
1989-01-06,3.002121,4.103955,6.758476,2.82683
1989-01-07,10.297641,7.518419,6.284381,2.336053
1989-01-08,0.458131,0.48892,6.759048,1.992565
1989-01-09,0.944096,0.747362,5.665143,1.760238
1989-01-10,0.2491,0.243763,6.920762,1.646298
1989-01-11,12.972314,7.463176,3.940381,1.494563
1989-01-12,18.332985,21.241853,6.468,1.873067
1989-01-13,10.182967,0.519221,6.107619,1.705769
1989-01-14,9.896966,4.253083,5.50781,1.627956
1989-01-15,17.520567,21.414804,4.793905,1.522353
1989-01-16,9.232915,6.332689,4.494286,1.352832
1989-01-17,11.936429,10.189857,5.324,1.622398
1989-01-18,12.683415,8.594443,5.740191,1.904748
1989-01-19,0.461856,0.520896,6.880572,1.658526
1989-01-20,0.001663,0.0,7.149143,1.272796
1989-01-21,0.0,0.0,7.120381,1.069927
1989-01-22,0.486983,0.917116,7.209524,0.96877
1989-01-23,0.14734,0.168301,6.576762,0.909299
1989-01-24,1.770958,2.767043,4.510286,0.822037
1989-01-25,21.690175,20.693251,4.206286,0.787022
1989-01-26,40.029475,30.489295,2.508571,0.910411
1989-01-27,4.686549,0.457101,4.61619,1.129954
1989-01-28,1.868032,1.45993,6.728571,0.789801
1989-01-29,7.8e-05,0.0,6.070286,0.70643
1989-01-30,4.848192,5.7668,2.924952,0.660854
1989-01-31,23.459213,22.98853,2.465714,0.643624
1989-02-01,58.625616,45.726457,1.769714,1.736339
1989-02-02,35.278147,19.284283,1.713714,14.243645
1989-02-03,19.448268,18.201836,4.036381,9.254173
1989-02-04,10.933086,7.045867,5.197905,19.06582
1989-02-05,9.045311,8.213065,5.08381,9.774408
1989-02-06,0.230374,0.11492,5.570667,5.230692
1989-02-07,0.856862,0.309468,6.919048,3.761696
1989-02-08,0.399792,0.008559,6.346476,3.146975
1989-02-09,3.496205,6.031565,5.80381,3.182546
1989-02-10,2.220355,1.296708,5.970667,2.694548
1989-02-11,0.0,0.0,7.175429,2.392746
1989-02-12,1.12484,1.147579,6.372,2.143744
1989-02-13,5.989128,7.305231,5.762667,1.97867
1989-02-14,0.603354,0.799571,5.522476,2.192655
1989-02-15,1.4975,0.398245,6.020381,1.904192
1989-02-16,0.002904,0.119218,4.94,1.71633
1989-02-17,0.84888,0.247831,5.959048,1.615729
1989-02-18,0.144488,0.02853,6.529714,1.549588
1989-02-19,0.000327,0.0,6.431429,1.445652
1989-02-20,0.0,0.0,5.954286,1.370062
1989-02-21,3.190926,1.162068,5.993905,1.280022
1989-02-22,6.628785,9.210643,5.929334,1.562371
1989-02-23,7.469849,10.04012,5.488381,1.372841
1989-02-24,15.761177,13.287036,5.424572,1.291694
1989-02-25,18.406057,16.637291,5.883238,1.706325
1989-02-26,7.957982,9.158613,5.142667,1.510681
1989-02-27,3.252409,2.860676,5.649333,1.615173
1989-02-28,1.389431,0.378787,5.915048,1.318928
1989-03-01,2.198283,1.776525,5.170286,1.190537
1989-03-02,0.32819,0.290477,4.935619,1.3306
1989-03-03,0.215445,0.094178,5.739238,1.177198
1989-03-04,1.848757,1.305636,3.729524,1.163858
1989-03-05,86.446174,157.081827,4.57219,1.137179
1989-03-06,88.241174,53.184898,1.969714,4.10185
1989-03-07,10.246297,5.676926,4.678857,6.761382
1989-03-08,15.338694,46.098801,2.413333,3.044706
1989-03-09,23.923073,25.602999,2.269714,3.114182
1989-03-10,20.375461,10.979209,3.178476,4.323616
1989-03-11,26.071752,34.051187,3.876381,4.671551
1989-03-12,40.667325,34.631573,2.816381,5.000588
1989-03-13,12.313791,8.667365,4.002857,6.051618
1989-03-14,9.138964,7.356351,4.570476,4.464235
1989-03-15,5.644974,5.813112,5.247048,3.837286
1989-03-16,1.91723,1.14358,5.827429,3.317051
1989-03-17,0.024089,0.0,5.731429,2.787368
1989-03-18,5.56115,7.966264,4.490095,2.745127
1989-03-19,23.366088,34.478078,3.298476,3.000242
1989-03-20,78.580487,95.836496,2.922667,8.818977
1989-03-21,89.649648,68.438087,2.063238,87.727337
1989-03-22,38.112433,22.615596,3.424571,133.02165
1989-03-23,6.482667,5.925247,5.279048,14.274214
1989-03-24,0.155664,0.104264,5.64781,7.799628
1989-03-25,0.030461,0.0,5.694095,5.58085
1989-03-26,0.003164,0.082952,5.536762,5.052278
1989-03-27,0.383648,0.344919,5.484381,4.509811
1989-03-28,0.000858,0.0,5.988,3.956228
1989-03-29,7.163895,7.309052,4.900381,3.509916
1989-03-30,13.604847,10.253082,4.394095,3.201444
1989-03-31,16.036416,11.5447,4.26,3.48824
1989-04-01,18.041551,9.433094,3.890476,4.671551
1989-04-02,5.798164,2.367036,4.353905,5.144542
1989-04-03,3.026538,1.68772,2.40819,4.284154
1989-04-04,26.530273,12.369459,1.791048,3.946224
1989-04-05,9.010526,5.530058,3.724381,4.135754
1989-04-06,68.398077,66.742781,3.484952,4.637647
1989-04-07,51.387866,38.239566,3.060381,7.466144
1989-04-08,6.630221,4.899958,4.144,10.877127
1989-04-09,5.797418,3.246452,4.556381,8.506058
1989-04-10,5.59702,5.401255,4.770095,7.802963
1989-04-11,5.169807,3.200712,4.219429,6.724143
1989-04-12,0.655324,0.0,5.173714,5.651437
1989-04-13,1.142258,1.219205,4.846857,4.980023
1989-04-14,4.888996,4.625431,3.931619,4.489247
1989-04-15,4.695986,1.705074,4.016762,4.293603
1989-04-16,3.919358,2.948929,3.659048,4.125749
1989-04-17,6.477597,6.052288,4.638667,4.248027
1989-04-18,2.647768,4.836902,4.385524,3.95067
1989-04-19,3.696776,2.392514,4.888762,3.710006
1989-04-20,6.560967,4.453444,1.638286,3.471565
1989-04-21,9.380545,8.807434,2.868381,3.204223
1989-04-22,21.914531,15.858047,2.314857,3.183658
1989-04-23,23.323637,18.160901,2.088381,6.556846
1989-04-24,27.908845,17.717454,2.173333,5.616977
1989-04-25,12.448739,6.192694,4.982857,9.933924
1989-04-26,0.005184,0.0,3.628381,6.023272
1989-04-27,0.02287,0.0,4.135429,4.443115
1989-04-28,0.0,0.012743,3.957714,4.027372
1989-04-29,0.000882,0.0,3.525333,3.742243
1989-04-30,0.256083,0.0,3.512381,3.492686
1989-05-01,1.691951,3.189075,3.910286,3.235904
1989-05-02,0.920307,1.04644,4.660952,3.060269
1989-05-03,0.388949,0.0,3.571429,2.953554
1989-05-04,0.045041,0.008559,4.142667,2.848507
1989-05-05,1.136337,0.50299,3.727619,2.765136
1989-05-06,2.893181,14.248539,3.951429,2.714002
1989-05-07,3.312057,4.019538,3.699048,2.625073
1989-05-08,15.541427,16.123584,1.816952,2.565601
1989-05-09,22.00282,21.047208,2.023619,5.050611
1989-05-10,15.93952,13.101812,2.298857,4.281375
1989-05-11,7.591231,5.728903,3.004952,3.873969
1989-05-12,7.540712,4.884477,2.615238,3.206446
1989-05-13,2.693622,1.461044,3.258857,3.036925
1989-05-14,16.126998,20.188669,3.073524,2.856844
1989-05-15,24.715035,32.494783,1.632,3.322609
1989-05-16,13.577191,6.042409,2.885905,5.123421
1989-05-17,0.502132,0.07521,3.401905,4.328619
1989-05-18,0.101425,0.0,3.916,3.887864
1989-05-19,0.001004,0.0,3.18,3.72668
1989-05-20,10.229706,20.211006,2.164762,3.825614
1989-05-21,15.674814,11.413064,2.339429,3.583282
1989-05-22,11.779193,8.90832,2.122095,4.142423
1989-05-23,19.613901,13.998247,2.418286,3.237015
1989-05-24,3.672522,1.686595,2.219048,3.744466
1989-05-25,15.173131,15.325851,2.452572,3.992912
1989-05-26,10.099645,8.333881,3.475048,5.329626
1989-05-27,23.694721,19.370064,3.147619,4.432554
1989-05-28,0.0,0.0,3.428381,4.062943
1989-05-29,0.41128,0.0,1.734667,3.658872
1989-05-30,0.006016,0.0,3.615048,3.292596
1989-05-31,0.100179,0.0,3.835048,3.073052
1989-06-01,0.00117,0.0,3.753714,2.901864
1989-06-02,0.0,0.0,3.587048,2.796817
1989-06-03,0.0,0.0,3.633714,2.714002
1989-06-04,0.009795,0.0,2.701333,2.625073
1989-06-05,19.695039,19.520551,1.16381,2.611733
1989-06-06,39.032824,37.373856,3.43581,6.211134
1989-06-07,0.001438,0.0,2.567619,3.765587
1989-06-08,0.028034,0.075154,2.392762,3.04693
1989-06-09,0.010045,0.0,2.565905,2.848507
1989-06-10,0.09248,0.012553,1.753714,2.745683
1989-06-11,0.0,0.0,0.643238,2.606175
1989-06-12,0.0,0.0,1.890286,2.448326
1989-06-13,0.0,0.0,2.233333,2.351616
1989-06-14,0.0,0.0,2.402667,2.274915
1989-06-15,2.819433,4.435759,2.474857,2.246013
1989-06-16,2.10013,0.697288,2.084952,2.272136
1989-06-17,1.73006,0.657664,2.346095,2.184318
1989-06-18,3.042024,3.965495,2.390095,2.251015
1989-06-19,0.100688,0.0,3.016,2.244901
1989-06-20,0.0,0.0,2.456381,2.134296
1989-06-21,0.0,0.0,0.927238,1.98534
1989-06-22,0.0,0.0,2.226667,1.896967
1989-06-23,0.117608,0.0,1.638286,1.811928
1989-06-24,0.760002,0.160953,2.268952,1.759682
1989-06-25,0.423025,1.366041,1.558286,1.727446
1989-06-26,0.277634,0.20665,1.83981,1.661305
1989-06-27,1.013493,1.313843,1.436762,1.635738
1989-06-28,3.72034,4.058062,1.253524,1.635738
1989-06-29,11.699931,10.487541,2.164571,1.946989
1989-06-30,0.170679,0.0,1.924,1.808038
1989-07-01,0.232861,0.506591,3.790095,1.626845
1989-07-02,0.899083,0.017139,2.318857,1.577934
1989-07-03,3.887719,6.934974,2.471429,1.714662
1989-07-04,1.927863,3.764469,2.020191,1.783582
1989-07-05,4.528577,10.554468,3.118095,1.73745
1989-07-06,3.098209,9.404547,3.028572,1.763573
1989-07-07,5.834334,0.0,1.219619,1.570152
1989-07-08,28.534459,46.999207,1.317143,2.143744
1989-07-09,7.071278,12.921093,1.668762,2.193767
1989-07-10,12.361884,15.672083,2.562857,2.969672
1989-07-11,6.969587,6.331197,1.953714,3.133635
1989-07-12,0.918651,0.323227,2.508952,2.576162
1989-07-13,0.592699,0.4028,2.472,2.278805
1989-07-14,0.152096,0.0,2.396952,2.080383
1989-07-15,0.709172,2.314199,2.429333,1.953659
1989-07-16,0.193584,0.198426,2.103429,1.886406
1989-07-17,0.164334,0.240939,2.169905,1.860283
1989-07-18,0.000469,0.0,2.185524,1.853058
1989-07-19,0.000958,0.0,2.473714,1.736339
1989-07-20,0.0,0.0,2.924381,1.61684
1989-07-21,0.0,0.0,2.946667,1.539027
1989-07-22,0.0,0.0,2.754286,1.516239
1989-07-23,0.001345,0.0,2.998286,1.489561
1989-07-24,0.0,0.0,2.932,1.449543
1989-07-25,0.11761,0.0,2.426857,1.388404
1989-07-26,0.0,0.0,3.000381,1.327265
1989-07-27,0.00096,0.0,3.52,1.290026
1989-07-28,2.961784,3.965479,2.014667,1.275575
1989-07-29,4.565218,2.651575,2.667619,1.362281
1989-07-30,5.369023,12.249445,3.028381,1.362837
1989-07-31,1.32864,3.925685,3.879048,1.405078
1989-08-01,0.0,0.0,3.944,1.237225
1989-08-02,0.141254,0.0,3.300381,1.189981
1989-08-03,0.966397,2.187206,2.791238,1.171084
1989-08-04,0.000725,0.0,4.046667,1.14774
1989-08-05,0.0,0.0,3.13181,1.128842
1989-08-06,0.0,0.0,3.8,1.086045
1989-08-07,0.0,0.0,3.213714,1.06548
1989-08-08,0.0,0.0,1.24,1.045471
1989-08-09,0.0,0.0,2.327429,0.99934
1989-08-10,0.0,0.0,2.495048,0.966547
1989-08-11,3.9e-05,0.0,2.013524,0.960989
1989-08-12,0.0,0.0,3.568571,0.937645
1989-08-13,0.0,0.0,3.657333,0.913745
1989-08-14,0.0,0.0,3.428571,0.917636
1989-08-15,0.332081,0.0,3.051429,0.902629
1989-08-16,4.534732,8.781514,2.708952,0.911522
1989-08-17,0.255889,0.445499,3.966476,0.936533
1989-08-18,0.0,0.0,1.904571,0.909299
1989-08-19,0.0,0.0,2.246286,0.834821
1989-08-20,0.098584,0.0,3.5,0.805363
1989-08-21,0.197139,0.558783,4.259429,0.829819
1989-08-22,0.0,0.0,4.311429,0.825928
1989-08-23,0.0,0.0,3.130095,0.780908
1989-08-24,0.0,0.0,2.781905,0.765901
1989-08-25,0.047033,0.0,3.89619,0.739222
1989-08-26,0.00154,0.0,4.244762,0.735887
1989-08-27,0.036259,0.0,4.432381,0.767013
1989-08-28,0.508084,0.326422,3.508952,0.742557
1989-08-29,9.324844,9.046246,3.151048,0.778129
1989-08-30,4.153867,4.5727,3.613143,1.19943
1989-08-31,0.121045,0.052304,4.873714,1.148296
1989-09-01,0.000299,0.0,4.820191,0.835377
1989-09-02,0.0,0.0,4.20381,0.784798
1989-09-03,0.186356,0.0,4.376762,0.743669
1989-09-04,2.485337,1.901167,3.296,0.740334
1989-09-05,0.006842,0.061832,4.916,0.773126
1989-09-06,0.000164,0.0,4.289714,0.739778
1989-09-07,0.080153,0.0,3.388,0.680307
1989-09-08,0.153845,0.0,2.84,0.672525
1989-09-09,4.214485,3.763005,3.322095,0.670302
1989-09-10,0.34864,0.62905,4.944,0.708653
1989-09-11,0.0,0.0,4.682286,0.683642
1989-09-12,0.0,0.0,4.872953,0.653628
1989-09-13,0.002626,0.0,3.269905,0.62417
1989-09-14,0.0,0.0,3.782286,0.569701
1989-09-15,0.0,0.0,5.287048,0.563587
1989-09-16,0.0,0.0,5.437714,0.573036
1989-09-17,0.0,0.0,5.194667,0.551916
1989-09-18,0.0,0.0,4.209905,0.578594
1989-09-19,0.0,0.0,4.688,0.539132
1989-09-20,0.0,0.0,4.021714,0.504116
1989-09-21,0.0,0.0,4.707619,0.485219
1989-09-22,0.0,0.0,5.573334,0.468545
1989-09-23,0.0,0.0,5.533143,0.48633
1989-09-24,0.0,0.0,4.724952,0.504672
1989-09-25,0.167818,0.0,5.084381,0.511898
1989-09-26,0.0,0.0,5.461714,0.449091
1989-09-27,0.000843,0.0,4.262667,0.434085
1989-09-28,0.863824,1.134774,4.954857,0.466321
1989-09-29,0.019217,0.0,4.699238,0.443533
1989-09-30,0.402279,0.008559,4.556,0.45187
1989-10-01,0.818237,0.898992,5.078667,0.427415
1989-10-02,0.108452,0.013884,5.609714,0.445757
1989-10-03,0.015753,0.0,5.696572,0.439643
1989-10-04,0.0,0.0,5.758667,0.397401
1989-10-05,0.0,0.0,5.144762,0.376837
1989-10-06,0.0,0.0,5.851619,0.390732
1989-10-07,0.0,0.0,5.209524,0.336263
1989-10-08,0.00194,0.0,5.10381,0.356828
1989-10-09,0.0,0.0,4.596,0.322368
1989-10-10,0.000288,0.0,5.57581,0.291242
1989-10-11,0.0,0.0,4.502857,0.270678
1989-10-12,0.0,0.0,5.598286,0.267343
1989-10-13,0.188795,0.368188,4.724,0.265675
1989-10-14,6.904222,7.277856,5.157333,0.330149
1989-10-15,0.006088,0.0,5.426667,0.440754
1989-10-16,1.7e-05,0.0,5.447048,0.367944
1989-10-17,0.005236,0.0,6.116762,0.322923
1989-10-18,0.0,0.0,5.792572,0.319589
1989-10-19,0.0,0.0,6.178476,0.300691
1989-10-20,0.0,0.0,5.542667,0.287908
1989-10-21,0.0,0.0,6.070667,0.26901
1989-10-22,0.023934,0.076649,5.397714,0.26901
1989-10-23,0.030499,0.025296,4.967619,0.26901
1989-10-24,0.067744,0.110725,5.540952,0.22399
1989-10-25,0.0,0.0,5.116762,0.227325
1989-10-26,0.0,0.0,5.684953,0.212874
1989-10-27,6.733705,17.715775,4.443429,0.195644
1989-10-28,38.051036,47.237484,5.808953,0.254003
1989-10-29,5.226027,2.764154,2.242857,0.439087
1989-10-30,0.045911,0.0,3.956191,0.493556
1989-10-31,0.0,0.0,5.187048,0.380727
1989-11-01,0.0,0.0,5.768952,0.31681
1989-11-02,0.477215,0.042286,5.233524,0.242332
1989-11-03,0.22263,0.249294,5.108571,0.255115
1989-11-04,0.968638,0.0,5.124572,0.444089
1989-11-05,0.32458,0.0,4.630857,0.379616
1989-11-06,7.80026,7.473438,3.553714,0.410185
1989-11-07,0.0337,0.0,5.972,0.45187
1989-11-08,0.488761,0.455181,5.12381,0.364609
1989-11-09,1.669351,0.218438,4.428952,0.274012
1989-11-10,0.230711,0.0,5.356762,0.445201
1989-11-11,0.429258,0.0,5.184,0.487442
1989-11-12,3.60519,3.217062,6.673714,0.374058
1989-11-13,0.099038,0.0,6.774857,0.3446
1989-11-14,0.072623,0.0,6.603429,0.294577
1989-11-15,0.0,0.0,6.088762,0.260673
1989-11-16,0.0,0.0,5.409524,0.246778
1989-11-17,0.040262,0.0,5.407619,0.22399
1989-11-18,0.002816,0.0,4.635238,0.216764
1989-11-19,3.661183,5.098083,3.320952,0.201202
1989-11-20,7.3659,9.969094,5.076381,0.206204
1989-11-21,57.892346,51.622035,2.113333,0.371834
1989-11-22,76.419522,78.602024,1.988,1.711327
1989-11-23,76.771032,60.964343,2.746476,18.880736
1989-11-24,7.851916,1.980904,4.288381,6.841974
1989-11-25,10.207749,6.931025,4.068,2.322714
1989-11-26,6.007387,2.41039,5.408,1.773022
1989-11-27,1.367338,1.581092,4.367048,1.335046
1989-11-28,8.211525,10.653122,3.332952,1.13051
1989-11-29,26.272686,26.773474,4.336381,1.291694
1989-11-30,18.229596,14.979029,4.358476,2.49946
1989-12-01,4.063863,4.059925,5.534095,2.521693
1989-12-02,2.443118,1.948339,6.180381,1.832493
1989-12-03,0.277292,0.193672,6.597333,1.437871
1989-12-04,0.0,0.0,6.440952,1.248341
1989-12-05,0.215679,0.403392,5.785333,1.174418
1989-12-06,0.030033,0.0,6.932381,1.069371
1989-12-07,0.000234,0.0,6.146095,0.961545
1989-12-08,0.019323,0.025296,6.459429,0.870392
1989-12-09,0.109617,0.0,5.305905,0.820926
1989-12-10,0.322178,0.012743,6.414476,0.784243
1989-12-11,2.244276,2.338443,6.279048,0.754785
1989-12-12,0.009408,0.0,6.280381,0.728106
1989-12-13,0.001901,0.0,5.864381,0.6892
1989-12-14,5.811263,10.243579,5.507238,0.653072
1989-12-15,21.585837,21.759734,4.781714,0.683642
1989-12-16,55.168705,69.074629,2.1,1.300031
1989-12-17,55.630714,21.447742,3.016762,8.142561
1989-12-18,0.271269,0.0,5.701905,3.198109
1989-12-19,0.273473,0.602561,6.751238,1.944766
1989-12-20,0.0,0.0,6.529333,1.476777
1989-12-21,0.0,0.0,6.471048,1.25112
1989-12-22,0.004524,0.0,7.012571,1.122173
1989-12-23,0.0,0.0,6.630476,1.036579
1989-12-24,0.0,0.0,6.203429,0.957098
1989-12-25,0.000164,0.0,6.477905,0.894292
1989-12-26,0.0,0.0,6.490476,0.844825
1989-12-27,0.689684,0.016737,5.658476,0.80314
1989-12-28,3.733106,3.676351,5.594286,0.748115
1989-12-29,0.055249,0.0,6.286476,0.701427
1989-12-30,0.178525,0.0,5.685905,0.653628
1989-12-31,3.673817,6.34224,6.297714,0.776461
1990-01-01,0.0,0.0,5.510286,0.789801
1990-01-02,0.002122,0.0,6.138095,0.678084
1990-01-03,0.228956,0.0,4.969714,0.633063
1990-01-04,0.0,0.0,6.779048,0.6414
1990-01-05,0.000164,0.0,5.916762,0.601938
1990-01-06,1.932498,2.270804,6.194286,0.567478
1990-01-07,2.2904,1.881885,5.313334,0.580262
1990-01-08,0.621257,0.184694,6.659429,0.834265
1990-01-09,1.749853,2.106063,4.993333,0.711432
1990-01-10,3.58215,4.52222,5.006286,0.643624
1990-01-11,10.941566,10.228155,4.846476,0.638066
1990-01-12,33.692727,27.415601,5.566667,0.804807
1990-01-13,7.610908,1.900111,6.727429,1.113836
1990-01-14,0.000597,0.0,6.938667,0.895404
1990-01-15,0.000526,0.0,5.365333,0.700316
1990-01-16,19.732744,20.209262,5.06,0.68253
1990-01-17,17.072372,8.358976,4.762667,0.683642
1990-01-18,2.2508,0.719772,6.42381,0.661409
1990-01-19,0.042958,0.096296,6.016,0.655851
1990-01-20,0.157502,0.0,6.372381,0.655851
1990-01-21,3.370975,3.709317,4.637714,0.655851
1990-01-22,14.756097,14.048549,4.962286,1.148851
1990-01-23,2.123945,1.719605,6.471048,1.111057
1990-01-24,3.69729,4.565465,5.77181,0.849272
1990-01-25,2.055658,1.014999,6.686667,0.707541
1990-01-26,0.313493,0.099854,6.87981,0.645847
1990-01-27,0.0,0.0,6.497714,0.609164
1990-01-28,0.0,0.0,5.215048,0.558029
1990-01-29,0.013099,0.0,4.817714,0.500226
1990-01-30,0.00061,0.0,2.301524,0.456873
1990-01-31,0.717254,0.188884,4.161905,0.447424
1990-02-01,11.441298,11.922599,6.135619,0.668079
1990-02-02,1.010709,0.865874,4.169143,0.772015
1990-02-03,0.0,0.0,2.619238,0.599159
1990-02-04,0.000833,0.0,3.010857,0.553027
1990-02-05,0.0,0.0,4.853524,0.522458
1990-02-06,0.000327,0.0,4.644,0.485775
1990-02-07,0.0,0.0,5.496952,0.452426
1990-02-08,0.0,0.0,6.412952,0.425748
1990-02-09,0.0,0.0,6.340381,0.432417
1990-02-10,0.0,0.0,6.570667,0.444089
1990-02-11,0.0,0.0,5.830476,0.445201
1990-02-12,0.000404,0.0,4.986667,0.44131
1990-02-13,0.0001,0.0,6.021333,0.394622
1990-02-14,0.539596,0.292572,6.140762,0.383506
1990-02-15,0.00808,0.0,6.15581,0.437419
1990-02-16,0.0,0.0,6.199048,0.416299
1990-02-17,0.063426,0.0,5.867619,0.407406
1990-02-18,0.000433,0.0,5.319048,0.425192
1990-02-19,0.784712,2.541483,5.407048,0.432973
1990-02-20,3.157174,6.113847,4.659048,0.442422
1990-02-21,7.709581,6.883803,4.715048,0.49967
1990-02-22,8.226907,7.36246,5.575429,0.579706
1990-02-23,19.828977,12.017483,4.868,0.568034
1990-02-24,6.318227,3.207591,6.258667,0.831486
1990-02-25,4.814658,10.333841,5.82381,0.660298
1990-02-26,3.854124,1.222624,6.443429,0.615833
1990-02-27,3.059909,0.12892,5.592381,0.567478
1990-02-28,6.555266,9.349808,4.579048,0.531351
1990-03-01,4.219814,4.936568,2.450286,0.538576
1990-03-02,15.670694,14.454822,2.572381,0.719769
1990-03-03,27.055422,24.608325,2.665143,2.105394
1990-03-04,6.865489,6.183211,3.025714,1.789696
1990-03-05,2.1416,2.645071,5.456572,1.057143
1990-03-06,5.716365,5.479369,2.897714,0.794803
1990-03-07,11.523051,4.233841,4.943429,0.805363
1990-03-08,0.053108,0.0,5.218286,1.040469
1990-03-09,0.130817,0.115678,4.21181,0.732553
1990-03-10,0.0,0.0,6.368381,0.655851
1990-03-11,0.0,0.0,5.528,0.627505
1990-03-12,0.0,0.0,5.722286,0.600826
1990-03-13,0.339371,0.0,5.532381,0.556362
1990-03-14,13.449306,13.006422,4.728381,0.546913
1990-03-15,8.667418,7.885267,5.648762,0.740334
1990-03-16,0.0,0.0,5.846857,0.686421
1990-03-17,0.005342,0.0,4.188,0.591378
1990-03-18,3.682342,2.717478,1.309905,0.560253
1990-03-19,19.856003,25.245828,1.798286,0.559141
1990-03-20,80.749859,71.719596,2.327048,1.738006
1990-03-21,57.458981,40.637677,2.173714,35.355943
1990-03-22,87.485192,94.049468,2.349714,47.888261
1990-03-23,98.246021,115.25859,1.926857,30.646041
1990-03-24,229.356403,173.672177,3.86781,187.032672
1990-03-25,2.698568,1.044362,5.240381,34.613942
1990-03-26,0.036914,0.0,5.272,15.179623
1990-03-27,0.557874,0.835944,5.269524,11.366792
1990-03-28,5.298112,3.346186,5.235048,10.200711
1990-03-29,13.963586,18.303929,4.812762,7.950807
1990-03-30,42.520975,49.393297,2.961714,8.461593
1990-03-31,19.395506,23.988915,4.747429,16.307353
1990-04-01,43.218765,37.986388,3.420762,14.485421
1990-04-02,50.816667,36.864514,3.952381,28.927489
1990-04-03,3.297115,0.779952,4.287429,17.282793
1990-04-04,0.163527,0.0,5.317333,12.949172
1990-04-05,0.014122,0.0,4.870095,10.393576
1990-04-06,5.186032,3.358455,4.685714,8.484381
1990-04-07,1.231159,0.716091,5.288762,7.272168
1990-04-08,3.876988,7.927388,4.256,6.337302
1990-04-09,26.628116,24.37157,3.561714,6.571852
1990-04-10,22.184993,12.53749,3.771238,11.410145
1990-04-11,22.405672,21.589489,4.24019,17.620723
1990-04-12,6.631077,3.96568,4.391429,12.325002
1990-04-13,9.52242,9.146427,4.035429,10.74818
1990-04-14,14.070882,12.233128,4.760762,10.300756
1990-04-15,1.656466,0.934819,4.353524,10.177367
1990-04-16,4.35808,3.971947,4.328,8.289849
1990-04-17,51.358311,56.585676,1.814476,7.085973
1990-04-18,70.511847,59.458826,0.942476,28.701276
1990-04-19,33.680567,25.65749,1.764762,25.607103
1990-04-20,14.091218,16.155,3.160381,17.367276
1990-04-21,24.979892,21.145648,3.857333,18.502788
1990-04-22,0.001646,0.0,3.992381,14.27477
1990-04-23,0.000298,0.0,4.418857,11.525197
1990-04-24,0.000647,0.0,4.258667,9.467603
1990-04-25,0.0,0.0,4.527048,7.948584
1990-04-26,0.0,0.0,3.550857,6.907003
1990-04-27,0.0,0.0,3.448572,6.056064
1990-04-28,0.0,0.0,3.324952,5.405215
1990-04-29,0.0,0.0,4.481333,4.826065
1990-04-30,0.0,0.0,4.496,4.421438
1990-05-01,0.572528,1.04186,2.635429,4.158542
1990-05-02,10.384422,14.997288,1.825905,3.909541
1990-05-03,25.433318,22.209309,1.806095,4.308054
1990-05-04,14.430499,11.982455,2.575429,5.399101
1990-05-05,12.963482,8.564727,2.551048,4.717127
1990-05-06,4.122911,2.015925,3.023429,3.851181
1990-05-07,0.90274,0.564147,3.192381,3.509916
1990-05-08,0.868839,0.0,3.498286,3.374855
1990-05-09,1.368612,0.953641,2.989714,3.191439
1990-05-10,11.534715,18.174613,1.430286,3.051932
1990-05-11,28.541897,22.197478,2.681333,3.820612
1990-05-12,17.637528,19.40265,3.230095,4.76048
1990-05-13,7.400634,10.828722,2.273714,3.916766
1990-05-14,12.695299,18.669288,3.578476,3.688886
1990-05-15,5.211455,5.671769,3.546667,4.385867
1990-05-16,2.746224,2.532188,3.03181,3.449333
1990-05-17,5.345502,4.217096,3.199048,3.260359
1990-05-18,0.250722,0.0,4.128381,3.148642
1990-05-19,0.101922,0.041653,4.422095,2.948552
1990-05-20,0.137147,0.014645,3.815619,2.806821
1990-05-21,1.991897,2.086977,1.953333,2.702885
1990-05-22,2.317753,3.571364,1.417524,2.676763
1990-05-23,12.458843,5.458823,1.787429,2.822384
1990-05-24,3.811628,3.257314,2.292,2.911869
1990-05-25,1.307904,0.69387,0.787619,2.576717
1990-05-26,2.955,3.824885,1.06,2.39219
1990-05-27,7.71561,6.738045,2.234286,2.376071
1990-05-28,0.011189,0.0,2.035238,2.351616
1990-05-29,0.039572,0.0,3.017714,2.192655
1990-05-30,0.086652,0.0,3.18781,2.10984
1990-05-31,0.367364,0.110232,2.943619,2.058706
1990-06-01,0.24183,0.274661,2.690286,2.04759
1990-06-02,1.532409,1.625084,3.307619,1.988675
1990-06-03,3.951349,10.119767,1.627048,1.988119
1990-06-04,8.593774,15.394048,1.793714,2.111508
1990-06-05,11.111722,16.122043,0.792762,2.287698
1990-06-06,111.496486,111.483234,1.202095,14.628263
1990-06-07,17.012489,23.773069,2.294095,12.156037
1990-06-08,1.553436,2.051176,2.66381,5.449124
1990-06-09,0.037532,0.0,2.907238,4.110743
1990-06-10,1.226198,1.659611,2.319429,3.584394
1990-06-11,0.201791,0.0,2.446286,3.253134
1990-06-12,1.184846,0.500692,2.3,2.986347
1990-06-13,6.008782,9.425453,2.448952,2.99524
1990-06-14,0.610776,0.045846,2.433333,2.949108
1990-06-15,1.759345,3.522415,2.25981,2.706776
1990-06-16,0.087236,0.0,3.244381,2.576717
1990-06-17,0.0,0.0,3.03181,2.462777
1990-06-18,0.005469,0.0,1.964571,2.365511
1990-06-19,0.307236,1.088344,2.651429,2.201548
1990-06-20,0.167939,0.0,1.797905,2.113175
1990-06-21,0.33532,0.017507,1.793143,2.062597
1990-06-22,1.039401,0.846593,1.924191,2.135407
1990-06-23,0.10856,0.167539,2.944952,2.034251
1990-06-24,0.001516,0.0,2.926095,1.964219
1990-06-25,0.0,0.0,3.321143,1.90975
1990-06-26,0.0,0.0,1.708191,1.816375
1990-06-27,0.0,0.0,2.509143,1.756903
1990-06-28,0.0,0.0,2.29981,1.686872
1990-06-29,0.0,0.0,2.04,1.641296
1990-06-30,0.0,0.0,2.550286,1.635738
1990-07-01,0.000125,0.0,2.772952,1.612394
1990-07-02,0.000391,0.0,1.87981,1.58238
1990-07-03,0.004304,0.0,0.883429,1.527355
1990-07-04,0.015192,0.0,1.817333,1.437315
1990-07-05,0.006406,0.0,2.444762,1.398408
1990-07-06,0.0,0.0,3.058667,1.36506
1990-07-07,0.0,0.0,2.628952,1.34116
1990-07-08,0.626635,1.038393,1.572762,1.360058
1990-07-09,1.263756,1.037816,1.578667,1.342828
1990-07-10,10.028544,10.019211,1.281333,1.507902
1990-07-11,8.080895,11.526463,2.639048,1.617396
1990-07-12,0.576946,0.538606,2.232381,1.573487
1990-07-13,5.897307,7.881142,2.116952,1.460103
1990-07-14,2.43434,1.502626,2.425143,1.488449
1990-07-15,1.440063,1.442246,3.174667,1.359502
1990-07-16,0.612844,0.003614,3.834857,1.311147
1990-07-17,0.021696,0.0,3.728191,1.262792
1990-07-18,0.003603,0.0,3.315429,1.214992
1990-07-19,0.0,0.0,2.959429,1.185535
1990-07-20,0.025004,0.0,2.342095,1.176086
1990-07-21,0.313172,0.17407,2.434095,1.178865
1990-07-22,1.861756,1.735944,2.835429,1.229999
1990-07-23,1.133428,1.025842,3.880762,1.25501
1990-07-24,1.235962,1.336702,3.644,1.16886
1990-07-25,0.742697,0.415175,1.699048,1.138291
1990-07-26,6.336873,7.386193,2.785905,1.377288
1990-07-27,0.439284,0.275432,3.970667,1.468996
1990-07-28,1.554176,1.14187,2.923619,1.197762
1990-07-29,0.0,0.0,0.84419,1.126063
1990-07-30,0.000125,0.0,3.011429,1.09605
1990-07-31,0.025461,0.0,1.836571,1.0338
1990-08-01,0.000681,0.0,1.766095,1.012123
1990-08-02,0.0,0.0,1.532,0.99934
1990-08-03,0.0,0.0,2.044381,0.974328
1990-08-04,0.0,0.0,2.558476,0.970438
1990-08-05,0.0,0.0,2.704191,0.948761
1990-08-06,0.0,0.0,2.988,0.936533
1990-08-07,0.0,0.0,3.173714,0.905408
1990-08-08,0.0,0.0,4.119048,0.871504
1990-08-09,0.0,0.0,3.671048,0.889846
1990-08-10,0.000125,0.0,3.968381,0.883732
1990-08-11,0.0,0.0,3.920952,0.866502
1990-08-12,0.0,0.0,3.972762,0.830374
1990-08-13,0.000411,0.0,3.977143,0.824816
1990-08-14,0.0,0.0,3.579048,0.822593
1990-08-15,0.0,0.0,3.242667,0.788689
1990-08-16,0.0,0.0,0.537524,0.763122
1990-08-17,0.0,0.0,2.431238,0.735332
1990-08-18,0.0,0.0,3.088762,0.709765
1990-08-19,0.0,0.0,3.855048,0.730329
1990-08-20,0.001101,0.0,3.805143,0.729218
1990-08-21,0.000125,0.0,3.471429,0.724771
1990-08-22,0.0,0.0,3.617714,0.71032
1990-08-23,0.0,0.0,2.996571,0.683642
1990-08-24,0.0,0.0,2.373333,0.685309
1990-08-25,0.0,0.0,3.450476,0.668635
1990-08-26,0.002041,0.0,3.597714,0.673081
1990-08-27,0.0,0.0,3.175048,0.668635
1990-08-28,0.0,0.0,4.307619,0.657519
1990-08-29,0.017783,0.0,2.926667,0.670858
1990-08-30,1.13319,2.129272,4.218667,0.731997
1990-08-31,0.080121,0.0,4.427619,0.77924
1990-09-01,0.0,0.0,4.257333,0.711432
1990-09-02,0.040599,0.0,4.034667,0.711432
1990-09-03,0.061269,0.0,4.368952,0.74089
1990-09-04,0.0,0.0,2.149524,0.713099
1990-09-05,0.0,0.0,2.143429,0.661409
1990-09-06,0.0,0.0,4.620952,0.634175
1990-09-07,0.000911,0.0,4.869714,0.627505
1990-09-08,1.121747,1.593101,4.208572,0.630284
1990-09-09,0.484535,0.0,3.755619,0.656963
1990-09-10,1.920863,0.0,3.997143,0.635842
1990-09-11,3.4404,3.897872,3.483619,0.640845
1990-09-12,0.164754,0.036518,4.025333,0.665856
1990-09-13,1.428837,0.5247,3.266857,0.629728
1990-09-14,0.0,0.0,2.457524,0.612498
1990-09-15,0.0,0.0,2.315238,0.571925
1990-09-16,0.0,0.0,3.676571,0.570257
1990-09-17,0.004661,0.0,3.844952,0.574704
1990-09-18,3.915221,4.368529,3.743619,0.607496
1990-09-19,14.259593,11.761263,2.846476,0.664744
1990-09-20,6.3187,2.269095,3.942286,0.747559
1990-09-21,1.626423,0.069881,4.843048,0.665856
1990-09-22,2.200074,2.175162,4.144762,0.678639
1990-09-23,3.872625,0.104322,4.516572,0.649737
1990-09-24,0.455575,0.0,4.922095,0.673081
1990-09-25,0.32941,0.0,4.672,0.655295
1990-09-26,0.334007,0.43598,4.815619,0.603606
1990-09-27,0.153356,0.203574,5.690667,0.598047
1990-09-28,0.060309,0.148091,5.017524,0.581929
1990-09-29,2.712011,2.425243,3.8,0.574148
1990-09-30,6.899412,5.374222,3.863619,0.606385
1990-10-01,0.0,0.0,4.0,0.660854
1990-10-02,0.0,0.0,5.736762,0.577483
1990-10-03,0.000327,0.0,5.317714,0.555806
1990-10-04,0.0,0.0,5.252952,0.555806
1990-10-05,0.0,0.0,5.796,0.525793
1990-10-06,0.0,0.0,5.972,0.525793
1990-10-07,0.0,0.0,5.640381,0.556362
1990-10-08,0.0,0.0,5.746286,0.555806
1990-10-09,0.002085,0.0,5.538857,0.494668
1990-10-10,0.016287,0.0,5.205714,0.489665
1990-10-11,0.0,0.0,6.387048,0.45854
1990-10-12,0.012427,0.0,5.233143,0.489665
1990-10-13,0.35492,0.012743,6.041333,0.454094
1990-10-14,0.056587,0.0,5.038667,0.464098
1990-10-15,0.045673,0.025296,5.489714,0.470212
1990-10-16,0.007487,0.0,5.120953,0.525793
1990-10-17,0.000841,0.0,5.819048,0.519679
1990-10-18,0.0,0.0,5.932381,0.461319
1990-10-19,0.02699,0.0,5.837524,0.416855
1990-10-20,0.060552,0.041104,5.819048,0.43464
1990-10-21,0.397842,0.35463,5.605714,0.454649
1990-10-22,0.100874,0.012743,5.427619,0.525793
1990-10-23,0.162969,0.0,5.309524,
1990-10-24,0.0,0.0,5.085333,0.408518
1990-10-25,0.0,0.0,5.386286,0.392955
1990-10-26,0.0,0.0,5.597333,0.376837
1990-10-27,0.000164,0.0,5.738667,0.364053
1990-10-28,0.025515,0.0,5.657333,0.352937
1990-10-29,0.0,0.0,5.672762,0.343488
1990-10-30,2.557342,6.289828,5.633714,0.352937
1990-10-31,1.903862,1.664548,6.275048,0.385174
1990-11-01,0.00088,0.0,6.276,0.364053
1990-11-02,0.0,0.0,6.615429,0.346267
1990-11-03,0.0,0.0,6.642667,0.336263
1990-11-04,0.00035,0.0,6.061714,0.326814
1990-11-05,0.285761,0.0,5.768952,0.318477
1990-11-06,0.095618,0.068281,6.192381,0.309584
1990-11-07,0.0,0.0,5.978667,0.301803
1990-11-08,0.0,0.0,6.346286,0.294577
1990-11-09,0.0,0.0,5.538476,0.287352
1990-11-10,0.0,0.0,5.289714,0.28235
1990-11-11,0.004429,0.0,4.873524,0.276791
1990-11-12,0.00263,0.0,6.343048,0.271233
1990-11-13,0.495761,0.0,4.057905,0.266231
1990-11-14,0.00202,0.0,5.97981,0.260673
1990-11-15,0.063819,0.0,5.808572,0.255671
1990-11-16,0.0,0.0,6.472953,0.250113
1990-11-17,0.000841,0.0,5.548762,0.244555
1990-11-18,0.004758,0.0,5.412381,0.240108
1990-11-19,0.000407,0.0,5.567429,0.235662
1990-11-20,0.022556,0.0,5.179238,0.231215
1990-11-21,0.888144,0.345877,3.876762,0.226769
1990-11-22,0.069124,0.030241,5.667238,0.222878
1990-11-23,0.000686,0.0,5.708572,0.218432
1990-11-24,0.004794,0.0,5.603619,0.213985
1990-11-25,0.000757,0.0,6.225524,0.209539
1990-11-26,1.174769,2.228694,4.518667,0.211206
1990-11-27,2.377273,1.770859,3.074095,0.271789
1990-11-28,0.09019,0.0,5.605905,
1990-11-29,0.220125,0.0,5.882286,
1990-11-30,0.042714,0.0,5.797334,0.242332
1990-12-01,0.005322,0.0,5.9,0.201758
1990-12-02,0.293341,0.0,5.740952,0.195088
1990-12-03,0.0,0.0,5.890476,0.187862
1990-12-04,0.606337,0.755001,5.540191,0.18286
1990-12-05,4.546181,0.0,4.770667,0.180081
1990-12-06,2.769362,3.462256,5.815619,0.170077
1990-12-07,1.391587,1.896151,5.732952,0.151735
1990-12-08,0.286968,0.0,6.027429,0.159516
1990-12-09,0.099511,0.099854,5.617334,0.161184
1990-12-10,1.477284,2.227377,4.883429,0.184528
1990-12-11,2.367885,1.805277,5.316762,0.163407
1990-12-12,0.412716,0.150788,6.155048,0.181193
1990-12-13,0.001477,0.0,6.124,0.195644
1990-12-14,0.846027,2.370853,6.264191,0.163963
1990-12-15,2.247176,2.834577,6.142095,0.155626
1990-12-16,0.349169,16.626218,5.955048,0.170633
1990-12-17,3.940807,4.572898,5.092953,0.207316
1990-12-18,4.484851,7.362465,6.176762,0.304582
1990-12-19,3.413185,3.003565,4.5,0.344044
1990-12-20,1.375988,0.843789,4.882667,0.21343
1990-12-21,0.585082,0.695757,4.460191,0.185639
1990-12-22,8.999249,2.748546,2.251238,0.157849
1990-12-23,23.016871,20.222428,2.298667,0.174523
1990-12-24,41.102001,36.331189,2.265143,2.00646
1990-12-25,50.27611,38.24282,2.215429,3.498244
1990-12-26,7.375234,10.050576,3.186857,3.605515
1990-12-27,5.10891,3.034462,3.064191,1.162747
1990-12-28,1.189978,1.833657,5.303048,0.773126
1990-12-29,3.791425,8.347184,3.743048,0.677528
1990-12-30,11.856758,15.576668,2.767619,0.869837
1990-12-31,10.59277,8.393627,2.829333,1.40619
1991-01-01,5.030911,2.704143,2.977905,1.410636
1991-01-02,17.822277,16.793876,3.218667,0.890957
1991-01-03,35.185041,20.495364,2.944571,1.442317
1991-01-04,23.031538,9.068535,6.035619,1.966442
1991-01-05,8.399669,3.879685,5.423429,1.477889
1991-01-06,17.65364,8.26986,4.777333,1.727446
1991-01-07,14.318884,9.880698,3.209143,1.228887
1991-01-08,22.128873,10.073316,5.070857,0.974328
1991-01-09,42.369706,47.380507,2.943238,0.944315
1991-01-10,80.881542,81.038802,2.194476,16.611935
1991-01-11,111.091058,111.523201,2.134095,39.251033
1991-01-12,78.564312,71.832918,1.907238,36.751017
1991-01-13,83.772176,82.914215,1.955619,55.258807
1991-01-14,45.356112,35.028486,2.0,71.217114
1991-01-15,67.555627,65.10149,2.408381,54.83695
1991-01-16,44.647682,41.504714,2.406476,34.200422
1991-01-17,31.573622,23.261094,2.929333,27.404024
1991-01-18,7.006358,3.432354,3.611238,23.869652
1991-01-19,2.387738,4.205837,5.216381,17.287796
1991-01-20,4.800218,3.09954,5.035048,13.250975
1991-01-21,12.903136,4.382236,4.942286,10.61034
1991-01-22,3.869563,15.433871,6.542857,8.586094
1991-01-23,1.991745,0.278235,6.326095,7.054292
1991-01-24,2.639159,1.408893,3.741333,5.803172
1991-01-25,22.272989,23.153292,3.463429,5.068397
1991-01-26,16.64348,25.969488,3.083429,11.003295
1991-01-27,10.253594,8.453654,4.583048,6.952024
1991-01-28,4.688266,0.454057,5.188191,3.911208
1991-01-29,0.199433,0.0,4.108191,2.962447
1991-01-30,8.413172,14.915754,4.874476,2.317712
1991-01-31,21.183078,34.341865,4.822476,2.664535
1991-02-01,68.491518,67.864697,2.372952,12.111573
1991-02-02,78.022582,47.989446,2.644,38.668548
1991-02-03,4.69322,0.651804,1.892762,27.260626
1991-02-04,2.786834,0.700341,2.560762,17.106047
1991-02-05,16.845285,17.937277,3.497143,12.262196
1991-02-06,34.667085,53.120174,4.719429,16.502997
1991-02-07,26.687958,24.723976,3.46,32.439628
1991-02-08,3.373354,2.61382,2.432381,23.536724
1991-02-09,0.099805,19.622622,4.647619,14.862813
1991-02-10,7.213609,14.044146,2.989524,12.690723
1991-02-11,35.373983,40.568129,1.776571,11.633579
1991-02-12,29.675443,24.085093,2.995048,28.238845
1991-02-13,17.128464,13.53749,4.50781,28.916373
1991-02-14,6.321053,5.534979,4.507619,19.609954
1991-02-15,13.918914,11.659912,3.765714,15.402501
1991-02-16,58.155545,64.963211,1.976762,14.096356
1991-02-17,148.205543,125.189873,1.606667,69.876509
1991-02-18,100.179234,66.152166,4.344,108.455017
1991-02-19,32.082167,48.680732,2.365714,19.072489
1991-02-20,122.837269,127.479575,2.034095,61.48328
1991-02-21,27.932388,31.163942,3.240191,95.419138
1991-02-22,9.008132,3.846244,4.121905,52.429753
1991-02-23,3.087191,2.984753,4.543429,26.712045
1991-02-24,10.30192,7.504102,4.297334,18.822376
1991-02-25,14.419332,10.490013,2.580191,22.297277
1991-02-26,4.407833,5.790267,3.049905,22.281158
1991-02-27,0.599001,0.273315,3.854667,16.268447
1991-02-28,0.15149,0.257694,4.538476,13.122584
1991-03-01,0.125147,0.0,4.155619,10.834886
1991-03-02,0.0,0.0,5.208,9.390345
1991-03-03,2.129771,1.600523,4.832,8.260392
1991-03-04,8.12263,6.097826,3.939429,7.283284
1991-03-05,0.468359,0.0,2.309905,6.599643
1991-03-06,0.48931,0.29542,4.091429,6.083854
1991-03-07,2.552935,2.447778,3.056,5.679783
1991-03-08,0.983664,0.460695,4.249715,5.379092
1991-03-09,0.065201,0.101794,4.800381,5.066173
1991-03-10,0.188657,0.0,3.761333,4.813282
1991-03-11,0.618618,0.35579,5.550286,5.282938
1991-03-12,0.09934,0.0,5.295238,4.626531
1991-03-13,6.672253,20.94547,3.842667,5.541943
1991-03-14,22.838028,17.255754,4.977714,8.821756
1991-03-15,0.0,0.027216,4.514286,6.501265
1991-03-16,3.755571,1.711408,5.702667,5.0256
1991-03-17,0.0,0.0,5.968762,4.369748
1991-03-18,0.0,0.0,6.087048,3.59162
1991-03-19,0.005015,0.0,6.126857,3.168095
1991-03-20,0.700106,0.0,5.692381,
1991-03-21,0.0,0.0,6.158857,
1991-03-22,0.0,0.0,5.536572,2.763468
1991-03-23,1.22609,1.564264,5.634476,2.676763
1991-03-24,1.864814,2.2794,4.206667,2.614512
1991-03-25,2.066594,1.812145,5.970667,2.907978
1991-03-26,0.576194,0.595947,5.827429,2.666758
1991-03-27,0.337822,0.502599,6.117524,2.507798
1991-03-28,0.0,0.0,6.06,2.422759
1991-03-29,0.00186,0.0,5.483429,2.395525
1991-03-30,0.003841,0.003994,5.160381,2.284919
1991-03-31,0.000264,0.0,4.769524,2.223781
1991-04-01,0.003981,0.0,4.588762,2.183763
1991-04-02,0.690311,1.241629,5.213714,2.144856
1991-04-03,3.00619,4.379799,3.703429,2.097057
1991-04-04,14.850536,10.079182,2.975619,2.103726
1991-04-05,14.709747,12.992321,3.936381,2.090943
1991-04-06,11.092599,16.761891,3.367619,2.199325
1991-04-07,32.210089,25.609292,3.854667,2.458331
1991-04-08,13.777206,18.831896,4.106667,3.093061
1991-04-09,4.580798,3.269286,3.719048,2.363288
1991-04-10,2.688953,1.063538,4.556191,2.320491
1991-04-11,9.37197,8.07863,4.141333,2.198213
1991-04-12,8.266838,3.703004,4.593524,2.11651
1991-04-13,10.023376,14.585508,4.827619,2.07149
1991-04-14,1.93694,1.693664,3.232,2.050369
1991-04-15,3.19215,2.618059,4.573714,2.107617
1991-04-16,2.05846,2.067757,3.774857,2.000902
1991-04-17,4.870636,9.414238,3.975048,2.000902
1991-04-18,4.425383,3.481265,2.224571,1.92031
1991-04-19,10.219005,7.639764,1.62,1.914752
1991-04-20,16.903162,12.504524,1.435429,1.960884
1991-04-21,12.311196,9.005096,1.627429,2.571159
1991-04-22,2.223837,1.175171,2.951048,2.491123
1991-04-23,0.592926,0.0,3.506667,2.131517
1991-04-24,0.002779,0.0,2.983619,1.990898
1991-04-25,0.015863,0.0,4.041714,1.929203
1991-04-26,3.9e-05,0.0,4.577714,1.845832
1991-04-27,0.000203,0.0,3.817524,1.756903
1991-04-28,0.004967,0.0,3.784,1.727446
1991-04-29,0.0,0.0,4.465905,1.670198
1991-04-30,4.901802,7.930225,3.304381,1.639072
1991-05-01,10.444933,11.967963,3.335048,1.853614
1991-05-02,6.521086,6.415734,3.632952,1.856393
1991-05-03,1.386442,1.642422,4.128191,1.910306
1991-05-04,0.714422,1.092141,3.896381,1.695209
1991-05-05,3.627219,5.678007,2.937905,1.63407
1991-05-06,8.210831,7.963332,3.438286,1.698544
1991-05-07,1.772528,1.695745,3.202286,1.596275
1991-05-08,0.040718,0.0,3.153905,1.54792
1991-05-09,0.011819,0.0,2.883048,1.487337
1991-05-10,0.001105,0.0,3.67581,1.439538
1991-05-11,0.018337,0.0,3.130095,1.357279
1991-05-12,0.003996,0.0,3.452952,1.337825
1991-05-13,3.645618,6.452713,2.021524,1.34783
1991-05-14,11.181899,13.202265,1.63181,1.625733
1991-05-15,9.549833,7.582231,1.963619,2.444991
1991-05-16,1.154764,1.147209,3.774095,2.03036
1991-05-17,0.001131,0.0,3.030095,1.642407
1991-05-18,0.039178,0.0,2.702476,1.505679
1991-05-19,1.865577,3.470226,2.960381,1.425087
1991-05-20,4.872781,4.217291,3.216762,1.424531
1991-05-21,1.116244,0.67043,2.949905,1.57182
1991-05-22,4.668884,8.475162,2.863238,1.500677
1991-05-23,9.195445,12.316713,3.099048,1.544585
1991-05-24,5.729658,9.911783,3.589143,1.959773
1991-05-25,5.31284,8.211211,3.116762,1.690207
1991-05-26,8.203497,11.85503,2.700571,1.680758
1991-05-27,17.148272,19.883422,2.939238,2.094834
1991-05-28,5.125776,6.866255,3.230095,4.15743
1991-05-29,4.650638,6.09996,3.044,2.406085
1991-05-30,5.986488,5.244896,2.727238,2.107061
1991-05-31,10.205482,15.383375,2.282667,1.979782
1991-06-01,10.774581,8.582042,2.576952,2.12707
1991-06-02,2.423527,2.134656,2.169714,2.337721
1991-06-03,3.154762,3.729253,2.901714,2.132628
1991-06-04,1.271252,0.754793,2.735238,1.992009
1991-06-05,0.082669,0.0,3.252571,1.945877
1991-06-06,0.789005,0.868517,2.959048,1.794698
1991-06-07,0.595781,0.667733,3.199048,1.751345
1991-06-08,0.009643,0.0,2.046476,1.655747
1991-06-09,0.010383,0.0,2.040571,1.589606
1991-06-10,0.009643,0.0,2.364381,1.502344
1991-06-11,0.009643,0.0,3.07181,1.409524
1991-06-12,0.01018,0.0,3.619048,1.388404
1991-06-13,0.010056,0.0,2.506476,1.378955
1991-06-14,0.00955,0.0,2.65181,1.312814
1991-06-15,0.010487,0.0,2.415048,1.319484
1991-06-16,0.009786,0.0,2.827429,1.25112
1991-06-17,0.009243,0.0,2.499429,1.221662
1991-06-18,0.008852,0.0,2.143429,1.14107
1991-06-19,0.00955,0.0,2.349714,1.176642
1991-06-20,0.063966,0.124474,2.216381,1.18609
1991-06-21,0.494756,0.383032,2.396,1.18609
1991-06-22,0.244044,0.43482,3.644381,1.18609
1991-06-23,0.074228,0.0,3.317714,1.176642
1991-06-24,0.005394,0.0,3.469333,1.087157
1991-06-25,0.010426,0.0,3.421143,1.071039
1991-06-26,0.011683,0.0,2.856381,1.060478
1991-06-27,0.000247,0.0,3.444381,0.982665
1991-06-28,0.0,0.0,2.022667,0.975996
1991-06-29,0.001328,0.0,3.146667,0.973217
1991-06-30,1.052201,2.828738,3.566095,0.972105
1991-07-01,1.493149,2.23479,2.664,0.972105
1991-07-02,3.232258,2.950244,2.273524,0.972105
1991-07-03,6.07514,6.038412,2.213524,0.971549
1991-07-04,6.622926,1.878435,2.541905,0.98211
1991-07-05,3.729098,3.582784,2.058667,1.092159
1991-07-06,1.621585,2.672145,2.970286,1.002674
1991-07-07,3.837381,0.674797,3.088381,1.061034
1991-07-08,0.60827,0.0,3.356762,1.08938
1991-07-09,0.043311,0.0,3.174667,0.973217
1991-07-10,0.0,0.0,2.641143,0.924861
1991-07-11,0.000977,0.0,2.415048,0.844825
1991-07-12,0.0,0.0,1.642667,0.784243
1991-07-13,0.003462,0.0,1.482095,0.765345
1991-07-14,0.002401,0.0,2.460381,0.759231
1991-07-15,0.0,0.0,2.122857,0.733108
1991-07-16,0.000208,0.0,2.398667,0.6892
1991-07-17,0.000247,0.0,2.800381,0.681418
1991-07-18,0.0,0.0,2.472,0.700316
1991-07-19,0.0,0.0,2.544191,0.679751
1991-07-20,0.002024,0.0,1.407429,0.678084
1991-07-21,0.55774,0.309711,3.081905,0.679751
1991-07-22,0.000164,0.0,2.875429,0.676972
1991-07-23,0.0,0.0,2.573333,0.650849
1991-07-24,0.0,0.0,3.194667,0.6414
1991-07-25,0.0,0.0,3.234667,0.615277
1991-07-26,0.0,0.0,2.174476,0.607496
1991-07-27,0.0,0.0,3.040952,0.591934
1991-07-28,0.000125,0.0,3.065333,0.58971
1991-07-29,0.0,0.0,3.036952,0.606385
1991-07-30,0.0,0.0,3.006476,0.575259
1991-07-31,0.0,0.0,2.942667,0.5169
1991-08-01,0.000125,0.0,3.181714,0.526904
1991-08-02,0.0,0.0,3.022476,0.498002
1991-08-03,0.0,0.0,2.895429,0.511898
1991-08-04,5.2e-05,0.0,3.733905,0.52079
1991-08-05,0.0,0.0,3.022857,0.5169
1991-08-06,0.0,0.0,3.640952,0.477993
1991-08-07,0.0,0.0,3.740571,0.462987
1991-08-08,0.0,0.0,3.388381,0.479661
1991-08-09,0.195329,0.0,2.599238,0.445201
1991-08-10,0.15572,0.0,2.633714,0.425192
1991-08-11,0.697922,0.864739,1.686857,0.430194
1991-08-12,2.522781,2.205253,2.547619,0.442422
1991-08-13,2.070938,0.693074,2.028762,0.479105
1991-08-14,0.419358,0.133044,3.838667,0.503005
1991-08-15,0.000125,0.0,3.796762,0.46521
1991-08-16,0.0,0.0,4.165333,0.445201
1991-08-17,0.0,0.0,3.712,0.436864
1991-08-18,0.126075,0.262666,4.130095,0.432973
1991-08-19,1.108166,1.796509,2.863048,0.43464
1991-08-20,1.385592,1.222257,3.668952,0.421301
1991-08-21,0.006882,0.0,4.630476,0.423524
1991-08-22,0.195906,0.05596,3.666857,0.387397
1991-08-23,0.005891,0.0,2.970476,0.372946
1991-08-24,0.017926,0.0,2.925905,0.376281
1991-08-25,1.263062,1.652537,2.023238,0.40018
1991-08-26,0.983443,1.638407,2.195619,0.411852
1991-08-27,0.073672,0.117013,4.568952,0.420745
1991-08-28,0.159198,0.084098,3.401714,0.402404
1991-08-29,0.360705,0.333291,4.445143,0.393511
1991-08-30,0.000928,0.0,4.226095,0.388509
1991-08-31,0.0,0.0,4.387429,0.386285
1991-09-01,0.0,0.0,3.746476,0.378504
1991-09-02,0.0,0.0,4.955429,0.369055
1991-09-03,0.000164,0.0,5.240191,0.339042
1991-09-04,0.0,0.0,4.92381,0.335707
1991-09-05,0.0,0.0,4.277905,0.325702
1991-09-06,0.000977,0.0,4.586095,0.305138
1991-09-07,0.0,0.0,4.042667,0.310696
1991-09-08,0.000977,0.0,4.785334,0.330149
1991-09-09,0.0,0.0,4.560952,0.325147
1991-09-10,0.0,0.041273,4.631048,0.300135
1991-09-11,0.0,0.0,3.972381,0.306249
1991-09-12,0.0,0.0,3.145333,0.296801
1991-09-13,0.0,0.0,3.163619,0.269566
1991-09-14,0.0,0.0,4.400381,0.267899
1991-09-15,0.000299,0.0,4.34,0.264008
1991-09-16,0.000164,0.0,4.957714,0.277903
1991-09-17,0.0,0.0,4.833524,0.255115
1991-09-18,0.0,0.0,4.356191,0.25845
1991-09-19,0.0,0.0,3.190476,0.27568
1991-09-20,0.0,0.0,2.058286,0.252892
1991-09-21,0.0,0.0,4.183429,0.272345
1991-09-22,0.0,0.0,5.617714,0.256782
1991-09-23,0.0,0.0,5.571048,0.264564
1991-09-24,0.0,0.0,5.35981,0.24789
1991-09-25,0.0,0.0,3.997143,0.242332
1991-09-26,0.0,0.0,4.46381,0.233994
1991-09-27,0.0,0.0,5.272952,0.243999
1991-09-28,0.0,0.0,4.602667,0.244555
1991-09-29,0.0,0.0,4.509333,0.243443
1991-09-30,0.002178,0.0,5.138095,0.235106
1991-10-01,0.0,0.0,5.368953,0.205648
1991-10-02,0.0,0.0,5.617714,0.193421
1991-10-03,0.0,0.0,5.683238,0.211206
1991-10-04,0.0,0.0,5.126857,0.193976
1991-10-05,0.0,0.0,4.492762,0.192309
1991-10-06,0.0,0.0,5.501333,0.198979
1991-10-07,3.9e-05,0.0,5.222286,0.201202
1991-10-08,0.0,0.0,5.100762,0.206204
1991-10-09,0.0,0.0,5.430857,0.202869
1991-10-10,0.0,0.0,3.171238,0.183972
1991-10-11,0.0,0.0,6.135619,0.156182
1991-10-12,0.116412,0.008559,5.168572,0.14451
1991-10-13,0.226477,0.29343,5.718286,0.193421
1991-10-14,0.0,0.0,5.516381,0.20009
1991-10-15,0.0,0.0,4.171238,0.161184
1991-10-16,0.0,0.0,4.791048,0.166742
1991-10-17,0.000977,0.0,5.416381,0.163407
1991-10-18,0.000647,0.0,5.901333,0.157293
1991-10-19,0.066858,0.0,5.032381,0.165074
1991-10-20,0.297725,0.438986,4.884952,0.187307
1991-10-21,0.004583,0.0,5.148381,0.18953
1991-10-22,0.109887,0.103883,5.640571,0.177302
1991-10-23,0.000577,0.0,5.168953,0.167298
1991-10-24,0.007161,0.0,5.210286,0.160628
1991-10-25,0.0,0.0,5.830667,0.16563
1991-10-26,0.0,0.0,5.780191,0.162295
1991-10-27,0.0,0.0,5.831238,0.171744
1991-10-28,0.0,0.0,6.168762,0.171744
1991-10-29,0.219301,0.13055,5.158667,0.167298
1991-10-30,0.625729,0.558044,4.077333,0.154514
1991-10-31,0.073863,0.106722,5.174667,0.201202
1991-11-01,0.0,0.0,5.915619,0.241776
1991-11-02,0.130567,0.426638,5.968381,0.197867
1991-11-03,0.343198,0.533856,5.480762,0.175079
1991-11-04,0.004355,0.0,5.958667,0.178414
1991-11-05,0.0,0.0,5.46,0.153958
1991-11-06,0.0,0.0,5.186476,0.138952
1991-11-07,0.0,0.0,5.421333,0.130614
1991-11-08,0.0,0.0,5.915429,0.124501
1991-11-09,0.0,0.0,5.820762,0.130614
1991-11-10,0.044872,0.0,5.828,0.133949
1991-11-11,0.006503,0.0,5.365905,0.141175
1991-11-12,0.351931,0.525631,5.336,0.120054
1991-11-13,3.633294,1.826461,5.074476,0.122277
1991-11-14,4.04715,4.484114,5.204762,0.136173
1991-11-15,6.530208,12.623214,5.605524,0.138396
1991-11-16,13.669397,9.105861,3.914667,0.143398
1991-11-17,27.686682,34.356906,4.220762,0.452426
1991-11-18,17.996499,20.935397,6.136191,1.336714
1991-11-19,0.228715,0.027803,6.3,0.615277
1991-11-20,0.0,0.0,6.357714,0.31403
1991-11-21,0.00184,0.0,6.220952,0.250113
1991-11-22,1.088183,1.137055,5.703429,0.224546
1991-11-23,2.32965,4.439333,5.205143,0.200646
1991-11-24,4.052271,5.521493,4.876952,0.215097
1991-11-25,0.909122,0.870446,5.744381,0.276791
1991-11-26,0.03168,0.0,5.858667,0.260673
1991-11-27,0.427333,1.303579,6.766286,0.222322
1991-11-28,0.296481,0.149248,5.731429,0.201758
1991-11-29,0.000299,0.0,5.830095,0.181749
1991-11-30,0.025078,0.183714,4.950286,0.161184
1991-12-01,7.34848,11.737666,4.046667,0.160628
1991-12-02,5.310763,3.458013,6.424381,0.220099
1991-12-03,0.230266,0.280519,6.631429,0.244555
1991-12-04,0.002111,0.0,6.058095,0.1962
1991-12-05,0.0,0.0,6.267048,0.166742
1991-12-06,0.188434,0.099508,5.001714,0.157849
1991-12-07,4.523594,10.877676,4.889333,0.158961
1991-12-08,9.812965,8.559025,4.678857,0.186751
1991-12-09,12.752805,10.461633,4.635048,0.225102
1991-12-10,30.323447,32.540693,3.884381,0.363497
1991-12-11,16.438971,10.544739,5.570476,0.651961
1991-12-12,10.293313,9.225488,6.243429,0.467989
1991-12-13,0.000164,0.316729,5.390667,0.276791
1991-12-14,0.0,0.0,5.461143,0.215097
1991-12-15,0.0,0.0,4.28,0.180081
1991-12-16,0.178326,0.5125,4.588952,0.162295
1991-12-17,3.917236,4.631386,3.172571,0.140063
1991-12-18,0.363408,0.368163,5.852953,0.140063
1991-12-19,4.244451,3.714839,6.107619,0.168965
1991-12-20,0.00511,0.0,6.496,0.154514
1991-12-21,0.405631,0.370614,6.370095,0.138952
1991-12-22,0.023841,0.0,6.252191,0.133393
1991-12-23,0.857976,0.686421,6.513143,0.111161
1991-12-24,0.000757,0.0,5.956952,0.104492
1991-12-25,0.015792,0.063336,6.708381,0.107271
1991-12-26,0.381045,0.625649,6.866286,0.112829
1991-12-27,0.0,0.0,5.699238,0.115608
1991-12-28,0.0,0.0,6.028571,0.111161
1991-12-29,0.0,0.0,6.314095,0.109494
1991-12-30,0.0,0.0,6.392381,0.102824
1991-12-31,0.00045,0.0,5.806476,0.081704
1992-01-01,0.586908,8.575761,5.059619,0.081148
1992-01-02,1.266817,5.855738,5.101524,0.099489
1992-01-03,2.614265,0.204666,5.798476,0.118943
1992-01-04,1.478804,0.016737,5.345333,0.126168
1992-01-05,7.753199,8.225057,6.208191,0.176746
1992-01-06,0.0049,0.0,6.499429,0.223434
1992-01-07,14.901399,19.573613,5.412,0.122833
1992-01-08,6.550977,5.044327,4.739048,0.264564
1992-01-09,9.562522,5.671561,5.731429,0.171744
1992-01-10,6.285461,4.760517,6.159048,0.917636
1992-01-11,0.057935,0.0,6.384762,0.39629
1992-01-12,0.052502,0.0,3.978476,0.231771
1992-01-13,0.025167,0.0,6.015619,0.173412
1992-01-14,0.213093,0.0,5.680952,0.128947
1992-01-15,0.628207,1.363002,6.270667,0.107826
1992-01-16,9.285296,3.055237,6.187429,0.175079
1992-01-17,0.285067,1.020157,6.596572,0.188974
1992-01-18,0.171793,0.0,5.894667,0.136728
1992-01-19,0.296469,0.651177,6.202667,0.119498
1992-01-20,0.324764,0.270809,6.098667,0.112829
1992-01-21,3.893257,4.099146,6.052,0.146733
1992-01-22,5.684615,7.181084,4.614286,0.173967
1992-01-23,8.456998,5.711764,4.465524,0.197311
1992-01-24,5.099552,4.180703,6.262667,0.441866
1992-01-25,0.145095,0.0,6.543048,0.509118
1992-01-26,0.0,0.0,6.561714,0.262341
1992-01-27,0.08792,0.0,6.142667,0.187307
1992-01-28,0.23824,0.0,4.420952,0.146733
1992-01-29,0.493549,0.926595,5.755429,0.125056
1992-01-30,1.017772,1.814953,5.872762,0.107826
1992-01-31,2.036129,3.210089,4.870286,0.112273
1992-02-01,1.888953,0.608006,6.044,0.150623
1992-02-02,0.228793,0.32509,5.392762,0.162851
1992-02-03,1.794282,0.012002,5.200381,0.167853
1992-02-04,2.597453,1.76583,5.344381,0.173412
1992-02-05,8.670791,12.59558,4.267619,0.150623
1992-02-06,15.158735,10.910193,1.753905,0.537465
1992-02-07,11.504833,11.152718,3.095429,0.95821
1992-02-08,55.89502,60.654575,3.417714,1.386181
1992-02-09,68.51045,97.460934,3.283238,5.71869
1992-02-10,3.587223,0.0,6.930095,4.141312
1992-02-11,0.549989,0.0,5.66381,1.401187
1992-02-12,0.700061,0.142637,6.367048,0.833153
1992-02-13,0.006317,0.0,3.512762,0.538576
1992-02-14,0.27232,0.0,4.687048,0.409629
1992-02-15,0.199182,0.0,5.708762,0.346267
1992-02-16,0.049909,0.0,5.379619,0.31681
1992-02-17,0.661695,0.541828,6.705333,0.333484
1992-02-18,2.015188,0.012553,5.44381,0.31014
1992-02-19,0.862094,0.314222,6.157714,0.294021
1992-02-20,0.03247,0.0,5.902857,0.259006
1992-02-21,0.149935,0.0,6.175048,0.240108
1992-02-22,3.21135,0.0,5.620572,0.231771
1992-02-23,6.624518,2.921818,4.901333,0.250113
1992-02-24,6.697191,6.575417,4.674095,0.245666
1992-02-25,7.258735,13.61175,3.091619,0.827595
1992-02-26,55.831484,53.934282,3.565333,12.764089
1992-02-27,53.528138,61.436921,4.563619,16.777565
1992-02-28,57.677786,50.248891,4.485524,107.855857
1992-02-29,24.987866,18.550259,3.34,77.687809
1992-03-01,18.525844,15.163552,5.560762,31.629818
1992-03-02,2.764587,1.824124,3.334095,15.432515
1992-03-03,0.888421,0.645653,6.166095,10.13457
1992-03-04,0.141975,0.0,5.633714,7.618435
1992-03-05,0.037325,0.044316,6.066857,5.885987
1992-03-06,0.003642,0.0,5.949143,4.618194
1992-03-07,0.963335,1.036935,5.357905,3.770589
1992-03-08,1.967714,3.293453,6.177143,3.297598
1992-03-09,2.033694,0.622028,5.802857,2.922429
1992-03-10,5.128525,4.143726,5.775429,2.542257
1992-03-11,0.025467,0.0,5.917714,2.212664
1992-03-12,0.011892,0.0,5.884762,1.910306
1992-03-13,0.009706,0.0,5.476381,1.781359
1992-03-14,0.059061,0.0,4.510667,1.682981
1992-03-15,0.060296,0.012743,5.525333,1.725222
1992-03-16,0.008778,0.0,5.29181,1.569597
1992-03-17,0.017807,0.0,5.321143,1.43398
1992-03-18,0.005952,0.0,5.764953,1.32393
1992-03-19,0.578276,1.678615,6.199429,1.241115
1992-03-20,11.670794,2.895206,4.467619,1.318928
1992-03-21,4.478052,5.320688,5.000381,1.405078
1992-03-22,5.460686,2.239804,5.855238,1.362837
1992-03-23,0.0,0.0,5.484572,1.222218
1992-03-24,0.000433,0.0,5.755048,1.122728
1992-03-25,0.008289,0.0,5.638667,1.076597
1992-03-26,0.149442,0.0,5.651238,1.029909
1992-03-27,1.780247,0.0,5.719048,0.994337
1992-03-28,0.902853,0.56301,5.946286,0.953208
1992-03-29,0.459025,0.926227,5.531238,0.899294
1992-03-30,5.057664,8.55974,4.255048,0.887622
1992-03-31,19.89457,29.034966,3.53581,0.972661
1992-04-01,17.624414,15.321486,4.051619,1.053809
1992-04-02,19.146525,16.283767,4.414667,1.60628
1992-04-03,7.250288,6.341826,4.096572,1.332267
1992-04-04,7.438021,1.027914,2.930476,1.197762
1992-04-05,4.948854,3.593279,3.757905,1.100496
1992-04-06,4.937364,3.700269,4.508571,1.098829
1992-04-07,2.351137,2.694806,4.716,0.965435
1992-04-08,1.160712,1.003031,5.302095,0.871504
1992-04-09,1.320508,1.711924,4.171429,0.82037
1992-04-10,4.440102,4.555577,2.689524,
1992-04-11,11.766587,11.200717,3.268381,0.867613
1992-04-12,12.195534,7.172746,3.625905,0.932643
1992-04-13,12.690171,11.060738,3.409333,1.008232
1992-04-14,11.155696,8.626623,3.651048,1.602389
1992-04-15,10.103265,6.51864,3.926667,1.866397
1992-04-16,6.986773,5.515428,3.732191,1.618508
1992-04-17,6.791568,3.256734,3.523048,2.181539
1992-04-18,0.0,0.0,3.324952,1.791363
1992-04-19,0.466538,0.477119,4.724953,1.409524
1992-04-20,0.335154,0.854206,4.908762,1.11717
1992-04-21,0.091808,0.092302,4.987619,0.963768
1992-04-22,0.001192,0.0,4.444381,0.883176
1992-04-23,0.218685,0.04738,3.972762,
1992-04-24,1.118921,1.777652,4.174476,0.765901
1992-04-25,0.08484,0.008559,4.288191,0.724771
1992-04-26,0.300651,0.015786,3.352762,0.696425
1992-04-27,4.02572,3.230242,4.158667,0.730885
1992-04-28,0.200167,0.003994,4.808952,0.852051
1992-04-29,0.799688,0.5775,4.632381,0.709209
1992-04-30,1.021144,0.0,3.894476,0.676416
1992-05-01,5.283503,10.995586,4.008,0.661965
1992-05-02,3.256715,3.888125,3.879429,0.797026
1992-05-03,4.373899,5.335734,3.702857,0.903185
1992-05-04,4.168618,9.164897,3.957333,0.881509
1992-05-05,8.129658,14.196336,3.146095,0.837044
1992-05-06,19.91944,24.474238,3.589333,1.093827
1992-05-07,23.240067,26.800578,2.81581,1.11717
1992-05-08,39.471992,45.350256,2.379619,4.389757
1992-05-09,20.506814,24.293645,2.958286,6.857537
1992-05-10,3.475898,2.140309,3.519238,3.245908
1992-05-11,3.132385,5.080917,3.566095,2.36162
1992-05-12,3.473525,0.22969,2.414476,1.973112
1992-05-13,8.91715,6.206762,2.602667,1.787473
1992-05-14,0.922742,1.109109,3.638667,1.665751
1992-05-15,0.450346,0.120148,3.681143,1.520686
1992-05-16,5.009513,7.03537,3.169714,1.435647
1992-05-17,1.443348,2.30678,3.973714,1.673532
1992-05-18,4.237422,6.405273,3.247619,1.425087
1992-05-19,7.689276,7.1318,2.763619,1.385069
1992-05-20,12.417342,10.841851,3.632952,1.609615
1992-05-21,0.79994,0.397725,4.044,1.906415
1992-05-22,0.10112,0.0,4.454857,1.53736
1992-05-23,0.0,0.0,3.275048,1.356167
1992-05-24,2.629392,2.840182,2.012952,1.269461
1992-05-25,1.742042,2.17637,2.805905,1.283356
1992-05-26,0.059243,0.0,3.210095,1.146628
1992-05-27,0.364526,0.301152,2.324952,1.062701
1992-05-28,0.373562,0.0,3.214286,0.994337
1992-05-29,0.85817,0.0,3.196571,0.954319
1992-05-30,0.129764,0.0,2.672,0.992114
1992-05-31,0.723612,0.485651,2.241905,0.903185
1992-06-01,0.552868,0.003614,2.27581,0.852607
1992-06-02,2.982005,1.909084,2.682286,0.852607
1992-06-03,0.333413,0.221673,2.930476,0.918192
1992-06-04,0.283415,0.045479,3.60781,0.873172
1992-06-05,0.085863,0.030051,3.277524,0.825372
1992-06-06,0.062355,0.125066,3.781143,0.779796
1992-06-07,0.0,0.0,3.785143,0.770347
1992-06-08,0.092814,0.167534,3.645905,0.748115
1992-06-09,0.543934,0.902972,3.230095,0.704206
1992-06-10,1.241129,0.205684,2.433714,0.694202
1992-06-11,0.00394,0.0,1.951619,0.693646
1992-06-12,0.014544,0.0,2.296571,0.656407
1992-06-13,0.000748,0.0,2.395619,0.609719
1992-06-14,0.025681,0.0,2.628572,0.601938
1992-06-15,0.000889,0.0,3.385143,0.603606
1992-06-16,0.0,0.0,2.787048,0.604717
1992-06-17,0.000616,0.0,2.501714,0.603606
1992-06-18,0.0,0.0,2.784762,0.574148
1992-06-19,0.0,0.0,2.255429,0.528572
1992-06-20,0.000208,0.0,1.712191,0.529683
1992-06-21,0.0,0.0,1.96419,0.52079
1992-06-22,0.0,0.0,3.005333,0.487442
1992-06-23,0.000208,0.0,2.224,0.479105
1992-06-24,0.191246,0.165823,1.530095,0.480772
1992-06-25,0.183449,0.094767,2.214667,0.481328
1992-06-26,3.9e-05,0.0,2.993524,0.483551
1992-06-27,0.0,0.0,2.784,0.484107
1992-06-28,0.000125,0.0,2.592191,0.485775
1992-06-29,0.000247,0.0,1.884952,0.479661
1992-06-30,0.000208,0.0,2.550667,0.443533
1992-07-01,0.000164,0.0,2.837905,0.442978
1992-07-02,0.225673,0.480871,1.86781,0.441866
1992-07-03,4.389289,6.763961,2.564191,0.417966
1992-07-04,3.134051,3.445654,2.784952,0.454094
1992-07-05,0.016791,0.0,3.013714,0.548025
1992-07-06,0.177831,0.274864,2.698095,0.492444
1992-07-07,0.000318,0.0,2.889333,0.452982
1992-07-08,0.000299,0.0,1.666286,0.446868
1992-07-09,0.0,0.0,2.841905,0.420745
1992-07-10,0.000299,0.0,2.656952,0.406294
1992-07-11,0.000471,0.0,2.656191,0.405183
1992-07-12,2.537786,5.530634,1.752952,0.405739
1992-07-13,3.444377,4.3158,1.652381,0.414076
1992-07-14,3.57947,6.156124,2.02819,0.471879
1992-07-15,7.456049,8.025834,2.36819,0.473547
1992-07-16,8.777266,10.822793,2.509905,0.515232
1992-07-17,8.331311,6.207158,2.881714,0.539132
1992-07-18,1.023279,0.690405,2.525905,0.633063
1992-07-19,0.20986,0.129459,3.654286,0.553027
1992-07-20,0.000164,0.0,3.189143,0.496335
1992-07-21,0.00325,0.0,1.751238,0.462987
1992-07-22,0.001503,0.0,1.889905,0.421857
1992-07-23,0.296763,0.0,1.519429,0.417966
1992-07-24,1.888398,1.163391,1.43619,0.416299
1992-07-25,2.493759,2.106979,2.410857,0.442422
1992-07-26,2.524492,6.456728,2.318095,0.435752
1992-07-27,0.936259,0.233863,2.260571,0.431861
1992-07-28,1.814485,0.641264,2.864952,0.433529
1992-07-29,6.178878,5.392495,2.736,0.439087
1992-07-30,0.128272,0.115955,3.265143,0.506895
1992-07-31,0.008769,0.0,3.797714,0.447424
1992-08-01,0.00192,0.0,3.501524,0.422413
1992-08-02,0.00021,0.0,3.539048,0.404071
1992-08-03,0.539911,1.162235,2.085905,0.401292
1992-08-04,9.462547,10.994468,3.173714,0.425192
1992-08-05,2.015007,2.625866,3.859048,0.687532
1992-08-06,2.885577,2.107942,3.012762,0.490221
1992-08-07,0.609688,0.123898,2.632381,0.404627
1992-08-08,0.0,0.0,3.417143,0.387397
1992-08-09,0.0,0.0,2.013333,0.371834
1992-08-10,0.0,0.0,2.858286,0.339598
1992-08-11,0.0,0.0,3.981143,0.33404
1992-08-12,0.011596,0.0,3.590476,0.332372
1992-08-13,0.0,0.0,4.080381,0.330705
1992-08-14,0.0,0.0,3.571619,0.316254
1992-08-15,0.000335,0.0,4.493714,0.30347
1992-08-16,0.0,0.0,4.244381,0.315698
1992-08-17,0.0,0.0,4.460381,0.325147
1992-08-18,0.0,0.0,4.358667,0.311807
1992-08-19,0.0,0.0,2.898667,0.292354
1992-08-20,0.497219,1.126782,2.632571,0.289019
1992-08-21,0.667574,0.901667,1.728571,0.292354
1992-08-22,1.151771,2.596892,2.684952,0.302359
1992-08-23,2.323797,2.871564,2.897524,0.294021
1992-08-24,1.285188,0.711374,4.072191,0.325147
1992-08-25,0.556124,0.254244,2.776191,0.343488
1992-08-26,0.043222,0.043378,3.339238,0.310696
1992-08-27,0.0,0.0,3.954286,0.304582
1992-08-28,0.0,0.0,4.272381,0.285129
1992-08-29,0.0,0.0,4.171048,0.280126
1992-08-30,0.0,0.0,4.255048,0.280126
1992-08-31,0.0,0.0,4.236381,0.277903
1992-09-01,0.002174,0.0,4.679048,0.261785
1992-09-02,0.000824,0.0,4.303429,0.274568
1992-09-03,0.202649,0.390824,3.319619,0.272345
1992-09-04,0.39925,0.084701,4.140381,0.265675
1992-09-05,0.098082,0.107112,4.75981,0.294577
1992-09-06,0.0,0.0,5.310286,0.278459
1992-09-07,0.0,0.0,4.815429,0.267899
1992-09-08,0.0,0.0,4.534476,0.265675
1992-09-09,0.036442,0.098784,4.253905,0.267343
1992-09-10,8.159963,5.741612,4.462667,0.266231
1992-09-11,15.528527,4.810989,4.521143,0.279015
1992-09-12,12.902135,10.507003,2.699429,0.324591
1992-09-13,27.787212,22.739736,5.069714,0.352381
1992-09-14,8.404042,8.465139,3.8,0.35127
1992-09-15,0.205906,0.217652,4.724381,0.345156
1992-09-16,0.011996,0.0,4.811429,0.31014
1992-09-17,0.00154,0.0,3.244191,0.29291
1992-09-18,0.0,0.0,4.224,0.277903
1992-09-19,0.004219,0.0,5.378095,0.255671
1992-09-20,0.0,0.0,3.671238,0.253448
1992-09-21,0.020839,0.0,3.084762,0.250669
1992-09-22,3.001797,2.958056,3.770667,0.240108
1992-09-23,1.715898,1.304468,5.548952,0.316254
1992-09-24,1.358815,1.192884,4.800381,0.340153
1992-09-25,0.0,0.0,4.924,0.349046
1992-09-26,0.0,0.0,5.488762,0.29291
1992-09-27,0.0,0.0,5.956762,0.268454
1992-09-28,0.0,0.0,5.787048,0.259006
1992-09-29,0.0,0.0,5.378476,0.240108
1992-09-30,0.000677,0.0,5.348191,0.230104
1992-10-01,0.621745,0.67174,4.912952,0.233439
1992-10-02,0.080515,0.124864,5.086286,0.235106
1992-10-03,0.0,0.0,4.955238,0.242332
1992-10-04,0.0,0.0,4.424572,0.233439
1992-10-05,0.0,0.0,4.930095,0.225657
1992-10-06,0.0,0.0,5.930667,0.235106
1992-10-07,0.0,0.0,5.503048,0.220655
1992-10-08,0.0,0.0,5.294857,0.21343
1992-10-09,0.0,0.0,4.803238,0.207872
1992-10-10,0.0,0.0,4.698667,0.202313
1992-10-11,0.0,0.0,5.025333,0.201758
1992-10-12,0.091948,0.233685,4.825524,0.208427
1992-10-13,1.018216,0.572126,4.270476,0.200646
1992-10-14,2.658531,2.872347,3.290095,0.213985
1992-10-15,2.578194,2.651576,5.025524,0.301803
1992-10-16,0.34615,0.47501,4.986286,0.376281
1992-10-17,0.001014,0.0,5.747619,0.317365
1992-10-18,0.036319,0.125984,4.643619,0.261785
1992-10-19,0.129542,0.0,4.373524,0.226769
1992-10-20,0.057602,0.0,5.861714,0.220655
1992-10-21,0.000647,0.0,5.962286,0.205092
1992-10-22,0.241177,0.627741,3.106095,0.201202
1992-10-23,0.13442,0.0,3.647048,0.201202
1992-10-24,0.238506,0.160355,3.309905,0.202869
1992-10-25,0.032816,0.250987,5.466095,0.201202
1992-10-26,0.000251,0.0,5.775048,0.176746
1992-10-27,0.0,0.0,5.915238,0.170077
1992-10-28,0.0,0.0,5.208572,0.166186
1992-10-29,0.000311,0.0,4.553524,0.16563
1992-10-30,2.228398,3.034626,5.408572,0.168409
1992-10-31,2.182684,2.16736,5.244191,0.168409
1992-11-01,2.402556,1.787385,4.468953,0.210651
1992-11-02,0.802984,0.974612,5.185905,0.249557
1992-11-03,0.000164,0.0,5.479619,0.275124
1992-11-04,0.000246,0.0,6.174476,0.212318
1992-11-05,0.0,0.0,6.046476,0.186751
1992-11-06,0.001931,0.0,5.308,0.181749
1992-11-07,0.0,0.0,5.745714,0.16174
1992-11-08,0.487513,14.068133,5.1,0.150623
1992-11-09,0.581789,0.631156,4.885524,0.125056
1992-11-10,0.026983,0.044316,5.592762,0.121166
1992-11-11,1.620649,2.092707,3.680952,0.126724
1992-11-12,0.001553,0.0,2.775429,0.122833
1992-11-13,0.0,0.0,5.238667,0.108382
1992-11-14,0.807024,0.136167,4.084,0.105047
1992-11-15,3.924174,4.088527,5.941333,0.233439
1992-11-16,0.012861,0.0,5.427238,0.698648
1992-11-17,3.126484,2.99805,5.955238,0.26901
1992-11-18,0.0,0.0,5.515238,0.212874
1992-11-19,0.0,0.0,5.929714,0.186195
1992-11-20,0.004107,0.0,5.45181,0.151735
1992-11-21,0.031189,0.214063,4.987429,0.136728
1992-11-22,0.320469,0.153283,5.772381,0.133393
1992-11-23,0.0,0.012743,6.710667,0.125056
1992-11-24,1.859568,0.86203,5.698286,0.113384
1992-11-25,16.45699,11.390616,2.950286,0.119498
1992-11-26,1.230791,1.048323,5.835238,0.210095
1992-11-27,0.410597,0.0,6.070667,0.237329
1992-11-28,0.014178,0.0,6.128381,0.198979
1992-11-29,0.0,0.0,6.099048,0.156182
1992-11-30,0.0,0.0,5.027619,0.143954
1992-12-01,0.024528,0.0,5.145905,0.122833
1992-12-02,0.0,0.0,6.494857,0.108382
1992-12-03,7.319342,7.927777,3.530286,0.093931
1992-12-04,7.818603,8.300185,4.398286,0.339598
1992-12-05,10.674275,12.772301,5.644381,0.887622
1992-12-06,2.743307,3.291016,4.660381,0.385174
1992-12-07,12.994399,17.424513,5.815238,0.280126
1992-12-08,8.660339,7.774058,6.617714,0.372946
1992-12-09,0.001265,0.0,6.359429,0.404071
1992-12-10,0.0,0.0,6.094095,0.238441
1992-12-11,0.0,0.0,6.584,0.197867
1992-12-12,0.0,0.0,5.939048,0.183416
1992-12-13,0.000352,0.0,5.059429,0.166742
1992-12-14,0.108685,0.012743,6.784191,0.160628
1992-12-15,0.239263,0.0,5.990286,0.150623
1992-12-16,0.123571,0.223181,3.676381,0.138952
1992-12-17,1.087217,1.997288,4.639619,0.148956
1992-12-18,16.505694,16.746046,1.998667,0.170077
1992-12-19,38.764446,43.597129,1.62,0.625838
1992-12-20,49.803038,51.802847,2.378667,4.014032
1992-12-21,32.741936,27.735164,4.136381,4.872753
1992-12-22,9.434435,8.420109,5.112572,2.23712
1992-12-23,3.662121,2.805059,3.376952,1.968666
1992-12-24,1.003062,0.641081,2.567238,1.22055
1992-12-25,10.428878,11.338634,3.092571,0.846493
1992-12-26,10.363054,9.588524,3.45981,0.961545
1992-12-27,3.870722,2.935165,4.616762,2.455552
1992-12-28,5.189581,4.889441,4.438095,1.571264
1992-12-29,0.093058,0.077672,6.939048,1.545141
1992-12-30,0.003601,0.101569,6.760381,1.104387
1992-12-31,0.913638,2.155191,6.610857,0.753673
1993-01-01,0.548821,0.0,5.130286,0.601938
1993-01-02,3.193155,3.109259,6.543619,0.573036
1993-01-03,0.0,0.0,6.139238,0.594713
1993-01-04,0.007844,0.0,6.228953,0.509118
1993-01-05,0.352978,0.0,5.527429,0.450203
1993-01-06,0.072455,0.129241,3.852952,0.419078
1993-01-07,2.524461,1.504328,1.783048,0.407406
1993-01-08,7.296103,7.137142,2.982476,0.466877
1993-01-09,16.045013,13.703599,3.479429,0.781464
1993-01-10,10.855865,6.822852,4.387429,0.802584
1993-01-11,0.843147,0.086822,5.200762,0.628617
1993-01-12,12.237974,11.62223,4.306667,0.4691
1993-01-13,14.338311,9.910234,5.28781,1.039358
1993-01-14,5.887654,6.481094,5.593905,0.953208
1993-01-15,4.123402,4.795378,5.918476,1.759682
1993-01-16,18.645199,19.740517,4.768953,1.268906
1993-01-17,53.864544,49.133836,3.934857,6.958693
1993-01-18,40.333983,36.118043,4.303429,20.527034
1993-01-19,1.606548,1.683929,4.841714,10.26574
1993-01-20,3.404777,4.475918,4.968191,3.855072
1993-01-21,10.014771,9.183757,5.512571,2.963003
1993-01-22,0.974803,0.997091,6.368381,4.021814
1993-01-23,0.043439,0.0,6.041143,2.600617
1993-01-24,0.547106,1.10316,4.545524,2.153193
1993-01-25,2.467046,0.96056,4.878095,1.958105
1993-01-26,1.203449,0.410047,5.103429,1.769687
1993-01-27,3.602725,3.219732,4.469714,1.642963
1993-01-28,2.965058,3.642803,4.853714,1.607391
1993-01-29,21.347638,44.912172,3.235048,2.14041
1993-01-30,94.114089,92.304883,1.892762,28.540648
1993-01-31,46.309295,40.086026,2.034095,51.49711
1993-02-01,29.058547,23.600528,2.408762,18.079264
1993-02-02,9.947965,8.794076,5.165143,11.146137
1993-02-03,13.592496,18.155802,3.45181,7.446135
1993-02-04,12.74718,11.31693,4.897524,6.052174
1993-02-05,6.937096,6.114402,4.217143,4.558167
1993-02-06,1.02425,1.114403,5.653905,3.878416
1993-02-07,0.927887,0.733461,2.945143,3.305379
1993-02-08,1.681895,1.636525,5.238095,3.015804
1993-02-09,0.3955,0.0,4.901333,2.773473
1993-02-10,0.007483,0.0,5.090476,2.491123
1993-02-11,0.359012,0.0,3.992762,2.308819
1993-02-12,2.084526,1.170583,6.496952,2.177093
1993-02-13,2.901347,0.0,6.169143,2.051481
1993-02-14,0.789818,0.143039,6.236952,1.939764
1993-02-15,4.20596,7.072346,3.024952,1.861951
1993-02-16,23.005084,17.836716,2.708571,2.132073
1993-02-17,35.203521,32.2735,2.697333,2.470558
1993-02-18,41.131412,49.130377,2.443429,2.188209
1993-02-19,16.129103,12.936532,4.422667,3.33706
1993-02-20,1.549023,0.683762,6.278667,2.638412
1993-02-21,0.555876,0.629275,5.537524,2.245457
1993-02-22,7.358036,8.755188,3.513333,1.991454
1993-02-23,33.604193,26.249919,2.849524,4.156319
1993-02-24,9.875685,8.321296,5.727238,3.581059
1993-02-25,0.063925,0.0,6.208191,2.810712
1993-02-26,0.000164,0.0,6.276762,2.412199
1993-02-27,0.0,0.0,5.377905,2.172091
1993-02-28,0.70753,0.525687,5.620191,1.987563
1993-03-01,5.683322,5.946983,5.135048,1.872511
1993-03-02,0.006412,0.0,4.582667,1.764685
1993-03-03,1.761654,2.230593,6.562286,1.671309
1993-03-04,4.549965,2.008104,5.687619,1.632403
1993-03-05,6.633173,4.832488,5.741714,2.557264
1993-03-06,5.746017,0.44361,4.680953,1.993677
1993-03-07,10.161916,13.265115,5.982857,2.139298
1993-03-08,0.531293,0.110016,6.165714,1.849723
1993-03-09,0.0,0.0,6.142095,1.701323
1993-03-10,0.0033,0.0,6.338667,1.597387
1993-03-11,0.026551,0.046028,5.504381,1.521797
1993-03-12,0.331267,0.099128,5.296191,1.486226
1993-03-13,1.878185,1.845651,5.298286,1.524021
1993-03-14,0.474036,0.213453,5.750095,1.410636
1993-03-15,3.9e-05,0.0,5.844572,1.322263
1993-03-16,0.0,0.0,4.905905,1.231667
1993-03-17,0.0,0.0,4.721143,1.143849
1993-03-18,0.0,0.0,4.193714,1.083266
1993-03-19,1.589825,1.119172,6.066857,1.014902
1993-03-20,0.614751,0.0,4.916,1.044916
1993-03-21,0.005419,0.0,4.394286,1.098829
1993-03-22,0.0,0.0,5.576762,1.006009
1993-03-23,0.630368,0.876145,5.088,0.95821
1993-03-24,5.755203,8.380133,3.838476,0.970438
1993-03-25,8.583681,7.010289,4.665905,1.295028
1993-03-26,1.605028,1.610081,5.194857,1.196095
1993-03-27,0.041665,0.0,5.581524,0.979331
1993-03-28,0.000884,0.0,5.477714,0.905964
1993-03-29,0.003921,0.0,5.296,0.904297
1993-03-30,0.032089,0.0,5.878476,0.859276
1993-03-31,0.003977,0.0,5.634476,0.80314
1993-04-01,0.003179,0.0,5.016,0.778684
1993-04-02,0.0,0.0,5.364,0.742001
1993-04-03,0.0,0.0,5.185905,0.6892
1993-04-04,1.247753,0.666782,4.570286,0.64807
1993-04-05,6.05885,18.130432,3.707238,0.679195
1993-04-06,14.127167,10.36014,4.474857,0.810921
1993-04-07,1.32909,1.001685,5.349333,0.95821
1993-04-08,0.176192,0.04738,5.445333,0.757008
1993-04-09,2.154939,2.20397,5.201333,0.684753
1993-04-10,9.542487,8.261515,3.406095,0.725883
1993-04-11,19.50409,10.514964,3.523619,1.066592
1993-04-12,8.168811,5.340089,3.8,1.108833
1993-04-13,7.139288,3.917085,3.484952,1.137735
1993-04-14,7.437876,3.684302,4.964762,1.135512
1993-04-15,0.787792,1.022446,5.092381,0.949873
1993-04-16,3.308798,1.402437,4.632,0.79258
1993-04-17,6.067188,1.791937,3.52,0.811477
1993-04-18,10.500679,10.082799,3.314667,0.734776
1993-04-19,11.685037,5.879963,3.337905,0.866502
1993-04-20,5.236445,3.147213,3.816191,0.894848
1993-04-21,7.301352,4.598059,2.475238,0.896515
1993-04-22,4.526118,2.591407,3.348762,0.834265
1993-04-23,5.864299,3.722617,3.141905,0.748671
1993-04-24,4.185441,1.724946,3.058667,0.887067
1993-04-25,4.625913,3.498624,4.243238,0.821482
1993-04-26,2.016202,0.74382,3.998095,0.794247
1993-04-27,1.31596,1.099988,3.364762,0.825928
1993-04-28,2.360054,1.693848,3.796952,0.721992
1993-04-29,0.718596,0.575008,4.194857,0.680307
1993-04-30,2.619857,1.442635,2.866667,0.636954
1993-05-01,4.163795,3.482547,3.464191,0.655851
1993-05-02,3.143495,4.259195,3.326857,0.638066
1993-05-03,0.884874,1.098444,3.427238,0.656963
1993-05-04,0.580638,0.422041,3.291048,0.598603
1993-05-05,0.368181,0.045499,4.210476,0.642512
1993-05-06,0.768867,0.686072,3.935048,0.562476
1993-05-07,1.324154,0.626443,3.818667,0.521346
1993-05-08,1.59316,0.90816,3.179238,0.523014
1993-05-09,2.254596,4.464714,3.850095,0.554139
1993-05-10,0.490623,0.0,3.494857,0.538576
1993-05-11,0.448903,0.291765,3.849714,0.530795
1993-05-12,0.33444,0.920688,3.712571,0.507451
1993-05-13,0.047535,0.126165,4.092571,0.514121
1993-05-14,0.001669,0.0,4.245905,0.502449
1993-05-15,0.049838,0.0,3.82019,0.500226
1993-05-16,4.554596,8.324735,3.113905,0.479661
1993-05-17,14.85909,18.391767,2.996762,0.602494
1993-05-18,8.933218,8.063569,3.288381,1.303921
1993-05-19,4.423225,3.778012,2.773714,0.895404
1993-05-20,7.349654,7.040892,2.849714,0.755896
1993-05-21,3.178711,1.102578,2.761143,0.819814
1993-05-22,3.520366,5.289102,3.010286,0.713655
1993-05-23,3.549487,5.937087,3.129524,0.690867
1993-05-24,3.738324,5.242057,2.166095,0.636954
1993-05-25,6.927132,3.189291,2.920381,0.742001
1993-05-26,8.68285,13.930231,3.252571,0.815923
1993-05-27,2.866124,2.251772,2.409905,0.801473
1993-05-28,6.74607,8.57419,2.557333,0.725327
1993-05-29,8.881427,9.232726,2.561333,0.839823
1993-05-30,7.787509,7.408305,2.553524,1.248341
1993-05-31,1.927682,1.775006,2.684,1.739673
1993-06-01,1.011388,0.492906,2.913143,1.287803
1993-06-02,0.0,0.0,2.924762,1.053809
1993-06-03,0.276362,0.879199,3.019429,0.91319
1993-06-04,0.0296,0.120645,3.635048,0.829819
1993-06-05,0.962733,2.877113,3.218857,0.778684
1993-06-06,2.602978,1.998207,2.16,0.663633
1993-06-07,0.041378,0.0,2.479048,0.663633
1993-06-08,0.0,0.0,2.491048,0.65863
1993-06-09,0.009401,0.0,2.853714,0.615833
1993-06-10,1.9083,3.378237,2.094667,0.607496
1993-06-11,0.740882,0.555361,3.215048,0.63084
1993-06-12,0.000326,0.0,2.604381,0.706985
1993-06-13,0.055192,0.0,2.313905,0.65863
1993-06-14,0.039944,0.0,3.053524,0.621391
1993-06-15,1.399933,1.374609,1.481524,0.574704
1993-06-16,7.579245,8.486268,2.404191,0.613054
1993-06-17,6.046972,5.002951,2.45981,0.733108
1993-06-18,3.183789,4.562202,1.91581,0.691979
1993-06-19,2.111427,2.455206,2.670286,0.639733
1993-06-20,0.111514,0.272212,3.238667,0.574704
1993-06-21,0.004985,0.0,2.567048,0.554139
1993-06-22,0.000751,0.0,3.486667,0.539688
1993-06-23,0.355887,0.205286,2.288,0.509674
1993-06-24,2.982219,3.904925,1.82419,0.479661
1993-06-25,10.944509,17.470992,2.445905,0.514121
1993-06-26,8.492301,13.640346,1.805905,0.652516
1993-06-27,10.165618,12.515392,2.661524,0.683086
1993-06-28,4.730872,0.143225,2.907619,0.988779
1993-06-29,4.778637,6.857053,2.434857,0.712544
1993-06-30,9.051931,9.311773,2.495048,0.688644
1993-07-01,10.301192,10.800114,2.356952,0.94765
1993-07-02,4.323596,4.544762,3.578095,1.040469
1993-07-03,2.860982,4.552089,2.969905,0.962101
1993-07-04,2.054254,1.383367,2.682286,0.821482
1993-07-05,6.822777,9.055372,2.368762,0.937645
1993-07-06,4.545867,5.323583,2.568,0.889846
1993-07-07,2.610986,4.273623,2.700952,0.839267
1993-07-08,5.605578,6.991153,1.238667,0.891513
1993-07-09,6.085822,4.131547,1.237143,1.179977
1993-07-10,4.00098,1.966979,2.54,1.159968
1993-07-11,2.110558,2.103603,3.269714,0.949873
1993-07-12,0.070898,0.0,3.501333,0.852607
1993-07-13,0.0,0.0,3.309143,0.782575
1993-07-14,0.0,0.0,3.319619,0.73422
1993-07-15,0.0,0.0,3.781714,0.675305
1993-07-16,0.0,0.0,3.542857,0.63751
1993-07-17,0.01404,0.0,2.624571,0.611387
1993-07-18,2.46276,4.329494,2.914667,0.593045
1993-07-19,4.804208,8.947953,2.8,0.560808
1993-07-20,10.830443,14.533088,2.540952,0.576927
1993-07-21,3.214632,3.507789,1.981143,0.850939
1993-07-22,12.445119,14.109103,1.318667,0.609719
1993-07-23,48.092574,39.130079,2.13581,1.935873
1993-07-24,10.464903,13.443574,2.924571,1.781915
1993-07-25,7.298521,9.134822,3.262667,1.801368
1993-07-26,0.229111,0.424129,3.92381,1.598499
1993-07-27,0.0,0.0,4.344,1.243894
1993-07-28,0.0034,0.0,3.268952,1.148851
1993-07-29,0.0,0.0,3.315429,1.001563
1993-07-30,0.0,0.0,3.365333,0.945426
1993-07-31,0.0,0.0,4.051238,0.858165
1993-08-01,0.0,0.0,3.610286,0.826484
1993-08-02,0.0,0.0,3.977333,0.73422
1993-08-03,0.0,0.0,3.06,0.669191
1993-08-04,0.797323,1.047059,2.76781,0.670858
1993-08-05,2.219263,2.576683,3.470857,0.635286
1993-08-06,0.0,0.0,3.748,0.639733
1993-08-07,0.0,0.0,3.295619,0.591934
1993-08-08,0.0,0.0,3.280571,0.563032
1993-08-09,0.0,0.0,4.040952,0.571369
1993-08-10,0.011047,0.0,4.346095,0.55136
1993-08-11,0.0,0.0,4.404572,0.553583
1993-08-12,0.0,0.0,3.891048,0.530239
1993-08-13,0.031709,0.0,3.522286,0.521346
1993-08-14,2.974833,6.313624,3.054857,0.509118
1993-08-15,2.7459,2.99903,3.253905,0.49967
1993-08-16,0.726226,0.257487,3.109333,0.554695
1993-08-17,0.377299,1.159016,4.49981,0.5169
1993-08-18,0.103175,0.015786,3.431429,0.507451
1993-08-19,1.803748,4.295575,3.721714,0.498002
1993-08-20,5.223335,10.529303,2.124571,0.491888
1993-08-21,8.608506,7.746443,3.048191,0.515788
1993-08-22,3.075218,4.544911,3.116571,0.757008
1993-08-23,6.648629,8.547778,2.993524,0.598047
1993-08-24,5.50649,8.180928,2.481905,0.773682
1993-08-25,3.820936,3.559775,2.775238,0.875395
1993-08-26,0.637295,1.656698,4.270286,0.70643
1993-08-27,2.653817,0.035567,2.941524,0.56192
1993-08-28,2.681192,1.846011,4.34019,0.804807
1993-08-29,2.19942,6.425853,3.406857,0.622503
1993-08-30,0.575024,0.860381,3.162857,0.566367
1993-08-31,3.481535,3.173109,3.309905,0.560253
1993-09-01,1.590313,2.347427,3.170857,0.728106
1993-09-02,0.321174,0.0,2.931048,0.584708
1993-09-03,3.990151,8.748883,4.847429,0.550248
1993-09-04,5.77258,6.262637,3.204571,0.581929
1993-09-05,7.565871,12.15539,3.833524,0.965435
1993-09-06,5.224059,5.257109,4.044952,0.642512
1993-09-07,0.976553,0.765696,3.991429,0.638066
1993-09-08,1.432649,2.442634,3.372,0.635286
1993-09-09,1.512134,1.541125,4.112571,0.686976
1993-09-10,0.001602,0.0,4.860381,0.646958
1993-09-11,0.050448,0.064677,4.664572,0.570257
1993-09-12,0.431434,0.418608,4.203429,0.548025
1993-09-13,0.276012,0.20128,4.678857,0.54469
1993-09-14,2.17944,4.462066,3.902095,0.525793
1993-09-15,4.106931,2.414265,4.674857,0.542467
1993-09-16,0.0,0.0,4.982286,0.516344
1993-09-17,0.003175,0.0,4.893905,0.479661
1993-09-18,0.000934,0.0,5.009714,0.46521
1993-09-19,0.0,0.0,5.287048,0.461319
1993-09-20,0.0,0.0,4.984381,0.464098
1993-09-21,0.0,0.0,5.015619,0.438531
1993-09-22,0.000123,0.0,5.276953,0.427971
1993-09-23,0.0,0.0,4.238667,0.428527
1993-09-24,11.058343,23.270802,3.638857,0.43075
1993-09-25,10.071626,8.317456,3.421333,0.479105
1993-09-26,0.784678,1.529875,4.128381,0.505228
1993-09-27,4.777868,9.332493,3.996191,0.443533
1993-09-28,8.351726,8.954829,3.299619,0.439087
1993-09-29,8.287948,8.5487,2.838095,0.694202
1993-09-30,24.660467,27.49385,3.574667,1.378955
1993-10-01,4.491637,3.5049,4.911048,2.007572
1993-10-02,0.859526,0.405501,4.598667,1.387292
1993-10-03,1.217978,1.18585,4.518667,0.955987
1993-10-04,0.001471,0.0,5.056952,0.769792
1993-10-05,0.00114,0.0,3.314286,0.656963
1993-10-06,0.000203,0.0,5.385905,0.585264
1993-10-07,0.0,0.0,5.89581,0.544134
1993-10-08,0.0,0.0,5.628762,0.531907
1993-10-09,0.0,0.0,5.643429,0.501893
1993-10-10,0.0,0.0,5.000381,0.489665
1993-10-11,0.0,0.0,5.530667,0.468545
1993-10-12,0.0,0.0,5.885143,0.456317
1993-10-13,0.000884,0.0,5.796762,0.440754
1993-10-14,0.192254,0.180667,5.016381,0.449647
1993-10-15,0.559693,0.470818,4.942095,0.443533
1993-10-16,0.0,0.0,5.489905,0.439643
1993-10-17,0.0,0.0,6.361714,0.435752
1993-10-18,0.0,0.0,5.557714,0.409073
1993-10-19,0.000571,0.0,5.642667,0.408518
1993-10-20,0.133722,0.08601,5.522286,0.396846
1993-10-21,0.041648,0.0,4.913714,0.394622
1993-10-22,0.148361,0.100866,5.256762,0.40018
1993-10-23,4.116103,19.9876,3.838667,0.39629
1993-10-24,1.102561,0.935788,5.684952,0.511898
1993-10-25,0.014542,0.0,6.054857,0.45854
1993-10-26,0.001553,0.0,3.657714,0.409629
1993-10-27,0.340039,0.0,5.517714,0.383506
1993-10-28,0.172537,0.063716,5.533905,0.384062
1993-10-29,0.0,0.0,5.338667,0.370167
1993-10-30,1.433058,0.0,4.501714,0.375725
1993-10-31,0.041185,0.0,5.692572,0.3685
1993-11-01,0.238268,0.622198,6.251429,0.380727
1993-11-02,0.333551,0.094537,4.866857,0.36183
1993-11-03,0.0,0.0,5.639048,0.379616
1993-11-04,0.0,0.0,5.938667,0.362941
1993-11-05,0.0,0.0,5.745334,0.365165
1993-11-06,0.0,0.0,6.14781,0.356272
1993-11-07,0.0,0.0,5.615619,0.34849
1993-11-08,3.9e-05,0.0,5.325334,0.340153
1993-11-09,0.022965,0.0,5.356381,0.338486
1993-11-10,0.005757,0.0,5.836762,0.345711
1993-11-11,0.010859,0.0,4.880572,0.350158
1993-11-12,1.417467,2.884924,3.497524,0.336819
1993-11-13,0.488635,0.812668,4.356381,0.3685
1993-11-14,0.094754,0.0,5.721143,0.667523
1993-11-15,3.9e-05,0.0,5.570667,0.42408
1993-11-16,0.001553,0.0,4.593905,0.378504
1993-11-17,0.083359,0.200332,4.728572,0.358495
1993-11-18,0.539064,1.101306,4.892952,0.347379
1993-11-19,1.345573,1.603961,5.660381,0.374613
1993-11-20,0.024319,0.0,6.274095,0.381839
1993-11-21,0.034717,0.0,5.757714,0.344044
1993-11-22,0.211669,0.0,5.900381,0.340709
1993-11-23,5.016304,11.379517,4.388952,0.327926
1993-11-24,24.223832,28.381098,4.714095,0.409629
1993-11-25,22.831177,27.028699,5.244,0.939312
1993-11-26,7.112558,4.989101,5.457714,0.540799
1993-11-27,0.014308,0.0,4.167238,0.3685
1993-11-28,0.004265,0.0,5.140191,0.352937
1993-11-29,0.283683,0.341498,5.324191,0.326258
1993-11-30,0.882684,1.169807,5.76381,0.319033
1993-12-01,0.242813,0.188893,4.785524,0.3207
1993-12-02,0.0,0.0,4.933524,0.314586
1993-12-03,0.0,0.0,6.223238,0.306805
1993-12-04,0.002666,0.0,6.03219,0.310696
1993-12-05,0.715789,1.201651,6.263429,0.300691
1993-12-06,10.729403,11.687568,4.918095,0.294021
1993-12-07,3.185117,1.563403,5.580572,0.392955
1993-12-08,0.0,0.0,3.071619,0.394622
1993-12-09,0.507567,0.0,3.84,0.312919
1993-12-10,1.421719,0.0,4.117143,0.452426
1993-12-11,15.363899,3.39977,5.244,0.672525
1993-12-12,20.779462,28.187207,5.224,2.171535
1993-12-13,2.914847,1.762809,5.150857,1.745231
1993-12-14,2.101773,3.046813,4.824762,0.745892
1993-12-15,3.519643,2.918056,6.014667,0.626949
1993-12-16,0.003114,0.0,6.291048,0.561364
1993-12-17,0.006153,0.0,5.925905,0.432973
1993-12-18,2.609775,3.802603,3.387238,0.376281
1993-12-19,8.481583,5.995601,5.161714,0.393511
1993-12-20,0.0,0.0,5.832,0.621391
1993-12-21,0.002693,0.0,6.174857,0.417966
1993-12-22,0.186287,0.031573,6.017714,0.372946
1993-12-23,0.116862,0.0,4.779048,0.357383
1993-12-24,8.571689,7.047182,6.50781,0.415187
1993-12-25,0.983906,0.605075,6.557905,0.504672
1993-12-26,0.0,0.0,6.366857,0.352937
1993-12-27,7.8e-05,0.0,5.333333,0.325702
1993-12-28,0.124342,0.0,2.067619,0.297356
1993-12-29,3.92186,6.772178,1.831048,0.295689
1993-12-30,5.147982,1.656716,4.157714,0.305693
1993-12-31,10.617706,8.679017,3.919238,0.710876
1994-01-01,0.491895,0.179565,6.475048,0.726994
1994-01-02,0.011553,0.0,6.182857,0.404071
1994-01-03,0.00072,0.0,4.163238,0.345156
1994-01-04,0.000627,0.0,5.072953,0.307917
1994-01-05,0.004669,0.0,6.193905,0.296801
1994-01-06,0.000733,0.0,5.806667,0.284017
1994-01-07,0.057193,0.0,4.116381,0.28235
1994-01-08,0.043674,0.0,3.73581,0.290687
1994-01-09,0.414118,0.697831,4.481333,0.276791
1994-01-10,6.394022,5.873643,5.311429,0.287352
1994-01-11,13.821484,9.094259,5.782857,0.380727
1994-01-12,5.380233,5.667746,6.255048,0.824261
1994-01-13,4.151315,2.699767,6.168,0.502449
1994-01-14,0.123389,0.072846,6.103048,0.40018
1994-01-15,0.000729,0.0,6.349333,0.322368
1994-01-16,0.017779,0.0,6.628,0.310696
1994-01-17,0.004451,0.0,6.940952,0.31681
1994-01-18,0.0,0.0,6.669333,0.295689
1994-01-19,0.0,0.0,6.301714,0.276791
1994-01-20,2.127301,0.351372,5.256952,0.266231
1994-01-21,6.413938,5.15266,4.316381,0.289019
1994-01-22,4.344221,6.55466,5.094857,0.295689
1994-01-23,11.516213,10.244155,3.496571,0.305693
1994-01-24,5.135052,5.132139,6.359048,0.967659
1994-01-25,1.633888,2.139376,5.951619,0.551916
1994-01-26,2.500967,18.05635,6.258667,0.386841
1994-01-27,12.709751,15.946638,5.050286,0.337374
1994-01-28,12.593655,10.983618,4.794476,0.424636
1994-01-29,37.706979,36.613086,2.697524,0.45187
1994-01-30,114.531283,122.274624,1.713714,0.903185
1994-01-31,181.504089,145.768945,1.097905,66.10592
1994-02-01,90.100967,54.557087,2.364571,100.195737
1994-02-02,0.990597,1.309275,6.762095,13.467184
1994-02-03,0.266373,0.171988,5.857905,6.544618
1994-02-04,0.618404,22.148486,4.904381,4.208564
1994-02-05,8.410206,11.60133,4.728953,5.350746
1994-02-06,19.857896,30.481844,5.713143,6.821409
1994-02-07,13.786793,5.741833,6.158857,4.221348
1994-02-08,3.089609,1.777104,7.026476,3.94011
1994-02-09,17.95324,19.35577,5.667048,2.966893
1994-02-10,29.683685,30.329096,4.565714,2.693437
1994-02-11,17.801246,12.165685,5.175429,6.361202
1994-02-12,0.0,0.0,4.64781,3.971235
1994-02-13,1.191391,1.886242,6.168953,2.940771
1994-02-14,17.580459,22.291817,3.714286,2.53392
1994-02-15,17.534408,10.770439,5.559048,8.323198
1994-02-16,2.089262,2.088353,5.920762,6.947577
1994-02-17,4.648519,4.292326,5.291238,3.789487
1994-02-18,23.46567,25.735393,3.606476,3.503246
1994-02-19,24.599334,20.897314,2.514667,6.776389
1994-02-20,22.270939,21.275415,5.296572,15.889943
1994-02-21,42.842169,45.079924,3.651048,18.406078
1994-02-22,38.147338,22.607999,3.133714,17.468433
1994-02-23,39.720616,38.009861,3.156191,15.208525
1994-02-24,50.374232,49.751197,3.773905,31.152937
1994-02-25,27.669939,17.120884,2.936571,24.358762
1994-02-26,18.059048,9.328335,4.509714,25.492606
1994-02-27,5.46099,3.941815,5.583238,15.673734
1994-02-28,0.911135,0.239748,4.804762,12.134916
1994-03-01,5.824732,5.846989,3.947619,9.439256
1994-03-02,9.397299,7.709252,4.084381,11.291203
1994-03-03,0.880125,0.561307,4.200381,8.527734
1994-03-04,1.515763,0.016737,2.718476,6.461803
1994-03-05,2.079492,0.0,4.544572,5.362974
1994-03-06,6.404425,11.553882,3.670857,4.826621
1994-03-07,1.417249,2.171203,6.172762,4.266368
1994-03-08,13.052059,8.785693,5.945143,4.166879
1994-03-09,0.14833,0.0,5.197524,3.734462
1994-03-10,1.552785,0.481147,4.819619,3.989021
1994-03-11,11.221408,18.301163,5.104953,3.399311
1994-03-12,3.437982,2.315166,4.888952,3.454891
1994-03-13,1.014615,0.047436,3.191238,2.81627
1994-03-14,0.089312,0.0,5.596572,2.503351
1994-03-15,0.001179,0.0,4.929714,2.284919
1994-03-16,0.00045,0.0,4.694857,2.136519
1994-03-17,0.002375,0.0,4.862476,2.015353
1994-03-18,0.048717,0.0,4.620191,1.873623
1994-03-19,1.962193,2.10852,3.342667,1.776357
1994-03-20,3.94255,2.219575,3.169905,1.735783
1994-03-21,5.870964,10.139925,4.468191,1.704658
1994-03-22,7.617273,6.242003,3.911238,1.678535
1994-03-23,1.323449,0.720689,3.834667,1.653523
1994-03-24,2.196652,1.693296,4.427238,1.525132
1994-03-25,5.120543,4.502808,3.823619,1.45788
1994-03-26,0.614262,0.0,4.909333,1.386736
1994-03-27,4.256349,3.323943,2.944381,1.336714
1994-03-28,14.475978,10.451408,4.385143,1.330044
1994-03-29,7.059779,4.211579,4.987048,1.360058
1994-03-30,3.351447,1.449864,5.374667,1.287803
1994-03-31,0.076471,0.0,4.635238,1.218883
1994-04-01,9.251788,9.162066,4.653143,1.170528
1994-04-02,6.544671,7.669275,4.442667,1.169972
1994-04-03,7.284353,7.70434,4.06381,1.229443
1994-04-04,4.037906,5.107762,3.576952,1.290026
1994-04-05,2.19635,1.570838,3.238476,1.197207
1994-04-06,7.568482,9.567926,3.688952,1.183311
1994-04-07,5.627111,3.041067,4.828,1.323375
1994-04-08,0.091732,0.0,5.19981,1.235001
1994-04-09,0.396549,0.0,4.139048,1.124396
1994-04-10,17.511907,21.734621,3.867619,1.267238
1994-04-11,0.71934,0.444744,4.491048,1.226108
1994-04-12,0.0,0.0,2.397905,1.116615
1994-04-13,0.0,0.0,3.004762,1.043804
1994-04-14,0.003064,0.0,3.222095,0.982665
1994-04-15,0.002119,0.0,3.952,0.952652
1994-04-16,0.375634,0.0,3.420762,0.91319
1994-04-17,4.971427,4.760878,4.32,0.917636
1994-04-18,4.352852,4.119186,4.805334,0.919859
1994-04-19,1.174741,0.769426,4.187619,0.870948
1994-04-20,6.020871,5.575981,3.548381,0.875951
1994-04-21,5.448302,4.05256,4.482286,0.912634
1994-04-22,2.118908,2.864315,3.915238,0.874283
1994-04-23,5.815818,2.663204,3.277333,0.853718
1994-04-24,5.428555,6.30607,2.953524,0.918192
1994-04-25,2.010796,0.926584,2.806857,0.889846
1994-04-26,6.353214,5.567969,3.307619,0.830374
1994-04-27,12.414684,8.528128,2.432762,0.915413
1994-04-28,24.905978,15.186805,3.002667,2.04759
1994-04-29,12.36723,6.396386,4.38381,1.901969
1994-04-30,4.662334,2.762242,3.916762,1.56126
1994-05-01,5.006319,3.916316,2.165714,1.208878
1994-05-02,2.492288,2.557256,3.202667,1.169416
1994-05-03,5.822052,5.400526,3.147238,1.092715
1994-05-04,8.823478,11.046817,2.226286,1.059367
1994-05-05,15.928663,13.240123,2.070667,1.207211
1994-05-06,7.104377,5.520476,2.640381,1.778024
1994-05-07,5.55389,8.188901,3.300762,1.461214
1994-05-08,5.635766,7.283962,3.540191,1.26835
1994-05-09,0.165525,0.0,3.308381,1.211657
1994-05-10,2.875984,2.958414,2.144952,1.129398
1994-05-11,2.056086,2.048367,2.397905,1.104943
1994-05-12,6.343584,7.365086,2.07181,1.118282
1994-05-13,6.706868,7.096103,2.086286,1.222774
1994-05-14,0.583361,0.828497,2.104381,1.269461
1994-05-15,0.319187,0.401534,2.016952,1.14774
1994-05-16,0.73418,0.999386,2.222286,1.103831
1994-05-17,2.584708,2.102858,3.116572,1.08271
1994-05-18,0.403629,0.749862,2.942857,1.050474
1994-05-19,0.005938,0.013884,3.210095,1.016014
1994-05-20,0.038439,0.0,2.602286,0.993781
1994-05-21,0.0,0.0,2.303048,0.960989
1994-05-22,0.0,0.0,2.12381,0.937645
1994-05-23,0.0,0.0,3.641143,0.914301
1994-05-24,0.015205,0.0,3.801524,0.895404
1994-05-25,0.035126,0.058606,3.125333,0.891513
1994-05-26,0.000534,0.0,3.444381,0.901518
1994-05-27,0.0,0.0,3.282286,0.899294
1994-05-28,0.000164,0.0,3.89619,0.850383
1994-05-29,0.0,0.0,3.035048,0.845381
1994-05-30,0.162154,0.422795,3.200191,0.851495
1994-05-31,1.37841,3.265147,3.560952,0.837044
1994-06-01,6.824198,8.64281,2.595429,0.822593
1994-06-02,1.635061,1.625469,3.650857,0.909299
1994-06-03,0.741202,2.072148,2.653714,0.847049
1994-06-04,5.792169,12.45653,2.527429,0.815368
1994-06-05,12.024619,16.587601,2.379048,0.945426
1994-06-06,14.435978,22.085062,1.485143,1.094382
1994-06-07,13.421185,10.6674,2.598286,1.963663
1994-06-08,3.238497,2.13058,3.271048,1.467884
1994-06-09,0.151931,0.012553,3.017143,1.189981
1994-06-10,0.0,0.0,2.844952,1.09605
1994-06-11,0.000614,0.0,2.443619,1.043804
1994-06-12,0.0,0.0,3.321143,0.997672
1994-06-13,0.044511,0.0,2.212952,0.94765
1994-06-14,1.387096,1.117094,2.428762,0.919303
1994-06-15,0.024235,0.0,3.392,0.927641
1994-06-16,0.0,0.0,3.601524,0.899294
1994-06-17,0.0,0.0,2.740952,0.874283
1994-06-18,0.045333,0.0,2.329714,0.843158
1994-06-19,1.174613,1.406468,2.486476,0.831486
1994-06-20,0.031711,0.0,3.024952,0.822037
1994-06-21,0.003923,0.0,3.723048,0.810365
1994-06-22,0.0,0.0,3.297524,0.787022
1994-06-23,0.094128,0.0,2.834286,0.759787
1994-06-24,0.00899,0.0,3.301524,0.754229
1994-06-25,0.0,0.0,2.480381,0.753673
1994-06-26,0.00527,0.0,1.831619,0.728662
1994-06-27,0.0,0.0,2.085333,0.711432
1994-06-28,0.0,0.0,1.902667,0.697537
1994-06-29,0.0,0.0,2.577714,0.661965
1994-06-30,0.000164,0.0,2.370286,0.655851
1994-07-01,0.0,0.0,1.26819,0.65863
1994-07-02,0.0,0.0,2.395048,0.659186
1994-07-03,4.358359,20.493488,1.827048,0.6653
1994-07-04,26.668661,24.237848,2.353333,0.807031
1994-07-05,15.880206,14.960132,1.929333,1.298363
1994-07-06,14.919208,11.883571,2.441333,1.081599
1994-07-07,4.460415,0.851943,2.523619,1.083266
1994-07-08,1.308588,2.183763,1.994857,0.856497
1994-07-09,2.648651,4.058825,2.483429,0.809254
1994-07-10,2.078376,1.299762,2.932,0.869281
1994-07-11,0.08234,0.0,3.310095,0.849828
1994-07-12,0.003547,0.0,3.23619,0.767013
1994-07-13,0.301674,0.077251,3.503048,0.748671
1994-07-14,0.008173,0.0,3.486667,0.743113
1994-07-15,0.049967,0.0,2.845524,0.718102
1994-07-16,0.0,0.0,2.538476,0.703651
1994-07-17,0.0,0.0,3.877714,0.701427
1994-07-18,0.0,0.0,2.959619,0.69976
1994-07-19,0.001071,0.0,2.170095,0.668079
1994-07-20,2.146821,6.438413,2.224571,0.666412
1994-07-21,2.207814,0.0,2.831238,0.669191
1994-07-22,0.009444,0.0,2.440191,0.669746
1994-07-23,1.856825,1.991775,3.001333,0.670858
1994-07-24,1.264023,3.097676,3.528952,0.661409
1994-07-25,1.291931,1.857675,1.956381,0.656963
1994-07-26,2.646743,1.835159,2.822476,0.671414
1994-07-27,0.094567,0.0,3.574476,0.676972
1994-07-28,0.015632,0.0,3.271429,0.639733
1994-07-29,0.0,0.0,2.441143,0.601938
1994-07-30,0.006016,0.0,2.496572,0.586376
1994-07-31,0.0,0.0,1.383238,0.583596
1994-08-01,0.046075,0.0,1.298857,0.576927
1994-08-02,0.012029,0.0,1.596762,0.553027
1994-08-03,0.0,0.0,1.533524,0.545246
1994-08-04,0.001596,0.0,3.949905,0.541355
1994-08-05,0.0,0.0,3.933333,0.540799
1994-08-06,0.0,0.0,3.64,0.52746
1994-08-07,0.0,0.0,3.992762,0.519123
1994-08-08,0.0,0.0,4.175048,0.503005
1994-08-09,0.0,0.0,2.465905,0.496335
1994-08-10,0.002586,0.0,2.268952,0.483551
1994-08-11,0.002444,0.0,1.527619,0.470768
1994-08-12,16.452731,20.717252,2.67981,0.475214
1994-08-13,3.907532,2.760524,3.069333,0.553027
1994-08-14,0.00032,0.0,3.964571,0.485219
1994-08-15,0.0,0.0,4.361333,0.459652
1994-08-16,0.00561,0.0,4.009524,0.449647
1994-08-17,1.270969,0.292333,3.188952,0.436864
1994-08-18,0.452641,0.175166,4.143048,0.432417
1994-08-19,1.887993,3.500912,3.495619,0.430194
1994-08-20,2.934756,2.082653,3.298095,0.425192
1994-08-21,0.369092,0.040373,4.00019,0.422413
1994-08-22,1.399252,2.962786,3.059619,0.421857
1994-08-23,1.664116,1.441692,2.423619,0.419078
1994-08-24,1.339682,1.302086,3.909143,0.452982
1994-08-25,0.48857,0.217467,3.859619,0.477438
1994-08-26,0.379898,0.857113,2.658667,0.420189
1994-08-27,3.08878,5.073484,3.314857,0.407962
1994-08-28,3.708065,2.188364,3.049143,0.41741
1994-08-29,1.155095,0.575757,4.092191,0.442978
1994-08-30,0.643964,0.98696,3.794857,0.437975
1994-08-31,0.492852,0.559601,2.783238,0.416855
1994-09-01,0.595422,0.0,4.495619,0.40685
1994-09-02,1.469118,3.677612,4.075429,0.404071
1994-09-03,11.519055,11.331955,3.368571,0.393511
1994-09-04,11.411884,13.802211,3.309905,0.741445
1994-09-05,1.130755,1.277844,3.678667,0.787022
1994-09-06,0.004167,0.0,3.521333,0.473547
1994-09-07,0.016267,0.0,4.483619,0.43075
1994-09-08,0.014918,0.0,5.018857,0.392399
1994-09-09,0.0,0.0,4.571809,0.387397
1994-09-10,0.02014,0.0,4.909714,0.374058
1994-09-11,1.438711,3.513447,4.487048,0.370723
1994-09-12,1.530292,1.290609,3.996,0.369055
1994-09-13,0.001285,0.0,4.957333,0.367944
1994-09-14,0.0,0.0,4.853905,0.35516
1994-09-15,0.0,0.0,5.224953,0.340153
1994-09-16,0.000203,0.0,4.524571,0.341821
1994-09-17,0.0,0.0,5.357524,0.352381
1994-09-18,0.0,0.0,5.012,0.331816
1994-09-19,0.0,0.0,4.794667,0.326258
1994-09-20,0.0,0.0,2.439238,0.325147
1994-09-21,0.0,0.0,5.289334,0.322923
1994-09-22,0.0,0.0,5.34,0.315698
1994-09-23,0.0,0.0,5.177905,0.312363
1994-09-24,0.0,0.0,5.155619,0.30347
1994-09-25,0.0,0.0,4.38,0.287352
1994-09-26,0.0,0.0,2.28419,0.283461
1994-09-27,0.0,0.0,3.175238,0.281238
1994-09-28,0.0,0.0,3.346667,0.280682
1994-09-29,0.0,0.0,4.153333,0.278459
1994-09-30,0.0,0.0,4.940571,0.277347
1994-10-01,0.0,0.0,5.46,0.274012
1994-10-02,0.0,0.0,5.2,0.260673
1994-10-03,0.0,0.0,5.249333,0.257338
1994-10-04,0.0,0.0,5.568952,0.255115
1994-10-05,0.025513,0.0,5.985524,0.254559
1994-10-06,0.057775,0.0,6.215429,0.252336
1994-10-07,3.9e-05,0.0,4.985333,0.249557
1994-10-08,0.040915,0.0,4.520952,0.227881
1994-10-09,0.0,0.0,4.830286,0.222322
1994-10-10,0.0,0.0,5.659238,0.220099
1994-10-11,0.0,0.0,4.951429,0.219543
1994-10-12,0.0,0.0,5.708191,0.21343
1994-10-13,0.0,0.0,5.774857,0.210095
1994-10-14,0.0,0.0,4.705143,0.208983
1994-10-15,0.0,0.0,4.098095,0.202869
1994-10-16,0.891302,1.10032,5.049905,0.210095
1994-10-17,0.001257,0.0,5.493905,0.214541
1994-10-18,0.0,0.0,5.863238,0.244555
1994-10-19,0.0,0.0,5.509524,0.226213
1994-10-20,0.030658,0.0,5.672572,0.227325
1994-10-21,0.0,0.0,5.682286,0.225657
1994-10-22,0.0,0.0,6.229524,0.225102
1994-10-23,0.002667,0.0,4.969714,0.222878
1994-10-24,0.612379,1.701321,3.768572,0.220099
1994-10-25,8.106551,26.698962,3.492571,0.226769
1994-10-26,13.381378,11.162994,4.898095,0.511342
1994-10-27,0.452535,0.272753,4.816762,0.540244
1994-10-28,0.202375,0.384718,5.961333,0.3446
1994-10-29,1.631771,4.555769,4.979238,0.318477
1994-10-30,9.850093,4.069477,6.381714,0.321256
1994-10-31,1.069066,0.883359,3.915429,0.414076
1994-11-01,0.477188,0.0,5.227238,0.326258
1994-11-02,2.469481,7.101891,5.130095,0.319589
1994-11-03,0.596938,0.0,6.247429,0.331816
1994-11-04,0.068761,0.0,6.860381,0.340709
1994-11-05,0.005621,0.0,6.295238,0.297356
1994-11-06,0.0,0.0,5.513905,0.289575
1994-11-07,0.0,0.0,4.840952,0.276236
1994-11-08,0.0,0.0,6.654286,0.260673
1994-11-09,0.0,0.0,6.508,0.257338
1994-11-10,0.0,0.0,6.298286,0.255115
1994-11-11,0.0,0.0,5.758286,0.254003
1994-11-12,0.0,0.0,5.691048,0.24789
1994-11-13,0.011321,0.0,6.196953,0.246222
1994-11-14,0.0,0.0,6.007429,0.243999
1994-11-15,0.0,0.0,5.914286,0.24122
1994-11-16,0.0,0.0,6.124952,0.240664
1994-11-17,0.0,0.0,5.222857,0.237329
1994-11-18,0.0,0.0,6.160381,0.227325
1994-11-19,0.0,0.0,6.289333,0.222878
1994-11-20,0.037733,0.0,6.540952,0.222878
1994-11-21,0.0,0.0,5.873524,0.230104
1994-11-22,0.152922,0.0,6.167619,0.226213
1994-11-23,1.408023,1.138037,5.952762,0.222878
1994-11-24,0.071053,12.776883,5.527048,0.222322
1994-11-25,11.027816,10.063025,6.09981,0.227325
1994-11-26,2.958458,1.890451,5.955238,0.36572
1994-11-27,0.231873,0.533066,6.246476,0.371279
1994-11-28,1.57721,14.406778,5.338667,0.319033
1994-11-29,9.165632,5.575536,4.538857,0.341821
1994-11-30,3.334276,5.233877,4.333333,0.643624
1994-12-01,2.012463,1.375884,4.730667,0.480772
1994-12-02,0.80146,2.037436,4.433524,0.417966
1994-12-03,2.336425,2.066071,5.588952,0.360718
1994-12-04,0.875285,1.403977,5.392952,0.336263
1994-12-05,3.903458,7.687599,5.346095,0.33126
1994-12-06,14.768004,13.82869,3.008381,0.366276
1994-12-07,18.148242,10.334227,5.778095,0.646958
1994-12-08,0.777533,0.583571,5.932,0.750338
1994-12-09,0.025134,0.0,6.501714,0.410741
1994-12-10,0.046222,0.099854,6.414286,0.339598
1994-12-11,0.079064,0.073226,5.380381,0.320144
1994-12-12,0.042734,0.0,6.119238,0.30347
1994-12-13,0.012829,0.0,5.898667,0.301803
1994-12-14,0.646049,16.310798,5.698286,0.27568
1994-12-15,11.172108,13.786972,5.657714,0.298468
1994-12-16,5.16941,4.838045,5.829714,0.288463
1994-12-17,0.273201,0.062228,6.028952,0.304582
1994-12-18,0.018739,0.0,6.655429,0.284573
1994-12-19,0.005203,0.0,5.796572,0.252892
1994-12-20,0.228259,0.066189,6.161714,0.25178
1994-12-21,1.020112,0.207192,5.721143,0.304026
1994-12-22,6.289087,9.703569,5.424572,0.336263
1994-12-23,1.045577,0.046823,5.560381,0.363497
1994-12-24,2.173093,1.745834,6.495619,0.336263
1994-12-25,1.281371,2.77865,5.137333,0.322368
1994-12-26,4.009926,0.836481,3.718857,0.31014
1994-12-27,3.119345,2.661469,6.395619,0.30347
1994-12-28,0.208049,0.161512,6.794095,0.298468
1994-12-29,0.331674,0.308558,7.032572,0.281238
1994-12-30,0.0,0.0,7.376381,0.267899
1994-12-31,0.007305,0.0,6.380952,0.262896
1995-01-01,0.0,0.0,6.434667,0.257894
1995-01-02,0.0,0.0,6.690476,0.255671
1995-01-03,0.559449,0.0,6.046286,0.259561
1995-01-04,0.0,0.0,6.356572,0.253448
1995-01-05,2.117204,3.01991,4.853333,0.261785
1995-01-06,1.565366,1.659162,5.517333,0.367388
1995-01-07,1.389786,1.117697,6.686476,0.381283
1995-01-08,0.203467,0.408331,6.284762,0.31681
1995-01-09,1.931323,3.075403,5.11981,0.300691
1995-01-10,6.334243,6.533295,6.310286,0.322368
1995-01-11,5.650128,4.424337,5.837524,0.68253
1995-01-12,3.76325,25.570629,5.40781,0.485775
1995-01-13,30.290703,22.392344,5.020572,0.950984
1995-01-14,9.728722,9.310608,5.334667,1.123284
1995-01-15,3.576403,1.750239,5.824953,0.715323
1995-01-16,0.005552,0.0,5.513714,0.53802
1995-01-17,0.003103,0.0,4.140953,0.421857
1995-01-18,3.675962,7.225283,2.600381,0.381839
1995-01-19,26.081888,15.352337,2.935619,0.447424
1995-01-20,11.465601,5.994781,2.373905,0.948205
1995-01-21,5.174286,4.256328,3.844191,0.57248
1995-01-22,13.561877,7.385339,5.114667,0.540799
1995-01-23,4.906667,8.773658,4.696,0.489665
1995-01-24,2.024689,0.158792,6.169714,0.462431
1995-01-25,0.011008,0.012743,6.875429,0.485219
1995-01-26,0.0,0.0,7.052572,0.408518
1995-01-27,0.0,0.0,6.321334,0.385729
1995-01-28,0.0,0.0,6.972762,0.367944
1995-01-29,0.0,0.0,6.705714,0.363497
1995-01-30,0.017498,0.0,6.875429,0.354604
1995-01-31,0.14127,0.166204,6.780952,0.342377
1995-02-01,0.0,0.0,6.656953,0.32737
1995-02-02,0.002734,0.0,6.33981,0.332372
1995-02-03,0.472679,0.765073,6.392572,0.321812
1995-02-04,0.0,0.012743,6.596,0.321256
1995-02-05,1.669278,0.0,6.633905,0.316254
1995-02-06,7.8e-05,0.059916,5.219619,0.315698
1995-02-07,1.687061,3.054426,5.396762,0.324035
1995-02-08,12.275569,10.303373,5.956572,0.331816
1995-02-09,9.154087,8.997495,5.738667,0.426859
1995-02-10,9.229237,9.329255,4.164,0.528016
1995-02-11,28.516403,30.013867,1.996,0.575815
1995-02-12,32.653069,23.96664,2.772381,0.967103
1995-02-13,41.905233,34.633258,2.057714,3.556048
1995-02-14,17.163421,11.238452,5.622095,2.106505
1995-02-15,8.719767,7.976156,5.880952,1.197762
1995-02-16,8.212625,6.275761,4.983048,0.764234
1995-02-17,0.0,0.0,7.097714,0.584708
1995-02-18,0.000313,0.0,6.666667,0.491888
1995-02-19,0.0,0.0,5.984381,0.432973
1995-02-20,0.005113,0.0,6.798667,0.397401
1995-02-21,0.01239,0.044316,6.028952,0.377392
1995-02-22,0.57816,0.846258,6.421333,0.370167
1995-02-23,14.899029,16.735591,4.842857,0.369055
1995-02-24,58.663229,59.121268,1.979048,0.842602
1995-02-25,55.615259,47.740879,1.823619,4.672663
1995-02-26,43.969258,28.284721,1.750095,4.589847
1995-02-27,31.911404,26.438778,2.777905,6.457912
1995-02-28,15.239639,10.009286,3.505333,6.236701
1995-03-01,32.08729,29.2548,2.402095,3.194774
1995-03-02,13.531533,10.414092,5.387619,3.076387
1995-03-03,4.543318,4.375946,2.994095,2.58561
1995-03-04,4.737775,5.835005,4.444191,2.212109
1995-03-05,2.559596,1.769439,4.394667,1.759127
1995-03-06,20.262121,15.869515,4.734095,1.446764
1995-03-07,4.940551,2.355968,5.06419,1.547364
1995-03-08,0.828404,1.383155,4.937714,1.719664
1995-03-09,5.145058,2.551015,5.508953,2.217667
1995-03-10,12.080612,19.861672,4.893714,1.715774
1995-03-11,10.810657,54.618246,3.615238,1.370062
1995-03-12,36.963663,25.537465,2.645905,14.913392
1995-03-13,18.659712,13.970419,2.842286,19.034694
1995-03-14,5.624531,4.183564,2.546857,10.1279
1995-03-15,3.021429,2.962452,2.281905,5.415775
1995-03-16,5.222502,4.40339,1.939048,3.876192
1995-03-17,2.80824,4.243168,4.227048,2.98857
1995-03-18,5.591382,4.466088,4.378476,2.560043
1995-03-19,5.793849,4.893436,5.544,2.858511
1995-03-20,1.276817,0.712493,5.716,2.508353
1995-03-21,0.191823,0.229483,5.640381,2.154861
1995-03-22,0.147984,0.04738,5.344381,1.950324
1995-03-23,0.0,0.0,4.663238,1.777468
1995-03-24,2.576503,4.281635,3.605714,1.702434
1995-03-25,11.771256,9.898633,4.811429,2.331051
1995-03-26,12.114693,14.744691,5.013143,6.018269
1995-03-27,15.290924,13.210612,5.003429,3.9918
1995-03-28,0.00502,0.0,5.775429,3.09584
1995-03-29,0.000117,0.0,5.826857,2.446103
1995-03-30,0.014317,0.0,6.03181,2.12707
1995-03-31,0.0,0.0,5.984762,1.947545
1995-04-01,0.003017,0.0,5.841524,1.804147
1995-04-02,0.179591,0.178788,4.823048,1.73078
1995-04-03,2.279373,4.259209,4.808,1.622398
1995-04-04,0.277031,0.024366,4.559619,1.601833
1995-04-05,2.390915,2.312743,4.927048,1.576822
1995-04-06,0.004375,0.0,5.597524,1.491228
1995-04-07,0.0,0.0,2.060381,1.383402
1995-04-08,0.0,0.0,2.894476,1.327265
1995-04-09,0.0,0.0,3.756952,1.297252
1995-04-10,0.0,0.0,4.907048,1.217216
1995-04-11,0.0,0.0,4.790667,1.19276
1995-04-12,0.0,0.0,4.168572,1.189425
1995-04-13,0.307349,0.180122,3.834667,1.188869
1995-04-14,1.121639,1.163354,3.4,1.180532
1995-04-15,0.406393,0.0,4.601714,1.17553
1995-04-16,0.0,0.0,4.586667,1.143849
1995-04-17,0.000573,0.0,4.657905,1.092159
1995-04-18,0.435567,0.774583,4.647048,1.067148
1995-04-19,3.9e-05,0.0,4.916381,1.01657
1995-04-20,0.0,0.0,4.935619,0.991558
1995-04-21,0.0,0.0,4.684,0.964324
1995-04-22,2.454193,2.096892,4.564762,0.95821
1995-04-23,1.122024,0.402278,3.698476,0.95821
1995-04-24,0.222794,0.248539,4.478095,0.956542
1995-04-25,0.001479,0.0,4.826857,0.938201
1995-04-26,0.239905,0.324942,4.631238,0.907632
1995-04-27,3.079371,2.31939,3.174286,0.87206
1995-04-28,5.704063,6.398285,3.292952,0.875951
1995-04-29,2.338318,1.960366,4.633333,0.984333
1995-04-30,9.365495,8.506406,3.278476,0.898183
1995-05-01,14.206793,11.413302,3.62419,1.14107
1995-05-02,7.248266,6.312159,4.359048,1.238892
1995-05-03,2.224401,2.447172,3.359048,1.061034
1995-05-04,1.622671,1.154409,2.999238,1.023795
1995-05-05,0.0,0.0,2.259619,0.981554
1995-05-06,2.203261,1.133872,0.678476,0.932643
1995-05-07,10.893531,8.184522,1.570667,0.911522
1995-05-08,7.919436,8.868168,2.098857,0.943759
1995-05-09,5.704384,3.857091,2.043619,1.111612
1995-05-10,6.020826,5.522661,1.350095,1.059367
1995-05-11,21.895218,20.025309,1.941905,1.287803
1995-05-12,8.020742,5.530453,3.320381,1.904748
1995-05-13,20.954124,19.137503,2.878095,1.607947
1995-05-14,3.680523,4.324314,3.93981,2.379406
1995-05-15,0.983609,0.735732,3.984952,1.743564
1995-05-16,4.695087,4.064895,3.642857,1.453989
1995-05-17,0.543971,0.241263,2.814667,1.348386
1995-05-18,0.159909,0.111306,2.667429,1.227776
1995-05-19,0.0,0.0,3.510857,1.167749
1995-05-20,9.658131,27.579806,3.788762,4.294159
1995-05-21,1.564211,1.619184,2.587238,2.30604
1995-05-22,3.662933,4.592846,2.670286,1.670753
1995-05-23,2.208036,2.058067,3.427238,1.484558
1995-05-24,0.337381,0.411186,3.408572,1.363948
1995-05-25,0.0,0.0,3.139619,1.280022
1995-05-26,0.000164,0.0,3.843238,1.222774
1995-05-27,0.0,0.0,2.871048,1.176086
1995-05-28,0.069351,0.134745,3.324191,1.16886
1995-05-29,0.033674,0.0,2.932,1.141626
1995-05-30,3.833981,4.103998,2.489524,1.104943
1995-05-31,6.393097,7.383924,2.992952,1.195539
1995-06-01,6.435169,6.092288,3.388952,1.225553
1995-06-02,5.2841,4.833507,3.164952,1.15163
1995-06-03,6.570677,5.698834,2.455429,1.119394
1995-06-04,10.808499,7.565822,2.582476,1.250564
1995-06-05,12.701345,9.421476,2.380381,1.612394
1995-06-06,9.693015,9.068153,2.611048,1.488449
1995-06-07,7.538819,5.977247,2.990476,1.714662
1995-06-08,8.683432,7.597263,2.923619,1.431757
1995-06-09,6.787094,4.331168,2.865333,1.521797
1995-06-10,1.849269,1.038655,2.937714,1.571264
1995-06-11,0.403651,0.293628,3.659619,1.525132
1995-06-12,1.233227,0.0,3.281905,1.348386
1995-06-13,0.496509,0.484709,3.115619,1.256122
1995-06-14,0.306951,0.227366,2.910095,1.190537
1995-06-15,0.143527,0.031573,2.778286,1.177198
1995-06-16,0.0,0.0,2.589714,1.157744
1995-06-17,0.000924,0.0,0.587619,1.103275
1995-06-18,0.0,0.0,1.254857,1.075485
1995-06-19,0.0,0.0,0.513333,1.03102
1995-06-20,0.0,0.0,1.159619,1.008788
1995-06-21,0.0,0.0,2.289905,0.993781
1995-06-22,0.0,0.0,2.670095,0.983777
1995-06-23,0.0,0.0,1.835048,0.942091
1995-06-24,0.453397,0.7245,2.334095,0.909855
1995-06-25,3.068912,4.310632,1.983238,0.917636
1995-06-26,2.884684,2.744364,2.396191,0.924861
1995-06-27,3.567792,2.737687,2.512381,0.960989
1995-06-28,0.006961,0.0,3.472952,0.925417
1995-06-29,0.0,0.0,3.261333,0.829263
1995-06-30,0.0,0.0,3.286476,0.805919
1995-07-01,0.0,0.0,3.204952,0.801473
1995-07-02,0.0,0.0,3.171619,0.789801
1995-07-03,0.0,0.0,2.74,0.774794
1995-07-04,0.0,0.0,3.314857,0.75812
1995-07-05,0.609981,0.64375,1.906095,0.735887
1995-07-06,9.404241,9.812148,2.823429,0.765901
1995-07-07,0.594481,0.372128,2.957333,0.827595
1995-07-08,0.107353,0.0,3.192762,0.764234
1995-07-09,0.393484,0.426201,3.342476,0.712544
1995-07-10,0.0,0.0,3.366286,0.704206
1995-07-11,0.0,0.0,3.464,0.680863
1995-07-12,0.0,0.0,2.717143,0.651961
1995-07-13,0.0,0.0,2.347619,0.642512
1995-07-14,0.0,0.0,2.816762,0.629173
1995-07-15,0.0,0.0,3.119048,0.628061
1995-07-16,0.0,0.0,2.607048,0.630284
1995-07-17,0.0,0.0,3.496762,0.633063
1995-07-18,0.0,0.0,3.419048,0.635286
1995-07-19,0.000647,0.0,3.354286,0.633063
1995-07-20,0.0,0.0,1.966857,0.62417
1995-07-21,0.0,0.0,3.380571,0.614166
1995-07-22,0.0,0.0,3.026667,0.605273
1995-07-23,0.0,0.0,3.251429,0.605273
1995-07-24,0.0,0.0,2.110286,0.608052
1995-07-25,0.0,0.0,3.056,0.595268
1995-07-26,0.0,0.0,2.765524,0.607496
1995-07-27,0.0,0.0,3.556,0.608052
1995-07-28,0.0,0.0,2.709714,0.586376
1995-07-29,0.0,0.0,2.110857,0.564143
1995-07-30,0.0,0.0,2.199619,0.563032
1995-07-31,0.460872,0.096288,2.921905,0.584152
1995-08-01,2.500965,3.237287,2.135048,0.604161
1995-08-02,8.70588,7.706617,2.323048,0.643624
1995-08-03,7.991961,8.634623,2.678857,0.925417
1995-08-04,7.324782,8.061137,2.091238,0.860388
1995-08-05,15.855666,19.710785,1.167048,0.857609
1995-08-06,26.099066,26.771207,0.79581,0.80314
1995-08-07,24.089916,12.810604,2.193143,1.572932
1995-08-08,1.451297,0.237469,3.226667,1.383957
1995-08-09,0.001319,0.0,3.043048,0.918748
1995-08-10,0.0,0.0,2.774667,0.768124
1995-08-11,0.009539,0.0,2.745905,0.71699
1995-08-12,3.044204,3.663009,2.699238,0.691979
1995-08-13,1.853497,2.317121,3.081333,0.686976
1995-08-14,3.923631,1.840482,2.904571,0.674749
1995-08-15,4.113238,4.48244,2.644952,0.669191
1995-08-16,3.637561,3.731773,2.639619,0.659742
1995-08-17,8.140534,14.691574,2.085714,0.666967
1995-08-18,37.478519,37.366604,2.454095,0.724771
1995-08-19,11.980268,8.000516,2.054667,1.767464
1995-08-20,8.294074,8.126089,2.077524,1.586827
1995-08-21,5.138899,3.963164,3.087619,1.148851
1995-08-22,1.040822,0.948897,3.263238,0.989335
1995-08-23,2.324743,2.040908,3.657905,0.886511
1995-08-24,6.207254,5.887191,2.682476,0.878174
1995-08-25,3.485595,2.280561,3.714857,0.956542
1995-08-26,1.390365,0.80065,3.489524,0.878174
1995-08-27,0.490567,0.010664,3.248571,0.80314
1995-08-28,1.704033,0.098658,2.72381,0.792024
1995-08-29,4.138495,2.209331,3.356,0.754785
1995-08-30,8.311202,9.279206,3.868952,0.788133
1995-08-31,2.751754,1.545515,3.76,0.748115
1995-09-01,0.309509,0.0,4.744,0.742001
1995-09-02,0.0,0.0,5.196191,0.704762
1995-09-03,0.010977,0.0,4.291238,0.684753
1995-09-04,0.060335,0.094549,4.976952,0.673637
1995-09-05,0.000247,0.0,4.196381,0.644735
1995-09-06,0.0,0.0,3.990286,0.629728
1995-09-07,0.694468,0.334007,3.445524,0.621947
1995-09-08,0.0,0.0,3.268,0.619724
1995-09-09,0.0,0.0,4.559048,0.609164
1995-09-10,0.0,0.0,4.944762,0.593601
1995-09-11,0.0,0.0,5.330095,0.586931
1995-09-12,0.0,0.0,5.396191,0.568034
1995-09-13,0.269416,0.142214,4.731048,0.554139
1995-09-14,4.102718,2.908697,4.779619,0.554695
1995-09-15,0.844133,0.728514,4.068191,0.588599
1995-09-16,3.09037,2.024328,4.489714,0.564143
1995-09-17,4.456585,3.164129,4.268572,0.593045
1995-09-18,0.052055,0.085969,5.428,0.60305
1995-09-19,0.0,0.0,5.015429,0.574148
1995-09-20,0.013285,0.0,5.370667,0.564143
1995-09-21,0.000647,0.0,5.564,0.553027
1995-09-22,0.0,0.0,5.572952,0.535797
1995-09-23,0.0,0.0,5.588381,0.5169
1995-09-24,0.042509,0.044316,4.675619,0.513009
1995-09-25,0.133958,0.025296,4.452572,0.513565
1995-09-26,0.014546,0.0,4.430095,0.519679
1995-09-27,0.000614,0.0,5.872,0.500781
1995-09-28,0.0,0.0,5.14,0.478549
1995-09-29,0.001004,0.0,5.273524,0.466877
1995-09-30,0.0,0.0,5.153905,0.474103
1995-10-01,0.0,0.0,5.080381,0.486886
1995-10-02,0.0,0.0,5.978667,0.484107
1995-10-03,0.000286,0.0,3.967429,0.480217
1995-10-04,4.184235,1.121088,4.526667,0.517456
1995-10-05,0.140257,0.206243,5.149714,0.49967
1995-10-06,0.000164,0.0,5.568,0.488554
1995-10-07,0.000977,0.0,6.201333,0.480217
1995-10-08,0.01386,0.0,5.938286,0.487442
1995-10-09,9.236895,4.168351,4.305334,0.488554
1995-10-10,7.822548,9.452912,3.836762,0.495779
1995-10-11,4.057182,5.252133,4.668572,0.541355
1995-10-12,2.280638,2.14361,5.150095,0.558585
1995-10-13,2.16752,2.030458,4.429905,0.614722
1995-10-14,2.11867,2.865279,6.52781,0.659742
1995-10-15,0.0,0.0,5.356572,0.578038
1995-10-16,0.459087,0.225101,4.109714,0.526348
1995-10-17,17.069823,14.154638,4.013905,0.535241
1995-10-18,9.54123,4.448181,4.107619,0.604161
1995-10-19,1.516486,0.33689,4.554476,0.588599
1995-10-20,4.552558,3.92472,5.765143,0.541355
1995-10-21,0.1991,0.015786,6.034095,0.526904
1995-10-22,0.037608,0.0,5.760381,0.509674
1995-10-23,0.024338,0.0,6.116572,0.502449
1995-10-24,0.0,0.0,6.182286,0.486886
1995-10-25,4.773752,5.191775,4.770667,0.482996
1995-10-26,20.30151,16.865282,5.375238,0.614722
1995-10-27,0.00236,0.0,6.560381,0.618056
1995-10-28,0.002483,0.0,6.835429,0.53413
1995-10-29,0.003209,0.0,6.890095,0.503005
1995-10-30,0.0,0.0,6.101905,0.48244
1995-10-31,0.0,0.0,7.053714,0.473547
1995-11-01,0.0,0.0,7.048381,0.470212
1995-11-02,0.0,0.0,6.386286,0.461319
1995-11-03,0.0,0.0,6.56419,0.451315
1995-11-04,0.0,0.0,5.308381,0.44798
1995-11-05,0.00154,0.0,5.770667,0.435752
1995-11-06,0.072863,0.0,5.784952,0.41741
1995-11-07,13.229275,15.56144,4.423619,0.432417
1995-11-08,22.776674,17.846405,6.183048,0.650849
1995-11-09,0.001856,0.0,7.162476,0.62417
1995-11-10,0.0,0.0,6.737714,0.47577
1995-11-11,0.0,0.0,6.7,0.446868
1995-11-12,0.078904,0.0,5.205905,0.435196
1995-11-13,9.183378,11.546017,5.364572,0.44131
1995-11-14,2.058495,2.110056,4.739619,0.487998
1995-11-15,0.027749,0.0,5.724571,0.446312
1995-11-16,0.002241,0.0,5.855619,0.425748
1995-11-17,1.122647,1.251961,6.071238,0.43075
1995-11-18,0.265326,0.215771,5.563238,0.490777
1995-11-19,1.022803,0.988291,5.218667,0.48244
1995-11-20,5.37099,8.159548,4.692762,0.45854
1995-11-21,25.791819,23.272887,4.093714,0.484663
1995-11-22,15.017096,14.459351,6.142286,1.073818
1995-11-23,0.0,0.0,6.122667,0.718102
1995-11-24,0.0,0.0,6.21981,0.525793
1995-11-25,0.0,0.0,6.808762,0.471879
1995-11-26,0.0,0.0,7.09981,0.454649
1995-11-27,0.0,0.0,6.582857,0.436864
1995-11-28,0.0,0.0,5.689143,0.422413
1995-11-29,0.0,0.0,6.325333,0.41352
1995-11-30,0.021828,0.031573,4.772381,0.411297
1995-12-01,0.205945,0.0,5.331429,0.418522
1995-12-02,0.010065,0.0,5.605333,0.411297
1995-12-03,1.361977,0.025685,6.56,0.414076
1995-12-04,1.108531,0.583937,5.155048,0.407406
1995-12-05,5.451944,9.856135,4.488952,0.392399
1995-12-06,4.391109,2.979588,4.596572,0.449091
1995-12-07,0.020292,0.0,5.741714,0.473547
1995-12-08,0.09458,0.0,6.889333,0.438531
1995-12-09,0.027846,0.0,6.553905,0.41741
1995-12-10,0.0,0.0,6.794857,0.406294
1995-12-11,0.000655,0.0,6.213714,0.389064
1995-12-12,0.916001,0.99177,2.829333,0.375169
1995-12-13,0.002195,0.0,5.294667,0.37239
1995-12-14,0.000772,0.0,6.071619,0.369055
1995-12-15,0.036057,0.0,5.313714,0.364053
1995-12-16,0.029567,0.0,6.781714,0.381839
1995-12-17,0.004152,0.0,6.595238,0.399069
1995-12-18,0.414049,0.848338,6.027048,0.384618
1995-12-19,1.064304,0.067433,6.394857,0.381839
1995-12-20,0.173542,0.0,5.594857,0.380171
1995-12-21,0.145967,0.008559,2.696762,0.372946
1995-12-22,0.259381,0.673671,4.656762,0.352381
1995-12-23,3.2155,2.632724,4.153143,0.445201
1995-12-24,33.625391,25.354645,3.416762,0.735887
1995-12-25,6.774057,9.038041,3.512762,0.45854
1995-12-26,8.057574,6.543551,4.659429,0.523014
1995-12-27,0.685469,0.120924,4.548381,0.597492
1995-12-28,0.001754,0.0,6.436381,0.489665
1995-12-29,0.0,0.0,6.750095,0.421857
1995-12-30,1.917742,3.99942,5.182286,0.410741
1995-12-31,0.031639,0.0,6.083238,0.401848
1996-01-01,7.00987,4.526597,3.951238,0.42408
1996-01-02,6.6692,3.243982,4.858476,0.777017
1996-01-03,0.002799,0.0,4.754667,0.559697
1996-01-04,4.749128,2.676865,5.296953,0.482996
1996-01-05,2.291628,0.731375,4.408572,0.528016
1996-01-06,22.013333,21.53519,4.579429,1.025462
1996-01-07,19.807223,13.424376,4.210286,0.735887
1996-01-08,11.878224,6.458416,4.091429,0.904297
1996-01-09,1.070017,1.448463,5.467238,0.878174
1996-01-10,0.059295,0.0,5.445905,0.588043
1996-01-11,0.0,0.0,6.301333,0.49967
1996-01-12,0.0,0.0,5.799238,0.460208
1996-01-13,0.373248,0.34566,5.624952,0.450203
1996-01-14,3.050971,3.033637,6.330667,0.43464
1996-01-15,1.668932,16.18949,5.595238,0.433529
1996-01-16,3.838164,1.366244,4.112191,0.43464
1996-01-17,6.060013,2.13047,5.065143,0.525237
1996-01-18,5.221137,4.243156,5.283238,0.526348
1996-01-19,8.603309,1.31688,4.014667,0.500781
1996-01-20,7.616695,9.134626,5.475429,0.643068
1996-01-21,1.234682,0.597457,5.105905,0.726994
1996-01-22,0.11819,0.12619,4.507429,0.791468
1996-01-23,3.556795,1.7571,3.454667,0.866502
1996-01-24,5.263452,1.508679,4.778667,0.720325
1996-01-25,28.971436,19.807602,4.168191,0.713099
1996-01-26,26.431129,10.65958,2.412952,6.479033
1996-01-27,15.322137,10.343728,4.414667,4.380309
1996-01-28,2.962682,0.0,6.406857,2.087052
1996-01-29,0.027706,0.0,5.668952,1.346163
1996-01-30,0.00277,0.0,6.982286,1.059367
1996-01-31,0.0,0.0,7.102286,0.900962
1996-02-01,0.0,0.0,6.160381,0.794803
1996-02-02,0.0,0.0,6.963429,0.713099
1996-02-03,3.9e-05,0.0,5.862095,0.65474
1996-02-04,0.002093,0.0,5.375048,0.614722
1996-02-05,12.024952,13.066077,3.000762,0.613054
1996-02-06,27.79253,22.741845,4.162095,3.071385
1996-02-07,33.017958,20.873275,2.670095,5.092852
1996-02-08,10.418923,5.916689,3.468191,3.82617
1996-02-09,12.620099,6.787954,3.518095,2.646749
1996-02-10,5.026758,2.822425,5.928953,2.665091
1996-02-11,0.161017,0.021112,5.437143,2.067599
1996-02-12,0.000982,0.0,4.077524,1.48567
1996-02-13,0.0,0.0,4.654857,1.500677
1996-02-14,0.300939,0.336969,6.093333,1.198318
1996-02-15,0.024204,0.0,4.751429,1.050474
1996-02-16,2.649433,1.234231,5.073333,1.214992
1996-02-17,1.053547,1.475439,6.016,1.014346
1996-02-18,0.0,0.0,4.673714,0.928196
1996-02-19,0.002405,0.0,6.090286,0.866502
1996-02-20,0.0,0.0,6.272,0.818147
1996-02-21,0.066745,0.142562,6.474286,0.788689
1996-02-22,2.627813,2.417101,5.718286,0.760343
1996-02-23,10.876509,9.07332,5.134095,0.76868
1996-02-24,15.467831,10.989636,4.709905,0.836488
1996-02-25,7.863813,4.6533,4.084952,0.979331
1996-02-26,0.168437,0.0,5.099048,0.908187
1996-02-27,1.177777,0.659722,6.520381,0.85483
1996-02-28,3.9e-05,0.0,6.476381,0.79258
1996-02-29,0.0,0.0,5.448381,0.695314
1996-03-01,0.333761,0.404727,4.044381,0.651961
1996-03-02,7.606289,7.518049,3.94781,0.626394
1996-03-03,32.317137,54.832306,4.175238,0.731441
1996-03-04,96.256252,148.004147,1.729905,3.966233
1996-03-05,181.029795,136.149477,2.034095,105.27914
1996-03-06,51.930951,6.864119,2.568762,22.511262
1996-03-07,6.401611,4.742267,2.285524,10.540308
1996-03-08,1.224044,0.304348,3.661714,6.147772
1996-03-09,0.0,0.0,5.468571,4.380864
1996-03-10,0.0,8.886628,4.082857,3.366518
1996-03-11,18.576464,16.853672,2.203429,2.858511
1996-03-12,85.190398,96.670568,2.74781,4.951677
1996-03-13,69.317969,55.774056,3.714095,10.553648
1996-03-14,10.916323,8.921084,4.20381,14.72942
1996-03-15,4.837917,3.432862,4.319048,9.953933
1996-03-16,0.051611,0.0,4.802095,8.830649
1996-03-17,0.03388,0.0,4.252571,5.924338
1996-03-18,0.003302,0.0,6.281905,4.531488
1996-03-19,0.0,0.0,5.975619,3.74002
1996-03-20,0.001107,0.0,5.862667,3.234236
1996-03-21,0.029652,0.0,6.290476,2.857955
1996-03-22,0.0,0.0,6.142286,2.587278
1996-03-23,0.635915,1.036722,4.894857,2.37885
1996-03-24,0.920818,0.322832,4.318286,2.213776
1996-03-25,2.538506,1.182434,4.672572,2.055927
1996-03-26,3.155108,2.056703,4.029714,1.922534
1996-03-27,3.856421,6.870427,3.840571,1.805814
1996-03-28,8.324429,8.445089,4.14781,1.679646
1996-03-29,4.153279,3.187392,3.916571,1.921978
1996-03-30,2.138966,1.228906,5.402667,1.781915
1996-03-31,3.866477,6.560157,4.604762,1.654635
1996-04-01,2.522277,1.835787,5.794095,1.645186
1996-04-02,0.017262,0.0,5.658857,1.511793
1996-04-03,3.9e-05,0.0,5.155429,1.430645
1996-04-04,1.201786,0.480711,4.207238,1.390627
1996-04-05,10.177734,7.687206,4.000571,1.418417
1996-04-06,14.82264,13.340905,4.82781,2.010351
1996-04-07,20.31931,22.893706,4.416762,1.979782
1996-04-08,6.828192,6.117069,5.09619,1.63407
1996-04-09,0.0,0.0,5.33981,1.495674
1996-04-10,0.000614,0.0,3.633905,1.395074
1996-04-11,0.000164,0.0,4.220191,1.312814
1996-04-12,0.0,0.0,4.988762,1.25501
1996-04-13,13.192809,5.531189,4.702095,1.21666
1996-04-14,1.74191,1.729656,5.248952,1.221106
1996-04-15,1.512327,0.855811,5.235429,1.182756
1996-04-16,1.744743,0.0,5.202667,1.140514
1996-04-17,1.009016,1.31117,4.387238,1.128842
1996-04-18,7.605917,2.706416,4.412571,1.128842
1996-04-19,2.238849,2.460917,3.890095,1.128842
1996-04-20,15.324364,9.058056,2.586286,1.154409
1996-04-21,3.576739,10.185722,5.118857,2.236564
1996-04-22,0.010515,0.0,4.563429,1.308368
1996-04-23,2.110729,1.992121,4.936762,1.162747
1996-04-24,0.078298,0.0,4.767619,1.101052
1996-04-25,0.174038,0.218202,4.682857,1.043804
1996-04-26,1.150394,0.4059,4.573524,1.063257
1996-04-27,0.218557,0.269663,4.990095,1.042692
1996-04-28,2.117148,1.744919,4.818476,1.02046
1996-04-29,9.359799,7.126634,2.268571,1.038246
1996-04-30,1.532933,0.739211,2.689905,1.131621
1996-05-01,3.632574,0.457501,4.370667,1.311147
1996-05-02,0.0,0.0,3.826667,1.179977
1996-05-03,3.9e-05,0.0,4.078476,1.043248
1996-05-04,0.0,0.0,3.303429,1.007121
1996-05-05,11.073162,13.888157,3.326476,0.985444
1996-05-06,3.975299,2.687434,3.690667,1.429534
1996-05-07,1.54771,0.168894,3.555238,1.172751
1996-05-08,6.199706,8.922851,2.350095,1.043804
1996-05-09,26.317035,21.759198,2.919429,1.616284
1996-05-10,7.796903,6.312706,3.013714,1.874178
1996-05-11,11.252682,9.432353,2.851619,1.622954
1996-05-12,6.310268,4.336563,3.046476,1.521797
1996-05-13,3.296548,2.034426,2.982095,1.487337
1996-05-14,0.551931,0.509868,3.894857,1.44454
1996-05-15,0.000309,0.0,4.245333,1.282801
1996-05-16,0.000636,0.088903,3.631429,1.172195
1996-05-17,0.089952,0.0,3.223619,1.114947
1996-05-18,0.021265,0.0,3.944762,1.078264
1996-05-19,0.0,0.0,3.488381,1.042137
1996-05-20,0.000525,0.0,3.44381,1.007121
1996-05-21,0.0,0.0,2.443048,0.972661
1996-05-22,0.0,0.0,2.634476,0.950984
1996-05-23,0.0,0.0,1.973524,0.938201
1996-05-24,0.246576,0.311195,1.512762,0.905408
1996-05-25,7.899135,6.073148,2.688,0.933754
1996-05-26,10.332969,6.981276,1.822095,1.107722
1996-05-27,1.578469,0.859242,2.526857,1.047139
1996-05-28,2.557842,2.449626,2.694286,0.986556
1996-05-29,0.998839,1.314993,3.20381,0.99267
1996-05-30,1.749466,2.463991,3.21619,0.938757
1996-05-31,5.089085,4.054623,2.476,0.905408
1996-06-01,12.910285,11.695575,2.576952,0.884843
1996-06-02,5.787035,5.85118,2.910476,0.909299
1996-06-03,3.613997,2.32091,2.784,0.904852
1996-06-04,12.133177,5.72852,2.648191,0.972105
1996-06-05,4.305967,2.848354,2.305905,1.173863
1996-06-06,3.332872,1.314091,2.767429,1.066036
1996-06-07,2.902186,4.398078,2.525143,1.006565
1996-06-08,3.666789,13.007918,2.628952,0.920415
1996-06-09,20.39354,17.989601,2.192571,1.097717
1996-06-10,15.238997,11.960884,1.863048,2.132628
1996-06-11,2.358006,1.289096,2.626286,1.966442
1996-06-12,3.9e-05,0.0,3.176381,1.577378
1996-06-13,0.052282,0.0,3.268191,1.321707
1996-06-14,0.064005,0.0,2.401333,1.185535
1996-06-15,0.001602,0.0,3.028762,1.101052
1996-06-16,0.0,0.0,3.180762,1.042692
1996-06-17,0.002446,0.0,3.112572,1.02046
1996-06-18,0.0,0.0,3.680762,1.007121
1996-06-19,0.0,0.0,2.973143,0.985444
1996-06-20,0.0,0.0,3.484952,0.972105
1996-06-21,0.008949,0.0,3.390667,0.938757
1996-06-22,0.008949,0.0,3.268952,0.917636
1996-06-23,0.000154,0.0,2.468762,0.904852
1996-06-24,0.000618,0.0,3.300762,0.884843
1996-06-25,0.000331,0.0,3.330095,0.884843
1996-06-26,0.000277,0.0,3.037333,0.87206
1996-06-27,0.0,0.0,3.234857,0.852607
1996-06-28,0.0,0.0,3.781524,0.903185
1996-06-29,0.0,0.0,3.255048,0.845937
1996-06-30,0.000772,0.0,3.690095,0.802584
1996-07-01,0.0,0.0,3.133143,0.802028
1996-07-02,1.124319,2.79117,2.210286,0.784798
1996-07-03,1.801386,4.061624,2.608953,0.764234
1996-07-04,1.931525,1.053295,2.756762,0.799805
1996-07-05,14.563865,9.560731,2.489714,0.895404
1996-07-06,12.891488,14.465646,2.472,1.053809
1996-07-07,9.928962,15.899742,1.497905,1.098829
1996-07-08,14.444583,11.432164,2.698476,1.049362
1996-07-09,0.393849,0.0,3.264762,1.42342
1996-07-10,0.000117,0.0,3.058286,1.014346
1996-07-11,0.0,0.0,3.24,0.884843
1996-07-12,0.000164,0.0,2.805333,0.806475
1996-07-13,0.0,0.0,0.762095,0.772571
1996-07-14,0.0,0.0,1.895429,0.730885
1996-07-15,0.0,0.0,2.348762,0.68253
1996-07-16,0.0,0.0,2.857714,0.64807
1996-07-17,0.0,0.0,3.198286,0.627505
1996-07-18,0.0,0.0,2.97581,0.621947
1996-07-19,0.0,0.0,3.274667,0.621947
1996-07-20,0.0,0.0,2.900571,0.608052
1996-07-21,0.000164,0.0,2.886667,0.584152
1996-07-22,0.0,0.0,2.752571,0.578038
1996-07-23,0.0,0.0,3.231048,0.565811
1996-07-24,0.000125,0.0,3.332762,0.565811
1996-07-25,0.000247,0.0,4.046476,0.565811
1996-07-26,0.000647,0.0,2.892381,0.568034
1996-07-27,0.0,0.0,2.050476,0.592489
1996-07-28,0.0,0.0,2.667238,0.564699
1996-07-29,0.000247,0.0,2.736,0.550248
1996-07-30,0.0,0.0,2.861333,0.512453
1996-07-31,0.006434,0.0,2.414286,0.487442
1996-08-01,0.0,0.0,2.932381,0.487442
1996-08-02,0.0,0.0,3.818667,0.468545
1996-08-03,0.0,0.0,3.600762,0.472991
1996-08-04,0.0,0.0,3.928381,0.464098
1996-08-05,0.000941,0.0,4.220762,0.464654
1996-08-06,0.000958,0.0,3.860952,0.454094
1996-08-07,0.176058,0.162572,3.118095,0.462431
1996-08-08,0.000125,0.0,2.317333,0.454094
1996-08-09,2.324684,4.594386,0.527048,0.456873
1996-08-10,3.9e-05,0.0,1.954667,0.450203
1996-08-11,0.000433,0.0,3.581905,0.429638
1996-08-12,0.304974,0.721872,2.891238,0.420189
1996-08-13,11.646685,13.413434,3.020572,0.549137
1996-08-14,6.604622,7.529894,2.725524,0.753673
1996-08-15,1.261356,1.024165,4.244,0.831486
1996-08-16,0.005344,0.0,4.298667,0.601938
1996-08-17,0.000247,0.0,4.496,0.525793
1996-08-18,0.0,0.0,4.596381,0.506339
1996-08-19,0.005326,0.0,2.498857,0.494112
1996-08-20,0.0,0.0,1.445905,0.469656
1996-08-21,0.0,0.0,2.962476,0.427971
1996-08-22,0.003056,0.0,3.844952,0.410185
1996-08-23,0.255638,0.124258,4.322476,0.41741
1996-08-24,0.014587,0.0,4.942286,0.434085
1996-08-25,0.000164,0.0,4.300381,0.437975
1996-08-26,0.463968,0.86891,4.379619,0.419078
1996-08-27,2.635768,3.834045,3.331048,0.437419
1996-08-28,1.813244,2.982617,3.347048,0.577483
1996-08-29,0.448508,0.444125,4.278286,0.545246
1996-08-30,0.09729,0.134745,4.14381,0.480772
1996-08-31,0.0,0.0,2.952,0.451315
1996-09-01,0.0,0.0,3.441333,0.437975
1996-09-02,0.0,0.0,4.046095,0.432417
1996-09-03,0.0,0.0,4.08381,0.416299
1996-09-04,0.0,0.0,4.156381,0.394067
1996-09-05,0.0,0.0,4.816762,0.364053
1996-09-06,0.0,0.0,4.759619,0.335151
1996-09-07,0.000904,0.0,5.197905,0.329593
1996-09-08,3.9e-05,0.0,5.361714,0.33404
1996-09-09,0.0,0.0,5.087619,0.326814
1996-09-10,0.0,0.0,4.932381,0.320144
1996-09-11,0.0,0.0,4.159048,0.305693
1996-09-12,0.0,0.0,4.299048,0.278459
1996-09-13,0.0,0.0,4.867429,0.264008
1996-09-14,0.0,0.0,3.685524,0.259006
1996-09-15,0.0,0.0,5.576381,0.262896
1996-09-16,0.0,0.0,4.824762,0.255671
1996-09-17,0.0,0.0,4.604381,0.26901
1996-09-18,0.0,0.0,4.796953,0.237329
1996-09-19,0.6466,1.328496,4.686095,0.271789
1996-09-20,0.679036,0.189096,3.809333,0.286796
1996-09-21,3.566819,3.277252,0.282286,0.291798
1996-09-22,0.000368,0.0,3.32,0.239552
1996-09-23,0.005837,0.0,4.925905,0.212318
1996-09-24,0.0,0.0,5.024381,0.215097
1996-09-25,0.0,0.0,5.412,0.213985
1996-09-26,0.0,0.0,5.069333,0.214541
1996-09-27,0.0,0.0,4.464952,0.218432
1996-09-28,0.0,0.0,4.810286,0.223434
1996-09-29,0.092098,0.121208,4.753905,0.239552
1996-09-30,0.017645,0.0,5.248,0.236773
1996-10-01,0.52808,0.095741,4.807238,0.236218
1996-10-02,0.075417,0.0,5.259048,0.227325
1996-10-03,1.409743,1.087757,5.5,0.228992
1996-10-04,0.978119,0.721255,5.721905,0.412964
1996-10-05,0.0,0.0,5.539619,0.306249
1996-10-06,3.9e-05,0.0,5.896,0.269566
1996-10-07,0.0,0.0,5.086286,0.236218
1996-10-08,0.471776,0.151606,4.802286,0.233439
1996-10-09,25.316486,35.360913,2.220381,0.257894
1996-10-10,81.056365,108.048728,4.497905,5.583073
1996-10-11,1.813653,2.277082,3.896571,1.286691
1996-10-12,1.15638,1.010803,4.94381,0.842046
1996-10-13,0.419622,0.558397,5.662095,0.724771
1996-10-14,5.170112,8.388344,4.509714,0.616945
1996-10-15,11.778545,14.338783,4.250476,0.618056
1996-10-16,20.772314,27.391206,5.596952,2.557264
1996-10-17,0.895316,1.510248,5.740572,3.120852
1996-10-18,5.74019,7.431403,5.490095,1.158856
1996-10-19,0.007381,0.0,5.451048,0.971549
1996-10-20,0.020564,0.0,5.699619,0.839823
1996-10-21,3.58064,3.270839,5.286857,0.789245
1996-10-22,8.558791,7.95843,4.572,1.159968
1996-10-23,3.075634,1.776711,4.812191,1.022683
1996-10-24,2.490772,0.894076,4.309714,0.902073
1996-10-25,3.317039,3.926796,4.98381,0.782019
1996-10-26,1.737943,1.733087,5.232381,0.75145
1996-10-27,3.520197,3.589071,5.837524,0.749227
1996-10-28,0.000156,0.0,6.276381,0.710876
1996-10-29,0.000247,0.0,6.376381,0.651961
1996-10-30,0.0,0.0,6.542286,0.60305
1996-10-31,1.7e-05,0.0,6.637143,0.560808
1996-11-01,0.050472,0.0,5.915619,0.54469
1996-11-02,0.558573,1.021413,5.329905,0.565255
1996-11-03,0.341239,0.14678,5.290667,0.553583
1996-11-04,6.368703,7.2723,5.115619,0.549137
1996-11-05,4.502695,7.346259,4.229714,0.607496
1996-11-06,1.716019,2.295573,5.898286,0.629173
1996-11-07,0.016084,0.0,6.530286,0.635842
1996-11-08,0.0,0.0,6.578476,0.543023
1996-11-09,0.0,0.0,6.372952,0.479105
1996-11-10,0.0,0.0,6.562476,0.454649
1996-11-11,0.001551,0.0,6.364762,0.463542
1996-11-12,0.0,0.0,6.180762,0.428527
1996-11-13,0.190541,0.283947,6.447048,0.418522
1996-11-14,2.072907,4.016569,5.828381,0.421301
1996-11-15,0.334395,0.0,6.271238,0.444089
1996-11-16,0.003467,0.0,6.736952,0.391843
1996-11-17,0.077452,0.11206,6.654095,0.373502
1996-11-18,10.670255,7.746487,5.53619,0.377948
1996-11-19,3.560231,0.935952,4.960952,0.393511
1996-11-20,0.0,0.0,4.838857,0.392399
1996-11-21,6.581983,6.493644,4.624952,0.380727
1996-11-22,0.039172,0.008559,5.868952,0.385174
1996-11-23,0.23351,0.130182,5.799048,0.329593
1996-11-24,0.04947,0.168742,6.716,0.330705
1996-11-25,0.005508,0.0,6.335048,0.350158
1996-11-26,0.000872,0.0,6.411619,0.322923
1996-11-27,0.0,0.0,6.112191,0.320144
1996-11-28,0.0,0.0,6.465333,0.292354
1996-11-29,0.0,0.0,6.838095,0.28235
1996-11-30,0.0,0.0,6.867619,0.276236
1996-12-01,0.0,0.0,6.627619,0.295689
1996-12-02,0.018292,0.0,6.719048,0.31014
1996-12-03,0.102122,0.010271,6.790857,0.285684
1996-12-04,0.002684,0.0,6.978476,0.207872
1996-12-05,0.045478,0.0,5.439619,0.187307
1996-12-06,0.001661,0.0,5.221714,0.210095
1996-12-07,0.050936,0.0,5.787619,0.195088
1996-12-08,0.560441,0.0,5.806857,0.203425
1996-12-09,0.044823,0.0,3.94381,0.206204
1996-12-10,6.356988,5.56357,5.193905,0.192309
1996-12-11,0.169206,0.012743,5.709524,0.227881
1996-12-12,0.332519,0.02836,6.956,0.25845
1996-12-13,0.000164,0.0,6.415619,0.322923
1996-12-14,6.428289,11.24592,5.784191,0.236773
1996-12-15,3.277731,2.209466,4.926857,0.25845
1996-12-16,3.062424,3.982817,5.090095,0.35127
1996-12-17,4.468331,4.506802,5.439238,0.492444
1996-12-18,0.0,0.0,6.253905,0.356828
1996-12-19,0.0,0.0,4.096,0.290131
1996-12-20,16.608739,11.245282,4.164572,0.241776
1996-12-21,4.107087,3.613823,4.617905,0.229548
1996-12-22,3.266066,2.820147,3.825905,0.260117
1996-12-23,44.336021,34.784569,3.937333,0.358495
1996-12-24,38.105205,51.702061,4.965905,0.96488
1996-12-25,27.177768,27.910233,4.904191,2.188209
1996-12-26,11.355686,12.320552,5.153905,6.300619
1996-12-27,9.113438,9.093302,5.103048,1.910306
1996-12-28,3.027891,3.955749,6.431429,1.545141
1996-12-29,0.08213,0.14657,6.967619,1.047695
1996-12-30,0.002878,0.0,6.316381,0.856497
1996-12-31,4.8459,3.686645,5.989905,0.726994
1997-01-01,0.177552,0.0,4.956572,0.670858
1997-01-02,25.979959,34.747192,5.180381,0.870948
1997-01-03,13.997584,12.624512,5.760381,2.422203
1997-01-04,31.908129,30.863249,4.597333,1.928092
1997-01-05,19.474144,17.044511,4.243048,2.44388
1997-01-06,8.136856,5.755373,3.618667,2.135407
1997-01-07,4.313903,2.314022,4.950286,1.794142
1997-01-08,0.030735,0.0,6.642286,1.459547
1997-01-09,0.003929,0.0,6.230667,1.240559
1997-01-10,0.016689,0.0,7.004762,1.099385
1997-01-11,0.077156,0.0,5.905333,1.025462
1997-01-12,1.123147,0.65972,5.584952,1.041025
1997-01-13,17.836285,17.964528,6.235619,1.046027
1997-01-14,2.1579,2.358009,4.985905,1.019904
1997-01-15,11.762219,9.784128,5.143619,1.057699
1997-01-16,9.542697,9.229047,5.414095,1.521242
1997-01-17,18.789449,21.148737,5.158095,1.226108
1997-01-18,28.051217,29.285863,5.329524,2.221002
1997-01-19,38.67976,39.408551,4.267048,4.557611
1997-01-20,17.324833,16.243524,4.261333,5.090073
1997-01-21,14.1601,6.769319,4.516381,3.500467
1997-01-22,44.714109,54.406808,2.713524,3.491574
1997-01-23,21.741092,15.148501,5.590476,8.182579
1997-01-24,9.227124,5.212479,6.072762,3.961786
1997-01-25,0.590164,0.15041,5.974476,2.732343
1997-01-26,0.379786,0.003614,6.536191,2.188765
1997-01-27,4.71511,2.331188,5.269333,1.865841
1997-01-28,0.900487,0.899931,6.084381,1.665751
1997-01-29,8.078921,10.539362,4.369333,1.546809
1997-01-30,4.856875,1.7295,3.96,1.49234
1997-01-31,9.978653,10.314076,5.489524,1.861395
1997-02-01,25.448893,20.66197,6.300381,17.830262
1997-02-02,13.903078,7.492157,5.062667,6.479589
1997-02-03,2.679061,1.774024,4.072762,3.687218
1997-02-04,28.888739,27.750255,2.773333,4.701009
1997-02-05,60.009751,45.610012,3.481143,10.062871
1997-02-06,48.496968,52.095563,5.135048,20.226899
1997-02-07,8.302301,9.331742,5.344,13.612805
1997-02-08,51.697775,52.966595,4.365905,8.112547
1997-02-09,21.169085,13.535393,4.59181,10.687597
1997-02-10,19.060536,22.525262,5.713333,15.17073
1997-02-11,10.826081,10.334642,4.809524,14.587133
1997-02-12,10.371168,10.928531,4.558476,12.603461
1997-02-13,0.464606,0.0,5.520381,8.599989
1997-02-14,6.376572,4.981055,4.316,6.985372
1997-02-15,11.982059,19.629892,6.137333,8.574422
1997-02-16,0.032076,0.0,6.528952,6.490149
1997-02-17,7.477085,10.991189,6.625714,5.36742
1997-02-18,4.151259,3.265672,6.874095,4.801054
1997-02-19,0.428802,21.021868,5.960191,4.091845
1997-02-20,15.76793,10.348141,5.468762,4.125194
1997-02-21,4.778707,0.642017,5.400381,4.122414
1997-02-22,2.23987,1.844471,6.044191,4.023481
1997-02-23,0.388393,0.367049,4.37581,3.155868
1997-02-24,0.489524,0.320724,3.034095,2.796261
1997-02-25,0.038188,0.008559,4.868,2.626184
1997-02-26,5.489453,7.509469,4.438857,2.682876
1997-02-27,8.228674,6.745828,5.48019,5.152879
1997-02-28,7.354991,3.688708,2.118286,3.880083
1997-03-01,13.324624,6.81553,3.060762,3.39542
1997-03-02,60.96146,55.676887,2.783238,7.226036
1997-03-03,7.549632,6.014618,1.728952,8.065304
1997-03-04,106.226542,138.908353,2.912381,66.279332
1997-03-05,0.056323,0.025518,4.369714,42.953258
1997-03-06,31.282344,23.673289,2.986095,14.868371
1997-03-07,68.851858,96.178264,5.216762,36.387519
1997-03-08,0.051114,0.046408,2.400191,16.275117
1997-03-09,0.004351,0.0,1.372,11.948721
1997-03-10,0.003272,0.0,1.091238,9.348104
1997-03-11,0.251564,0.218988,2.027238,7.550627
1997-03-12,0.001974,0.0,1.493143,6.419006
1997-03-13,0.000203,0.0,3.583238,5.697569
1997-03-14,0.466721,0.374274,4.452572,5.021709
1997-03-15,1.692433,1.708923,4.609905,4.522595
1997-03-16,0.019241,0.041463,4.962667,4.117968
1997-03-17,0.135644,0.0,4.486286,3.79171
1997-03-18,0.000219,0.0,4.075048,3.472121
1997-03-19,0.012932,0.0,3.498667,3.162537
1997-03-20,0.036425,0.0,2.640952,2.926875
1997-03-21,9.202675,6.657321,2.060191,2.79904
1997-03-22,72.687152,56.532108,1.450095,4.279708
1997-03-23,150.149353,138.783542,1.515238,122.506909
1997-03-24,86.719427,52.820905,3.783238,140.411649
1997-03-25,0.043198,0.077812,5.499429,26.86378
1997-03-26,0.0,0.0,4.926476,16.895396
1997-03-27,0.228222,0.023032,5.242286,13.287103
1997-03-28,1.945065,0.168175,4.689524,11.459056
1997-03-29,1.437158,1.014768,5.283238,9.99006
1997-03-30,7.067334,3.904511,4.042095,8.817865
1997-03-31,11.208795,20.438869,5.444,8.798968
1997-04-01,0.001481,0.0,5.082857,7.435019
1997-04-02,0.009299,0.0,4.949714,6.644663
1997-04-03,0.0,0.0,4.651048,6.106643
1997-04-04,0.229403,0.289086,4.950095,5.669779
1997-04-05,7.298086,8.138828,4.466286,5.455794
1997-04-06,0.044481,0.0,5.442286,5.572513
1997-04-07,0.023694,0.008559,4.598286,4.8533
1997-04-08,0.0,0.0,4.406857,4.376418
1997-04-09,0.00386,0.0,4.888572,3.945112
1997-04-10,22.852236,17.959395,3.824952,3.837842
1997-04-11,12.566391,12.149849,4.982286,7.666235
1997-04-12,5.370551,6.96739,3.712381,4.714348
1997-04-13,1.66896,0.722219,3.048191,4.104629
1997-04-14,13.354314,10.68984,3.698857,3.892867
1997-04-15,3.503557,2.963564,4.739429,3.795045
1997-04-16,0.518973,0.536713,4.028952,3.265361
1997-04-17,6.267141,5.059788,3.648,3.175877
1997-04-18,6.9009,7.459956,4.175238,3.33706
1997-04-19,0.065474,0.003614,5.062286,3.013581
1997-04-20,0.01633,0.0,4.758667,2.710667
1997-04-21,0.0,0.0,4.554095,2.559487
1997-04-22,0.969855,1.346978,4.519619,2.453329
1997-04-23,3.727666,2.421489,3.972,2.424427
1997-04-24,19.013428,13.922984,3.583429,2.455552
1997-04-25,9.898424,5.585085,3.809143,2.886302
1997-04-26,2.017403,0.19081,3.765905,2.516135
1997-04-27,4.372554,1.219008,3.427238,2.267133
1997-04-28,11.167898,11.275975,3.599238,2.180983
1997-04-29,13.897453,11.150621,3.382476,2.146523
1997-04-30,21.603006,18.954625,3.577524,2.406641
1997-05-01,3.746972,5.382399,3.576952,2.159863
1997-05-02,1.210441,0.96664,4.123619,2.012018
1997-05-03,0.521488,0.220089,3.905714,1.945322
1997-05-04,0.029165,0.0,4.366095,1.879181
1997-05-05,5.2e-05,0.0,4.171238,1.797477
1997-05-06,0.0,0.0,2.976762,1.741897
1997-05-07,0.040625,0.088897,3.093524,1.724667
1997-05-08,1.939909,3.539367,4.640381,1.751901
1997-05-09,0.010597,0.0,3.373714,1.6513
1997-05-10,1.165539,2.378184,2.607048,1.659081
1997-05-11,0.0342,0.0,3.225143,1.594052
1997-05-12,0.486486,0.0,3.287048,1.534025
1997-05-13,0.002396,0.0,3.05581,1.507902
1997-05-14,3.015309,1.977857,2.857333,1.478444
1997-05-15,21.072861,20.40854,2.671048,1.534581
1997-05-16,40.758648,33.686452,1.91581,2.822384
1997-05-17,6.525547,7.876133,1.07219,3.924547
1997-05-18,8.027377,7.886174,3.36,2.272691
1997-05-19,0.003774,0.0,3.390476,1.959773
1997-05-20,1.7e-05,0.0,3.816,1.758015
1997-05-21,0.0,0.0,3.110286,1.643519
1997-05-22,0.0,0.0,3.379238,1.608503
1997-05-23,0.0,0.0,3.548762,1.558481
1997-05-24,0.0,0.0,3.612571,1.520686
1997-05-25,0.019795,0.0,2.927238,1.480668
1997-05-26,0.003259,0.0,3.344762,1.436203
1997-05-27,0.002866,0.0,3.116571,1.411748
1997-05-28,0.076263,0.0,2.511619,1.398408
1997-05-29,0.985,0.507534,3.786476,1.407857
1997-05-30,0.000299,0.0,3.871238,1.36506
1997-05-31,0.0,0.0,2.936952,1.334491
1997-06-01,0.0,0.0,2.200952,1.293917
1997-06-02,0.0,0.0,2.119429,1.26168
1997-06-03,1.662731,0.946997,2.278667,1.24445
1997-06-04,9.027829,12.536323,2.545333,1.271685
1997-06-05,1.286563,1.407933,2.658095,1.275019
1997-06-06,4.266882,7.172512,2.705333,1.230555
1997-06-07,1.452753,0.602956,3.14381,1.332267
1997-06-08,0.013849,0.0,3.013333,1.214992
1997-06-09,1.275478,0.877862,2.191619,1.176642
1997-06-10,1.670768,2.612347,2.017333,1.156077
1997-06-11,5.497295,8.161662,2.873333,1.133845
1997-06-12,1.627269,3.530232,2.899619,1.133289
1997-06-13,0.654459,0.323561,1.558095,1.115503
1997-06-14,0.333004,0.108367,2.026286,1.121617
1997-06-15,2.529208,1.66166,2.131048,1.105499
1997-06-16,0.758132,1.791243,2.084952,1.103275
1997-06-17,0.0,0.0,2.084952,1.103275
1997-06-18,0.0,0.0,1.874667,1.038802
1997-06-19,0.879598,0.103791,1.970857,0.987668
1997-06-20,1.739766,0.33143,1.539619,0.964324
1997-06-21,4.020951,5.027943,2.382667,0.973772
1997-06-22,0.149976,0.05672,1.781333,0.944315
1997-06-23,1.266765,0.151954,2.002286,0.94098
1997-06-24,7.783043,8.366584,1.32,0.95154
1997-06-25,5.327535,7.063771,1.348,1.037134
1997-06-26,1.241788,0.815368,1.480571,1.015458
1997-06-27,1.564185,2.29809,1.798857,0.945426
1997-06-28,0.04106,0.041653,1.587238,0.961545
1997-06-29,0.0,0.0,2.158667,0.915413
1997-06-30,0.084531,0.0,2.958667,0.885399
1997-07-01,0.0,0.0,2.296381,0.879285
1997-07-02,0.398836,0.0,2.680381,0.862611
1997-07-03,4.312777,8.956339,1.539238,0.822037
1997-07-04,3.001144,4.085496,1.545524,0.849272
1997-07-05,0.072716,0.0,2.020191,0.862611
1997-07-06,3.410798,3.097872,1.770286,0.8376
1997-07-07,0.000104,0.0,2.912572,0.870948
1997-07-08,0.005216,0.0,3.468381,0.815923
1997-07-09,0.0,0.0,3.408952,0.757564
1997-07-10,0.43848,0.137622,2.4,0.711988
1997-07-11,0.481125,0.449668,1.42381,0.711988
1997-07-12,6.65051,6.331149,1.761714,0.711988
1997-07-13,4.026003,3.987777,1.912,0.780352
1997-07-14,0.792232,0.936296,2.844381,0.753117
1997-07-15,0.128614,0.123305,2.356,0.743669
1997-07-16,0.0,0.0,3.070286,0.705318
1997-07-17,0.0,0.0,3.668952,0.719769
1997-07-18,0.046496,0.003614,1.109905,0.70643
1997-07-19,0.000482,0.0,2.393905,0.694758
1997-07-20,0.586345,0.287193,1.519048,0.690867
1997-07-21,0.976129,1.811584,1.76819,0.661409
1997-07-22,2.144208,1.241262,1.937905,0.638066
1997-07-23,0.196882,0.101794,1.879619,0.63751
1997-07-24,3.59237,2.80949,1.233524,0.638621
1997-07-25,13.841291,15.751562,2.132,0.701983
1997-07-26,6.196477,7.332164,2.933143,0.867613
1997-07-27,0.977057,0.0,3.751238,0.730885
1997-07-28,0.03918,0.0,3.944,0.663077
1997-07-29,0.000984,0.0,3.701524,0.627505
1997-07-30,0.000984,0.0,3.690095,0.622503
1997-07-31,0.163612,0.210417,3.558667,0.62028
1997-08-01,0.0,0.0,3.378857,0.601382
1997-08-02,1.387349,2.77423,1.967619,0.591378
1997-08-03,6.914769,9.258403,1.904,0.636398
1997-08-04,1.817747,1.305079,2.844381,0.677528
1997-08-05,1.215517,1.794223,3.385333,0.648626
1997-08-06,0.257662,0.052744,3.539048,0.606385
1997-08-07,0.017026,0.0,3.866476,0.566922
1997-08-08,0.0,0.0,3.992,0.567478
1997-08-09,0.037407,0.0,3.400952,0.567478
1997-08-10,0.013901,0.0,4.131429,0.563587
1997-08-11,0.0,0.0,4.044,0.54469
1997-08-12,0.0,0.0,4.107048,0.519123
1997-08-13,0.0,0.0,3.382667,0.548025
1997-08-14,0.761542,0.0,3.433333,0.529683
1997-08-15,6.987173,8.600368,2.210095,0.547469
1997-08-16,1.274913,2.173468,3.671048,0.785354
1997-08-17,0.787827,0.0,2.803048,0.612498
1997-08-18,0.0,0.0,3.214857,0.582485
1997-08-19,0.154652,0.204895,3.68381,0.549137
1997-08-20,2.746133,4.599629,2.743619,0.541911
1997-08-21,2.789317,2.49633,3.746667,0.62417
1997-08-22,0.0617,0.261487,4.101333,0.590266
1997-08-23,0.00183,0.0,3.744,0.550804
1997-08-24,0.0,0.0,4.135048,0.543578
1997-08-25,0.000247,0.0,0.292762,0.543023
1997-08-26,0.0,0.0,2.050476,0.481884
1997-08-27,0.0,0.0,4.133714,0.460763
1997-08-28,0.0,0.0,4.091238,0.472991
1997-08-29,0.0,0.0,4.375048,0.467989
1997-08-30,4.747852,4.226823,2.888762,0.491333
1997-08-31,27.761406,35.810601,1.889905,0.687532
1997-09-01,22.206775,21.783954,3.177333,5.62198
1997-09-02,3.247517,2.564501,3.883429,2.454996
1997-09-03,0.112777,0.170589,4.715619,1.292249
1997-09-04,0.211198,0.0,4.510667,1.023795
1997-09-05,0.010166,0.0,4.976381,0.915413
1997-09-06,0.0,0.0,5.104,0.833709
1997-09-07,0.0,0.0,4.411619,0.77924
1997-09-08,0.0,0.0,5.175619,0.718102
1997-09-09,0.0,0.0,4.494476,0.703095
1997-09-10,0.003743,0.0,5.335429,0.645291
1997-09-11,0.0,0.0,4.99981,0.638066
1997-09-12,0.0,0.0,4.283619,0.638621
1997-09-13,2.898795,3.422217,3.111619,0.646958
1997-09-14,1.981765,1.580549,3.476952,0.656963
1997-09-15,5.190487,6.292713,3.772952,0.649737
1997-09-16,4.938614,3.411384,3.995048,0.690867
1997-09-17,0.876895,1.308908,4.730286,0.800917
1997-09-18,0.09199,0.0,5.084572,0.648626
1997-09-19,0.100837,0.228356,5.272572,0.60694
1997-09-20,0.0,0.0,5.14381,0.608052
1997-09-21,0.0,0.0,5.497714,0.586376
1997-09-22,0.003743,0.0,4.925714,0.566922
1997-09-23,0.0,0.0,5.597524,0.543023
1997-09-24,0.0,0.0,5.024,0.500781
1997-09-25,0.0,0.0,5.600953,0.560808
1997-09-26,0.0,0.0,5.156381,0.528016
1997-09-27,0.003088,0.0,5.598857,0.52746
1997-09-28,0.0,0.0,5.787238,0.498558
1997-09-29,0.0,0.0,6.181714,0.477438
1997-09-30,0.000597,0.0,5.194095,0.448536
1997-10-01,0.087574,0.003994,3.149714,0.423524
1997-10-02,2.669965,2.270616,3.843619,0.485775
1997-10-03,1.509142,2.192308,4.989524,0.70643
1997-10-04,0.0,0.0,4.623619,0.60694
1997-10-05,0.169862,0.0,4.096381,0.564699
1997-10-06,0.0,0.0,5.500953,0.564143
1997-10-07,0.0,0.0,5.385524,0.513009
1997-10-08,0.001825,0.0,5.235048,0.478549
1997-10-09,0.001062,0.0,6.027619,0.453538
1997-10-10,0.000203,0.0,6.268953,0.438531
1997-10-11,0.0,0.0,5.921143,0.401292
1997-10-12,0.0,0.0,5.968953,0.433529
1997-10-13,0.0,0.0,5.512952,0.391843
1997-10-14,0.0,0.0,5.238095,0.3685
1997-10-15,0.0,0.0,5.719238,0.352937
1997-10-16,0.0,0.0,5.815238,0.361274
1997-10-17,0.0,0.0,5.931429,0.360162
1997-10-18,0.0,0.0,5.796953,0.330705
1997-10-19,0.0,0.0,6.075048,0.321256
1997-10-20,0.0,0.0,5.482286,0.33126
1997-10-21,0.642645,0.0,4.674476,0.31681
1997-10-22,2.378624,2.530835,4.037524,0.343488
1997-10-23,0.319881,0.772131,4.167238,0.419078
1997-10-24,0.224051,0.016557,5.162667,0.370167
1997-10-25,0.788573,0.169415,5.344,0.3685
1997-10-26,0.668417,0.426471,5.166095,0.352937
1997-10-27,2.426388,5.473881,5.092762,0.360162
1997-10-28,0.005709,0.0,5.34,0.376281
1997-10-29,0.0,0.0,5.886476,0.328481
1997-10-30,0.0,0.0,6.017333,0.304582
1997-10-31,0.0,0.0,5.690095,0.299024
1997-11-01,0.003804,0.0,5.574286,0.291798
1997-11-02,0.017148,0.0,5.492571,0.284573
1997-11-03,0.033382,0.0,5.529334,0.279015
1997-11-04,0.115485,0.010271,5.141524,0.266231
1997-11-05,0.00377,0.0,5.731429,0.25845
1997-11-06,0.00053,0.0,4.770667,0.259006
1997-11-07,0.001659,0.0,5.963619,0.260673
1997-11-08,0.858397,0.0,5.165143,0.280126
1997-11-09,12.159254,12.38934,5.865905,0.321812
1997-11-10,0.118566,0.0,4.615429,0.447424
1997-11-11,0.005372,0.0,4.588762,0.290131
1997-11-12,0.002879,0.0,6.163619,0.257894
1997-11-13,0.066516,0.125406,5.936952,0.252336
1997-11-14,0.268542,0.266232,4.948,0.24122
1997-11-15,3.354328,3.698015,5.652572,0.567478
1997-11-16,0.005621,0.0,5.496191,0.480217
1997-11-17,0.000822,0.0,5.371048,0.340153
1997-11-18,0.000977,0.0,5.838476,0.297912
1997-11-19,0.035104,0.0,5.936572,0.260673
1997-11-20,0.065102,0.0,4.603429,0.247334
1997-11-21,3.532831,3.128545,5.456762,0.245666
1997-11-22,1.453162,1.028535,5.792762,0.246222
1997-11-23,8.91968,9.432674,4.902286,0.246778
1997-11-24,2.751289,3.835218,5.115429,0.296801
1997-11-25,8.395616,12.746986,3.067429,0.294021
1997-11-26,6.663129,8.2689,5.273524,0.583596
1997-11-27,2.822232,3.090783,4.906476,0.623059
1997-11-28,0.032368,0.051992,6.182857,0.437419
1997-11-29,0.021293,0.0,6.330095,0.322923
1997-11-30,0.111507,0.0,5.691238,0.290687
1997-12-01,0.015558,0.0,6.902667,0.266787
1997-12-02,0.019587,0.010271,6.432762,0.245111
1997-12-03,0.0,0.0,6.124572,0.221211
1997-12-04,0.0,0.0,6.588952,0.216209
1997-12-05,0.0,0.0,6.022476,0.216209
1997-12-06,0.0,0.0,6.420762,0.201758
1997-12-07,0.0,0.0,6.056572,0.190086
1997-12-08,0.004312,0.0,6.216762,0.192309
1997-12-09,0.0,0.0,5.777333,0.190642
1997-12-10,0.0,0.0,6.167429,0.17897
1997-12-11,0.00976,0.0,5.148381,0.186751
1997-12-12,0.336953,0.409317,5.216381,0.1723
1997-12-13,5.00971,0.116183,4.286476,0.18286
1997-12-14,1.902803,0.054288,2.928952,0.334595
1997-12-15,41.181821,55.084362,4.926095,1.222218
1997-12-16,5.126334,4.046679,6.276191,0.695314
1997-12-17,3.917522,5.021071,5.201524,0.408518
1997-12-18,8.430389,7.240001,6.019048,0.370167
1997-12-19,0.004725,9.275197,5.715048,0.444089
1997-12-20,0.872706,0.145807,6.114667,0.346267
1997-12-21,5.670751,5.541834,4.176191,0.29291
1997-12-22,43.286644,36.600347,2.082476,1.839718
1997-12-23,25.832786,49.176854,2.522667,2.15764
1997-12-24,3.676622,3.725837,3.357714,1.26168
1997-12-25,2.479847,0.0,3.167238,0.768124
1997-12-26,2.440874,3.240319,2.472952,0.626949
1997-12-27,3.480307,1.363144,2.969143,0.562476
1997-12-28,47.917013,47.174218,2.24819,3.049153
1997-12-29,38.515673,37.9363,2.444381,3.926771
1997-12-30,97.250846,78.292504,2.754667,26.606998
1997-12-31,19.464336,15.254808,2.070286,10.761519
1998-01-01,18.009708,18.797691,2.817524,6.340637
1998-01-02,37.28282,38.77307,1.896952,4.591515
1998-01-03,6.869457,5.059247,2.364952,6.617984
1998-01-04,2.60952,2.188698,4.618857,3.965677
1998-01-05,3.004727,2.946261,1.854667,2.724562
1998-01-06,21.252156,27.456687,3.851238,3.573834
1998-01-07,13.07407,17.210446,4.882667,3.364295
1998-01-08,67.266079,71.369057,2.724381,3.176432
1998-01-09,109.231882,106.522063,2.311048,79.4914
1998-01-10,207.730002,170.072663,2.841905,188.300466
1998-01-11,18.047063,14.39445,5.007048,76.817973
1998-01-12,12.957294,14.916322,5.349714,21.966016
1998-01-13,48.183661,47.942231,3.449524,27.462939
1998-01-14,27.178849,27.419179,3.058286,38.541824
1998-01-15,30.490627,35.652164,6.475429,50.074247
1998-01-16,2.358583,1.559191,4.279619,22.407882
1998-01-17,46.009827,35.010612,3.231429,16.177295
1998-01-18,28.272533,26.838071,4.278095,18.275463
1998-01-19,19.748359,17.77975,5.296191,18.055364
1998-01-20,0.208797,0.016737,6.819048,13.98186
1998-01-21,0.083296,0.0,6.445714,11.5063
1998-01-22,0.188493,0.0,6.636572,9.754399
1998-01-23,0.012775,0.0,6.221524,8.257057
1998-01-24,0.0,0.0,6.674667,7.116542
1998-01-25,0.002281,0.074557,6.284381,6.545729
1998-01-26,0.908824,0.972146,6.780191,6.009376
1998-01-27,59.080696,53.498989,5.404,9.777742
1998-01-28,9.52604,9.387396,5.235429,8.555525
1998-01-29,0.106914,0.0,7.234667,6.298951
1998-01-30,0.076808,0.0,7.170667,5.551392
1998-01-31,0.032777,0.0,7.356381,5.071176
1998-02-01,0.024686,0.0,7.233524,4.641537
1998-02-02,0.0,0.0,6.856381,4.285821
1998-02-03,0.006598,0.0,7.340762,3.845623
1998-02-04,0.007439,0.0,6.943048,3.466563
1998-02-05,0.014702,0.0,6.612381,3.127521
1998-02-06,0.052463,0.0,5.454095,2.968561
1998-02-07,2.056955,1.06357,6.089714,3.189772
1998-02-08,1.859077,2.258269,6.676762,3.517697
1998-02-09,0.131469,0.0,6.275429,2.974675
1998-02-10,0.092249,0.099854,6.015429,2.793482
1998-02-11,0.0,0.0,6.679048,2.742348
1998-02-12,0.04505,0.0,6.681905,2.64397
1998-02-13,1.309645,1.863216,5.942095,2.563378
1998-02-14,0.792719,0.003994,6.183619,2.52336
1998-02-15,11.283828,10.890027,5.248191,2.517246
1998-02-16,4.493255,2.161817,5.868191,3.015804
1998-02-17,29.560454,20.757115,4.852191,2.829053
1998-02-18,0.227188,0.0,5.741714,2.676207
1998-02-19,2.048895,1.624906,5.590667,2.740124
1998-02-20,4.317046,3.475939,6.239048,3.374299
1998-02-21,0.002089,0.0,5.504762,2.631742
1998-02-22,1.870402,1.348273,3.909714,2.631742
1998-02-23,6.902744,7.749107,4.004572,3.254245
1998-02-24,5.282236,3.249629,4.452762,2.999686
1998-02-25,66.116509,67.02415,2.145333,10.081768
1998-02-26,42.658313,45.845883,1.618095,29.960177
1998-02-27,27.517057,35.557659,1.97581,39.82796
1998-02-28,7.171726,6.013065,2.88381,16.144502
1998-03-01,25.188659,28.604513,2.206286,13.594463
1998-03-02,18.78106,16.719765,1.946667,11.4585
1998-03-03,11.230991,5.992539,2.292191,10.016183
1998-03-04,32.320277,31.602844,2.0,9.858334
1998-03-05,29.448579,22.043378,2.106667,15.471421
1998-03-06,14.922716,8.415029,5.092952,15.476979
1998-03-07,0.82931,0.186428,5.822476,12.65793
1998-03-08,0.009116,0.0,6.566667,10.242952
1998-03-09,0.295552,0.280353,6.715048,8.449921
1998-03-10,0.02194,0.0,6.021905,7.159895
1998-03-11,0.618051,1.099202,4.995429,6.337302
1998-03-12,3.558707,3.391591,4.545333,5.797059
1998-03-13,17.744621,24.612697,4.128,5.439119
1998-03-14,5.141695,4.936734,6.235048,4.982802
1998-03-15,0.001789,0.0,6.235048,4.57762
1998-03-16,0.003181,0.0,6.108572,4.396983
1998-03-17,0.029157,0.0,5.222667,4.248582
1998-03-18,12.235861,14.01495,4.589714,4.028483
1998-03-19,12.468237,11.637493,3.981905,4.741583
1998-03-20,2.64002,3.516574,4.088381,3.958452
1998-03-21,7.206376,7.953264,4.058667,4.196337
1998-03-22,3.742586,5.18191,3.912952,3.631082
1998-03-23,5.3596,8.953316,4.290476,3.651647
1998-03-24,5.120824,5.322454,4.712572,3.609961
1998-03-25,0.062202,0.0,5.575048,3.373188
1998-03-26,0.876639,0.0,5.965333,3.333725
1998-03-27,0.004771,0.0,5.459048,3.365962
1998-03-28,0.0,0.0,5.826286,3.208669
1998-03-29,0.0,0.0,5.65581,3.110291
1998-03-30,0.007561,0.0,5.574667,3.074164
1998-03-31,9.500104,18.513843,5.065714,3.026365
1998-04-01,6.52715,5.383772,5.475429,3.039704
1998-04-02,5.42641,5.535565,3.443429,3.060269
1998-04-03,29.51907,33.237256,3.979048,6.175563
1998-04-04,15.47816,21.023218,4.176953,4.111298
1998-04-05,1.915491,4.595343,3.510095,3.534927
1998-04-06,8.201771,9.793098,3.853333,3.176988
1998-04-07,9.80149,8.963207,3.810667,3.180323
1998-04-08,20.871708,18.562452,4.462095,4.579843
1998-04-09,6.762623,5.872903,5.318476,4.693227
1998-04-10,0.226624,0.0,5.540191,3.797268
1998-04-11,1.67165,0.0,5.190095,3.422654
1998-04-12,0.003549,0.0,4.811429,3.212004
1998-04-13,0.790802,0.587561,3.254857,3.082501
1998-04-14,12.602831,8.974761,5.134095,3.731127
1998-04-15,3.582145,1.075784,4.751238,3.222008
1998-04-16,3.946817,8.042996,4.790667,3.007467
1998-04-17,0.056855,0.0,5.244,2.945217
1998-04-18,1.4455,0.545442,4.093714,2.8335
1998-04-19,11.536503,12.97656,3.847429,3.004132
1998-04-20,5.736304,8.552848,3.382286,3.12641
1998-04-21,2.305078,3.192756,3.663429,3.364295
1998-04-22,1.131358,1.419568,3.740381,3.108068
1998-04-23,5.691045,1.868502,2.989524,2.97134
1998-04-24,0.241797,0.023014,4.044,2.790703
1998-04-25,0.333633,0.0,4.271429,2.632298
1998-04-26,8.222305,10.010256,4.103238,2.542257
1998-04-27,12.95832,20.328762,4.116952,2.527251
1998-04-28,11.53178,7.713312,4.085333,2.631742
1998-04-29,1.469418,1.327009,4.612,3.893422
1998-04-30,0.017217,0.0,4.563429,3.111403
1998-05-01,7.21234,12.904729,3.763429,2.827386
1998-05-02,16.922723,19.903382,3.379048,3.23368
1998-05-03,6.313469,7.105496,3.207429,3.327612
1998-05-04,17.576462,19.442977,2.343048,3.195886
1998-05-05,27.423839,15.809068,3.968381,4.520372
1998-05-06,0.012167,0.0,2.953333,4.189111
1998-05-07,0.627612,0.55155,2.553905,3.400422
1998-05-08,1.072852,0.008559,2.298286,3.158647
1998-05-09,3.271295,11.58437,2.684,3.019695
1998-05-10,0.648616,1.94126,3.896571,2.890192
1998-05-11,0.228566,0.0,3.903619,2.769026
1998-05-12,3.465368,4.103394,3.824,2.669537
1998-05-13,8.404635,9.88761,2.801333,2.744571
1998-05-14,6.074689,8.412333,1.705143,2.766803
1998-05-15,66.46503,67.624923,2.918857,4.707678
1998-05-16,6.091786,8.533451,3.355048,4.747696
1998-05-17,1.034079,1.049289,2.991429,3.669432
1998-05-18,1.051775,0.379223,3.287619,3.366518
1998-05-19,1.201051,0.168332,3.372381,3.186437
1998-05-20,0.001765,0.0,3.401333,3.015249
1998-05-21,0.000938,0.0,3.512,2.839058
1998-05-22,0.0,0.0,3.098286,2.72345
1998-05-23,0.0,0.0,3.400381,2.577829
1998-05-24,0.005348,0.0,3.384571,2.454996
1998-05-25,0.02766,0.0,3.185143,2.363844
1998-05-26,0.012863,0.0,1.842667,2.242122
1998-05-27,0.000247,0.0,1.199619,2.121512
1998-05-28,1.483019,1.761691,1.045524,2.079271
1998-05-29,8.156786,13.754071,1.815619,2.095945
1998-05-30,17.277736,25.489269,2.266857,2.27825
1998-05-31,17.916202,20.424109,2.913333,2.740124
1998-06-01,24.929926,40.133474,2.695048,3.464896
1998-06-02,8.473945,15.824874,2.602857,5.260706
1998-06-03,0.011674,0.0,3.859048,3.519365
1998-06-04,0.019885,0.0,3.434286,2.99524
1998-06-05,0.000125,0.0,3.183238,2.790703
1998-06-06,0.000889,0.0,4.140381,2.626184
1998-06-07,0.000924,0.0,3.158667,2.483898
1998-06-08,0.000125,0.0,3.598286,2.3644
1998-06-09,0.052292,0.211954,3.501714,2.29937
1998-06-10,0.0,0.0,3.531619,2.189321
1998-06-11,0.0,0.0,3.019048,2.104838
1998-06-12,0.000125,0.0,3.3,2.038697
1998-06-13,0.000125,0.0,3.249905,1.998123
1998-06-14,0.0,0.0,3.449714,1.943654
1998-06-15,0.025407,0.0,2.728571,1.895855
1998-06-16,0.000125,0.0,3.402095,1.880848
1998-06-17,0.0,0.0,2.527238,1.843053
1998-06-18,0.001981,0.0,1.931048,1.791363
1998-06-19,0.058717,0.0,1.602286,1.746899
1998-06-20,3.802599,9.333906,2.662476,1.746343
1998-06-21,11.668709,11.193664,2.675619,1.776912
1998-06-22,10.541473,16.412303,3.088762,2.322158
1998-06-23,0.216568,0.458437,1.193143,2.344946
1998-06-24,0.106897,0.0,0.423619,1.804703
1998-06-25,0.510108,0.589289,1.016381,1.704102
1998-06-26,0.052108,0.223021,1.182476,1.634626
1998-06-27,0.009976,0.0,2.148571,1.558481
1998-06-28,0.000164,0.0,2.838857,1.53736
1998-06-29,0.020024,0.0,3.473524,1.511793
1998-06-30,4.215022,2.813876,2.78019,1.471775
1998-07-01,0.011842,0.0,0.988381,1.447319
1998-07-02,0.0,0.0,1.677333,1.384513
1998-07-03,0.055543,0.189456,2.026667,1.346718
1998-07-04,3.102766,2.33959,1.936762,1.346163
1998-07-05,6.848566,7.626768,1.781524,1.346163
1998-07-06,1.887599,3.984884,2.756191,1.46844
1998-07-07,0.625794,0.0,3.720381,1.416194
1998-07-08,0.006559,0.0,3.564762,1.353944
1998-07-09,0.000164,0.0,3.002286,1.293917
1998-07-10,1.444567,1.478213,2.173905,1.246673
1998-07-11,1.463761,0.987199,0.628571,1.228332
1998-07-12,24.316922,21.616481,1.93181,1.273908
1998-07-13,0.168413,0.015596,2.839619,1.397853
1998-07-14,0.002729,0.0,3.593714,1.265015
1998-07-15,0.0,0.0,3.922286,1.207211
1998-07-16,0.027885,0.0,3.921714,1.172751
1998-07-17,0.178026,0.313543,3.055048,1.151075
1998-07-18,0.713359,0.316346,3.116,1.118282
1998-07-19,1.861243,1.940946,2.946667,1.117726
1998-07-20,2.942294,1.842438,3.416,1.191648
1998-07-21,1.023177,1.395547,3.502476,1.206655
1998-07-22,1.382435,1.38604,2.576762,1.15163
1998-07-23,1.329133,1.870609,2.772,1.100496
1998-07-24,6.146215,10.115762,2.423238,1.604057
1998-07-25,5.263216,13.635745,2.457333,1.38896
1998-07-26,9.881239,15.80987,3.716,1.453433
1998-07-27,1.024148,0.79824,4.175429,1.384513
1998-07-28,0.751174,0.0,3.989905,1.301142
1998-07-29,0.002658,0.0,3.392381,1.207767
1998-07-30,0.0,0.0,0.468571,1.152186
1998-07-31,0.0,0.0,1.527238,1.098273
1998-08-01,0.004851,0.0,1.538286,1.046583
1998-08-02,0.0,0.0,3.150095,1.015458
1998-08-03,1.25635,1.643971,3.144762,0.996005
1998-08-04,2.677083,4.549857,3.018667,0.945426
1998-08-05,2.379129,1.319444,3.592762,1.105499
1998-08-06,0.006109,0.0,4.354857,1.098273
1998-08-07,0.00553,0.0,4.206857,1.046583
1998-08-08,0.004531,0.0,2.896952,0.99656
1998-08-09,0.007383,0.0,3.294476,0.957098
1998-08-10,0.004541,0.0,3.673714,0.933199
1998-08-11,0.0,0.0,4.136762,0.909855
1998-08-12,0.012746,0.0,3.608762,0.887067
1998-08-13,4.033402,6.428886,2.98,0.886511
1998-08-14,2.235294,2.708925,3.122476,1.171639
1998-08-15,0.892563,0.78664,3.161333,1.109945
1998-08-16,0.01795,0.0,4.274667,0.987668
1998-08-17,0.003384,0.0,4.675048,0.933754
1998-08-18,0.000685,0.0,4.580953,0.91319
1998-08-19,0.001397,0.0,4.264,0.914301
1998-08-20,0.104537,0.035757,3.54,0.941536
1998-08-21,0.58439,0.290232,3.591429,0.942091
1998-08-22,2.56543,3.047756,4.321524,0.950984
1998-08-23,0.102087,0.0,3.580381,0.956542
1998-08-24,0.417433,0.254086,4.249143,0.942091
1998-08-25,0.264293,0.664124,4.208953,0.933199
1998-08-26,0.55151,0.131571,4.078667,0.918748
1998-08-27,1.666873,1.802048,4.576381,0.949317
1998-08-28,0.173289,0.040537,1.632381,0.979886
1998-08-29,4.364483,2.254383,3.405333,0.910966
1998-08-30,10.003977,13.675558,3.000381,0.986
1998-08-31,81.888945,68.907578,2.896952,1.337825
1998-09-01,25.20902,23.912502,2.362286,2.129849
1998-09-02,8.601058,10.915567,3.963048,1.711883
1998-09-03,2.832939,2.397281,4.472,1.296696
1998-09-04,6.0509,10.282051,4.530095,1.453433
1998-09-05,0.009801,0.0,4.323619,1.959217
1998-09-06,0.002305,0.0,5.590095,1.271685
1998-09-07,0.135859,0.016737,4.071429,1.103831
1998-09-08,10.558545,10.96172,3.593524,1.047695
1998-09-09,65.857204,54.082595,2.934476,8.439917
1998-09-10,58.426388,69.167003,3.327619,19.885634
1998-09-11,2.30263,2.228343,4.748762,7.894671
1998-09-12,0.063698,0.0,4.966476,4.237466
1998-09-13,0.046267,0.0,5.402667,3.260359
1998-09-14,0.005208,0.0,5.61181,2.824607
1998-09-15,0.0,0.0,4.865333,2.444991
1998-09-16,0.211882,0.0,2.056,2.127626
1998-09-17,0.0,0.0,4.798667,1.930315
1998-09-18,0.128415,0.188321,4.63581,1.815263
1998-09-19,3.043754,6.267798,4.101143,1.733559
1998-09-20,11.514102,19.264529,2.692762,1.710771
1998-09-21,17.286551,19.202045,3.912572,2.053704
1998-09-22,11.64173,14.040134,4.570095,2.468891
1998-09-23,3.044628,3.923227,4.775619,2.221557
1998-09-24,1.94612,1.921898,4.832381,1.887518
1998-09-25,0.040517,0.0,5.35981,1.742452
1998-09-26,3.652318,7.721457,5.002857,1.665751
1998-09-27,1.386629,2.299385,5.744,1.602945
1998-09-28,0.235947,0.346647,5.566667,1.553478
1998-09-29,2.358765,4.38053,4.481143,1.469552
1998-09-30,6.10144,6.998442,3.403619,1.631847
1998-10-01,0.938806,1.206629,2.977333,2.504463
1998-10-02,6.92877,9.030585,4.810286,1.791363
1998-10-03,4.124351,3.553903,4.282286,2.024802
1998-10-04,2.407561,3.864705,5.328381,1.721332
1998-10-05,0.05986,0.0,5.768952,1.621842
1998-10-06,0.027342,0.0,5.663429,1.512904
1998-10-07,0.276239,0.198776,5.47581,1.447875
1998-10-08,9.037824,6.915172,5.385524,1.384513
1998-10-09,0.148789,0.025296,5.285143,1.335046
1998-10-10,0.568741,0.0,5.889714,1.305033
1998-10-11,0.125774,0.0,6.116762,1.286691
1998-10-12,0.965327,1.209884,4.998667,1.275019
1998-10-13,0.331637,0.0,3.875619,1.246673
1998-10-14,6.756088,3.492721,6.865905,1.228332
1998-10-15,0.001665,0.0,5.596,1.228332
1998-10-16,0.290765,0.477493,4.883429,1.217216
1998-10-17,11.029064,15.699911,4.420381,1.223885
1998-10-18,16.244314,24.804184,5.10381,1.70299
1998-10-19,0.0,0.0,5.989333,1.286136
1998-10-20,0.019433,0.0,5.926667,1.162747
1998-10-21,0.011254,0.0,4.625333,1.134956
1998-10-22,11.975093,12.754626,3.685333,1.124396
1998-10-23,24.463663,25.811938,5.101714,2.697883
1998-10-24,2.982597,3.182611,5.449143,1.984228
1998-10-25,1.087632,1.411764,5.587429,1.625177
1998-10-26,0.107106,0.0,5.841333,1.476221
1998-10-27,0.194425,0.010271,5.802667,1.32004
1998-10-28,21.33295,14.330438,4.866667,1.229443
1998-10-29,0.657281,0.0,6.416762,1.206655
1998-10-30,8.769356,7.091543,5.411238,1.183867
1998-10-31,6.139955,2.952912,4.248,1.535692
1998-11-01,8.600236,5.609489,3.490857,1.257789
1998-11-02,41.525389,32.66317,4.863619,1.962552
1998-11-03,6.392318,3.754228,5.427429,1.705769
1998-11-04,2.25276,2.468535,4.879429,1.437315
1998-11-05,4.547068,2.937063,4.371238,1.350609
1998-11-06,7.597307,6.057326,3.895048,1.67909
1998-11-07,4.261849,5.124699,3.977905,1.556257
1998-11-08,2.078516,2.86262,4.646286,1.562371
1998-11-09,0.204833,0.113229,5.122095,1.548476
1998-11-10,9.693482,9.177427,3.185143,1.522909
1998-11-11,11.665625,11.698039,3.456381,2.700106
1998-11-12,4.628525,4.289626,2.451619,2.836835
1998-11-13,6.812174,2.012867,3.627238,2.426094
1998-11-14,5.348116,4.403578,6.347429,2.553929
1998-11-15,0.01744,0.0,6.615048,2.339944
1998-11-16,0.0,0.0,7.201333,1.753013
1998-11-17,0.146293,0.0,6.832381,1.49623
1998-11-18,5.052993,3.355609,5.665143,1.361725
1998-11-19,7.325314,4.885828,6.047048,1.335602
1998-11-20,3.713244,2.084269,4.113143,1.543474
1998-11-21,24.392214,12.006827,4.367238,1.788028
1998-11-22,9.098119,8.335219,5.348381,1.773578
1998-11-23,19.528283,16.858618,6.845333,1.618508
1998-11-24,0.007997,0.0,6.206095,1.486782
1998-11-25,7.083999,7.304887,5.272572,1.494563
1998-11-26,0.927245,0.188162,5.434476,1.400632
1998-11-27,0.977824,0.017139,5.939429,1.419529
1998-11-28,6.67659,5.349602,4.888952,1.721332
1998-11-29,0.036799,0.216719,4.632572,2.25435
1998-11-30,5.397001,2.4089,4.836953,1.945322
1998-12-01,10.399518,6.535546,4.60019,1.675756
1998-12-02,10.225381,21.858577,5.135429,1.700767
1998-12-03,9.070632,11.166233,5.896572,3.220897
1998-12-04,0.094807,0.0,5.530286,2.029248
1998-12-05,0.0,0.0,5.822286,1.458991
1998-12-06,0.0,0.0,6.109905,1.222218
1998-12-07,0.0,0.0,6.663429,1.120505
1998-12-08,0.000326,0.0,6.278667,1.078264
1998-12-09,0.719864,0.493863,3.658095,1.083822
1998-12-10,14.404628,15.476721,2.007238,1.148296
1998-12-11,73.027314,79.830402,1.974857,2.523916
1998-12-12,13.193051,10.716151,2.718667,3.97457
1998-12-13,30.353384,47.523763,4.522476,3.394864
1998-12-14,10.196194,8.439526,6.078857,3.984019
1998-12-15,8.478402,13.783608,6.632762,4.135754
1998-12-16,0.017729,0.0,7.114286,3.294819
1998-12-17,0.244468,0.411765,7.102857,2.563934
1998-12-18,0.0,0.0,7.281714,2.182095
1998-12-19,0.115787,0.0,6.261333,1.903636
1998-12-20,0.248235,0.347756,6.646857,1.955882
1998-12-21,14.305242,21.761486,4.093333,1.949768
1998-12-22,16.608837,7.812458,1.462286,2.18543
1998-12-23,2.549172,2.492128,5.810667,2.128182
1998-12-24,0.008508,0.0,6.908381,1.825268
1998-12-25,0.0,0.0,6.929334,1.575155
1998-12-26,0.001419,0.0,6.749143,1.551255
1998-12-27,0.038103,0.100645,5.988762,1.439538
1998-12-28,1.110685,0.599196,6.375238,1.43398
1998-12-29,11.184487,9.430596,5.229334,1.367283
1998-12-30,20.577256,23.171196,5.488571,1.437871
1998-12-31,20.438934,22.748358,4.044381,2.44388
1999-01-01,0.855482,0.530782,4.656953,1.923089
1999-01-02,1.236797,0.935029,5.192952,2.204327
1999-01-03,15.57803,23.203572,4.385714,1.913641
1999-01-04,0.12909,0.0,6.34381,1.934206
1999-01-05,1.518962,0.791751,4.940191,1.522353
1999-01-06,53.264881,43.430962,3.757714,2.042588
1999-01-07,40.958679,43.448911,5.366667,6.047171
1999-01-08,4.522398,3.194992,6.016762,5.496367
1999-01-09,2.58449,2.71786,5.094857,3.672211
1999-01-10,0.03402,0.0,5.394476,2.934657
1999-01-11,0.691356,0.0,6.520381,2.508909
1999-01-12,4.332982,1.588688,6.837905,2.291589
1999-01-13,1.414574,0.242599,3.991238,2.015353
1999-01-14,3.332612,1.093486,4.852191,2.015909
1999-01-15,16.431715,15.191025,1.95219,4.158542
1999-01-16,42.175809,37.810598,3.152952,26.983279
1999-01-17,23.110794,16.571989,4.280762,9.27974
1999-01-18,16.764777,14.982242,4.277334,7.608987
1999-01-19,9.657547,9.229469,5.158095,7.726818
1999-01-20,72.459967,40.00073,2.347429,6.726922
1999-01-21,17.615632,13.472879,4.03181,22.462351
1999-01-22,4.389059,22.779386,5.776381,9.276405
1999-01-23,0.0,0.0,6.830476,6.336746
1999-01-24,0.001328,0.0,6.876381,5.064506
1999-01-25,0.0,0.0,6.725714,4.311389
1999-01-26,0.0,0.0,4.813714,3.87786
1999-01-27,0.075255,0.003614,3.960952,3.695555
1999-01-28,2.882308,2.883924,4.750667,3.758917
1999-01-29,17.871806,13.807355,5.027048,4.311389
1999-01-30,0.008333,0.0,5.919048,3.78504
1999-01-31,0.07896,0.0,6.148572,3.422099
1999-02-01,1.629182,2.951223,5.453714,3.175877
1999-02-02,1.800941,1.141893,6.700952,3.269252
1999-02-03,0.37359,0.651366,6.253524,3.076943
1999-02-04,12.453834,9.149286,1.894667,2.991349
1999-02-05,6.195586,4.15771,1.763619,3.239238
1999-02-06,32.868166,28.454406,2.632381,3.697223
1999-02-07,4.129061,3.41232,5.641524,4.004028
1999-02-08,0.145463,0.0,6.601905,3.092506
1999-02-09,0.203331,0.160675,5.253714,2.819049
1999-02-10,4.453651,5.542806,2.53181,2.658977
1999-02-11,43.031602,41.443011,1.926286,3.357625
1999-02-12,246.53234,201.960297,1.422095,139.472892
1999-02-13,94.63101,75.353659,2.33219,99.445954
1999-02-14,94.091786,107.23846,2.604381,99.821123
1999-02-15,31.917463,34.750793,4.259048,67.552128
1999-02-16,1.766051,0.383395,4.124572,25.576533
1999-02-17,9.553912,7.266427,5.772953,20.383636
1999-02-18,9.450119,7.597682,5.773334,14.927287
1999-02-19,10.468532,17.256506,5.984571,20.594842
1999-02-20,0.311667,0.0,5.590286,12.660709
1999-02-21,8.219596,8.887977,4.840191,11.774754
1999-02-22,2.716507,2.720306,6.561334,11.387913
1999-02-23,0.000593,0.0,6.383429,9.087987
1999-02-24,0.018395,0.0,5.861333,7.762945
1999-02-25,16.172878,19.616737,4.887048,6.932571
1999-02-26,16.823549,15.873632,4.27181,6.43957
1999-02-27,23.113142,24.734579,2.274667,8.155344
1999-02-28,31.310727,28.746226,2.046667,16.739771
1999-03-01,37.235932,35.273085,4.964381,17.677972
1999-03-02,3.499353,4.126797,5.006095,12.694613
1999-03-03,1.679128,16.26333,6.075429,9.73161
1999-03-04,0.018577,0.0,6.559619,8.149786
1999-03-05,5.674169,10.328751,5.06381,7.002602
1999-03-06,13.22505,14.625218,4.362286,7.299958
1999-03-07,18.440231,17.450798,5.067619,7.8113
1999-03-08,23.542379,30.963961,5.505524,8.749501
1999-03-09,51.18043,52.00605,3.034095,14.168055
1999-03-10,11.923778,5.994081,2.322476,15.136826
1999-03-11,32.09072,29.718601,2.052762,14.41928
1999-03-12,93.873817,99.846203,2.418857,26.100103
1999-03-13,52.718668,56.880355,2.371238,29.331004
1999-03-14,34.549156,32.474573,2.765333,23.408889
1999-03-15,43.387807,41.494265,3.482667,22.794723
1999-03-16,51.415389,49.095403,2.642286,24.113096
1999-03-17,15.603545,14.495958,2.997333,22.612975
1999-03-18,46.185766,42.716741,2.088381,17.635174
1999-03-19,4.63298,5.867606,3.568191,14.694404
1999-03-20,13.828715,9.773104,4.393143,13.001974
1999-03-21,3.376665,2.014982,4.670095,11.915373
1999-03-22,0.887818,0.431409,4.922476,10.600336
1999-03-23,0.451086,0.0,5.426095,9.392013
1999-03-24,13.074797,15.60755,5.045714,8.429912
1999-03-25,33.898344,27.285275,4.525333,8.75228
1999-03-26,4.476747,3.987,2.468572,8.851213
1999-03-27,4.328369,5.190418,5.010095,7.388332
1999-03-28,2.624345,2.866202,4.150095,6.750266
1999-03-29,1.588071,2.108149,5.084191,6.326742
1999-03-30,0.952924,0.752555,4.501143,5.785387
1999-03-31,3.269568,3.166835,3.932381,5.474135
1999-04-01,13.311613,10.892145,4.444,5.610308
1999-04-02,17.855965,14.089491,5.02,6.726366
1999-04-03,36.926038,35.785298,3.865905,8.483826
1999-04-04,28.869451,29.414218,4.640381,25.613216
1999-04-05,4.273004,3.313843,5.290095,13.622254
1999-04-06,0.047948,0.0,5.53981,9.821095
1999-04-07,0.988119,0.0,4.501334,8.133112
1999-04-08,18.695772,24.777114,2.271619,7.413899
1999-04-09,18.011877,12.562372,3.814857,7.946361
1999-04-10,13.696709,13.384146,3.144572,8.891787
1999-04-11,7.824808,5.681903,3.253905,8.39045
1999-04-12,1.950848,1.969871,3.026286,7.198802
1999-04-13,4.986207,3.032708,2.344952,6.718029
1999-04-14,13.382295,15.856532,2.353905,6.68746
1999-04-15,13.031819,9.550647,2.695238,6.889773
1999-04-16,1.07149,0.185062,2.377524,6.142214
1999-04-17,14.3999,12.454011,1.684571,5.775938
1999-04-18,13.720082,8.721832,1.647429,5.944903
1999-04-19,15.593644,15.581809,1.539238,6.688572
1999-04-20,23.213304,18.119584,2.431429,7.286619
1999-04-21,20.654487,18.881676,2.089905,10.766522
1999-04-22,7.950184,3.74012,2.743619,8.048074
1999-04-23,0.279407,0.101794,0.940571,6.83586
1999-04-24,19.7076,9.885663,1.688,6.516828
1999-04-25,3.964213,3.552555,1.791238,5.928785
1999-04-26,2.755417,1.905422,2.022286,5.479137
1999-04-27,18.908259,9.658989,4.55181,5.820402
1999-04-28,0.004089,0.0,4.221524,5.56362
1999-04-29,0.0,0.0,2.696952,5.112861
1999-04-30,1.967813,1.628098,2.820191,4.867751
1999-05-01,10.936644,12.2577,2.346857,4.764371
1999-05-02,0.161285,0.0,3.741333,4.697674
1999-05-03,0.013778,0.0,3.977333,4.276929
1999-05-04,0.022238,0.0,1.306095,4.077394
1999-05-05,1.269042,0.6007,2.334857,3.972347
1999-05-06,2.977907,1.855962,2.723429,3.849514
1999-05-07,4.984541,1.778389,2.707619,3.875637
1999-05-08,0.435292,0.278105,3.718667,3.731127
1999-05-09,1.849981,1.127236,2.517714,3.581059
1999-05-10,14.421685,16.450056,2.782476,4.209676
1999-05-11,0.21247,0.027008,4.318667,3.888976
1999-05-12,0.005389,0.0,4.108952,3.623856
1999-05-13,1.7e-05,0.0,4.301333,3.488795
1999-05-14,0.0,0.0,3.980952,3.417652
1999-05-15,0.001419,0.0,4.373905,3.348176
1999-05-16,0.0,0.0,4.376762,3.292596
1999-05-17,0.0,0.0,3.990095,3.245352
1999-05-18,0.181624,0.115678,2.776191,3.177544
1999-05-19,0.594327,0.30231,1.832952,3.098064
1999-05-20,0.004159,0.0,3.791048,3.011914
1999-05-21,0.054942,0.0,4.002667,2.970784
1999-05-22,0.0,0.0,3.090667,2.945773
1999-05-23,0.58926,0.632362,2.997714,2.882411
1999-05-24,0.176202,0.0,2.940381,2.819049
1999-05-25,0.010716,0.0,2.911238,2.779587
1999-05-26,4.981708,2.811204,2.348571,2.772917
1999-05-27,0.235653,0.0,4.080952,2.837391
1999-05-28,0.066337,0.0,4.028762,2.675095
1999-05-29,0.119775,0.228152,2.330857,2.566713
1999-05-30,7.917533,7.626622,3.042667,2.536699
1999-05-31,1.002907,0.426817,4.086286,2.565601
1999-06-01,0.000448,0.0,4.125905,2.454996
1999-06-02,0.932636,0.290263,3.3,2.363844
1999-06-03,5.196295,5.407392,2.389714,2.308819
1999-06-04,3.633891,3.549276,2.762667,2.308263
1999-06-05,5.772584,6.503169,1.959619,2.291589
1999-06-06,1.561084,1.384352,2.978095,2.248236
1999-06-07,0.087593,0.085969,3.610095,2.188765
1999-06-08,1.239022,2.017068,1.377905,2.104838
1999-06-09,2.648333,2.058615,2.699619,2.05426
1999-06-10,1.38138,1.16412,3.493714,2.053704
1999-06-11,0.0,0.0,1.923619,2.038141
1999-06-12,8.724859,10.414412,2.557714,2.014797
1999-06-13,3.554282,1.982407,3.154857,2.113731
1999-06-14,0.281166,0.160128,2.557333,2.104282
1999-06-15,0.013432,0.0,2.168952,2.008128
1999-06-16,0.006358,0.0,2.996572,1.92031
1999-06-17,0.0,0.0,2.848,1.880848
1999-06-18,0.000329,0.0,3.110095,1.843053
1999-06-19,0.00096,0.0,3.351429,1.805814
1999-06-20,0.004782,0.0,3.16,1.769131
1999-06-21,0.00372,0.0,2.742667,1.733004
1999-06-22,0.023491,0.0,2.141333,1.710216
1999-06-23,0.129299,0.158984,0.518286,1.687983
1999-06-24,0.0,0.0,1.260762,1.635182
1999-06-25,0.0,0.0,2.181143,1.605168
1999-06-26,0.0,0.0,2.973333,1.579045
1999-06-27,0.125495,0.0,3.164762,1.512349
1999-06-28,0.002868,0.0,2.830667,1.459547
1999-06-29,0.120218,0.036518,2.806095,1.42731
1999-06-30,0.029156,0.013884,3.533333,1.362281
1999-07-01,0.0,0.0,2.944952,1.325598
1999-07-02,0.0,0.0,0.549905,1.260013
1999-07-03,0.0,0.0,0.488381,1.246673
1999-07-04,11.533287,12.337837,0.931619,1.291694
1999-07-05,13.174567,13.342429,1.805714,1.641851
1999-07-06,5.5359,3.303572,2.169524,1.675756
1999-07-07,0.045807,0.0,2.188571,1.631847
1999-07-08,0.338696,0.456297,1.990667,1.390627
1999-07-09,1.157496,0.895975,2.749333,1.45788
1999-07-10,1.340011,1.295539,3.42781,1.381734
1999-07-11,0.0025,0.0,3.42419,1.255566
1999-07-12,0.011458,0.0,3.451429,1.213325
1999-07-13,0.0,0.0,3.314286,1.184979
1999-07-14,0.0,0.0,3.059238,1.149963
1999-07-15,0.001957,0.0,3.242286,1.14107
1999-07-16,0.000125,0.0,3.418286,1.127175
1999-07-17,0.0,0.0,2.581333,1.088269
1999-07-18,0.0,0.0,2.975048,1.079376
1999-07-19,0.000125,0.0,3.495048,1.045471
1999-07-20,0.000125,0.0,3.068952,1.014346
1999-07-21,0.295454,0.210425,2.847619,1.008232
1999-07-22,0.0,0.0,3.04419,0.969326
1999-07-23,0.009395,0.0,1.809143,0.965991
1999-07-24,1.743871,0.418782,1.341333,1.053809
1999-07-25,0.009139,0.0,2.657714,1.063257
1999-07-26,0.165071,0.044524,3.400381,0.972105
1999-07-27,1.927176,3.970648,2.656191,0.960433
1999-07-28,2.773242,4.795167,1.670286,0.958766
1999-07-29,1.237232,1.334406,3.153905,0.963212
1999-07-30,1.472001,3.708098,3.018286,0.972661
1999-07-31,5.230515,5.989857,2.664762,0.973217
1999-08-01,0.276717,0.007227,3.848762,0.998784
1999-08-02,0.0,0.0,3.828,0.948761
1999-08-03,0.040631,0.003994,3.493905,0.931531
1999-08-04,0.588441,0.850782,2.657333,0.910966
1999-08-05,0.631443,0.060716,1.254095,0.915969
1999-08-06,12.323344,8.57693,1.542667,0.965991
1999-08-07,5.982312,7.135955,2.481143,1.205544
1999-08-08,2.974327,1.620342,3.088381,1.188869
1999-08-09,1.609515,1.070589,4.170095,1.050474
1999-08-10,0.0109,0.0,4.101333,0.95154
1999-08-11,2.572526,2.261652,3.581714,0.91708
1999-08-12,3.670246,5.704927,2.295238,1.028241
1999-08-13,0.14114,0.003614,4.362095,0.950429
1999-08-14,0.0,0.0,3.513333,0.91319
1999-08-15,0.0,0.0,2.123048,0.891513
1999-08-16,0.0,0.0,3.814286,0.862055
1999-08-17,0.0,0.0,2.891619,0.843158
1999-08-18,0.493618,0.257686,3.076,0.853162
1999-08-19,0.452439,0.192688,3.150857,0.852051
1999-08-20,2.111479,2.702795,2.942667,0.850939
1999-08-21,2.901256,3.420471,3.000762,0.850939
1999-08-22,6.751144,7.301085,2.860762,0.883176
1999-08-23,1.62216,2.382028,3.491429,1.092715
1999-08-24,5.662595,6.598611,3.252571,0.909855
1999-08-25,3.612535,5.329524,4.058667,0.972105
1999-08-26,0.192712,0.272343,4.112381,0.907076
1999-08-27,0.016425,0.0,4.697905,0.852607
1999-08-28,0.0,0.0,4.680952,0.842046
1999-08-29,0.0,0.0,4.300952,0.815368
1999-08-30,0.0,0.0,4.412,0.800917
1999-08-31,0.237524,0.124864,4.234857,0.784798
1999-09-01,0.530724,0.266853,2.221143,0.773126
1999-09-02,3.326948,0.520164,2.030857,0.763122
1999-09-03,1.758986,0.378055,4.567619,0.776461
1999-09-04,0.003659,0.0,5.156,0.765901
1999-09-05,0.0,0.0,4.935048,0.745892
1999-09-06,8.7e-05,0.0,5.203048,0.736999
1999-09-07,0.0,0.0,5.298095,0.714211
1999-09-08,0.0,0.0,4.934857,0.714211
1999-09-09,0.217413,0.039769,4.505714,0.715323
1999-09-10,0.19567,0.0,4.628191,0.703095
1999-09-11,0.0,0.0,4.93181,0.698648
1999-09-12,0.0,0.0,3.365333,0.690867
1999-09-13,0.0,0.0,5.462476,0.655851
1999-09-14,0.0,0.0,5.245715,0.650849
1999-09-15,0.008841,0.0,5.475048,0.647514
1999-09-16,0.0,0.0,5.178667,0.602494
1999-09-17,0.0,0.0,5.411048,0.545246
1999-09-18,0.0,0.0,4.619619,0.543023
1999-09-19,0.0,0.0,2.630286,0.513009
1999-09-20,0.0,0.0,4.102667,0.479661
1999-09-21,0.049057,0.0,4.146667,0.500226
1999-09-22,0.028038,0.0,4.321905,0.517456
1999-09-23,0.615882,0.019789,4.328,0.507451
1999-09-24,0.0,0.0,4.297905,0.529127
1999-09-25,1.505385,0.608864,4.194286,0.503005
1999-09-26,1.89776,0.57955,4.911238,0.554139
1999-09-27,0.001077,0.0,4.360381,0.52079
1999-09-28,3.708702,1.254202,4.419619,0.544134
1999-09-29,6.897917,1.204503,3.752952,0.54469
1999-09-30,4.597234,0.535225,3.846286,0.540799
1999-10-01,7.939682,13.638054,4.755619,0.590822
1999-10-02,19.26141,31.181278,3.935429,0.638621
1999-10-03,12.857253,17.306217,3.968381,0.769792
1999-10-04,4.886324,10.334659,4.688,1.172751
1999-10-05,0.148655,0.012553,5.806095,0.85483
1999-10-06,0.000748,0.0,5.697333,0.690867
1999-10-07,0.579076,0.736885,4.898667,0.595268
1999-10-08,0.42056,0.734635,4.501333,0.588599
1999-10-09,5.788891,10.536103,4.161333,0.573036
1999-10-10,0.0,0.0,4.662476,0.569701
1999-10-11,0.0,0.0,5.440952,0.553583
1999-10-12,0.0,0.0,5.044572,0.515788
1999-10-13,0.0,0.0,4.462095,0.48244
1999-10-14,0.0,0.0,5.171619,0.460208
1999-10-15,0.0,0.0,6.376191,0.415743
1999-10-16,0.000677,0.0,6.251619,0.427415
1999-10-17,0.039572,0.066189,5.596952,0.425192
1999-10-18,0.0,0.0,5.270286,0.439087
1999-10-19,0.0,0.0,5.442286,0.425192
1999-10-20,0.0,0.0,6.169333,0.404071
1999-10-21,0.0,0.0,4.483048,0.389064
1999-10-22,3.598209,2.046807,4.225334,0.480217
1999-10-23,1.279137,1.042594,5.004762,0.98211
1999-10-24,0.010962,0.0,5.131048,0.636398
1999-10-25,3.244505,8.245545,6.379429,0.619724
1999-10-26,0.000757,0.0,6.365524,0.714767
1999-10-27,0.0,0.0,6.097905,0.529127
1999-10-28,0.0,0.0,6.139619,0.480217
1999-10-29,0.0,0.0,5.943429,0.43464
1999-10-30,0.062656,0.0,5.371429,0.411852
1999-10-31,0.145432,0.232714,5.646286,0.38962
1999-11-01,0.305056,0.293886,5.815238,0.406294
1999-11-02,0.460525,0.02418,5.771048,0.390176
1999-11-03,3.293186,2.944118,4.732762,0.371834
1999-11-04,11.609018,11.269052,2.578857,0.532462
1999-11-05,26.903218,23.497671,3.457333,1.233334
1999-11-06,36.040818,40.48032,2.589905,8.369885
1999-11-07,15.784156,11.357055,4.798667,3.682216
1999-11-08,14.037403,8.971984,5.499619,2.503351
1999-11-09,25.239741,18.515356,4.06,1.679646
1999-11-10,0.050863,0.0,3.242667,2.75791
1999-11-11,2.956639,3.860899,3.364952,1.332823
1999-11-12,5.773337,5.221658,2.76381,1.122728
1999-11-13,0.956687,1.748729,3.142857,1.043804
1999-11-14,0.076629,0.093214,4.952572,0.973217
1999-11-15,0.0,0.0,5.333333,0.846493
1999-11-16,0.000326,0.0,6.091048,0.778129
1999-11-17,0.262286,0.230661,5.919048,0.74089
1999-11-18,8.89298,8.043192,6.059048,0.778684
1999-11-19,20.812074,28.112512,5.118667,0.794803
1999-11-20,13.434135,16.783959,2.939429,1.259457
1999-11-21,11.424754,8.615576,3.914667,1.394518
1999-11-22,6.589794,5.444328,3.814857,1.153298
1999-11-23,8.538253,8.187775,4.551619,1.08938
1999-11-24,0.028696,0.0,5.235048,1.143849
1999-11-25,1.148144,0.521118,3.777714,0.954875
1999-11-26,7.790469,6.978837,1.56,0.897627
1999-11-27,69.459098,61.121082,1.605905,3.417096
1999-11-28,32.027284,36.693093,1.844762,11.336779
1999-11-29,27.087991,28.461434,2.781524,5.919336
1999-11-30,24.634433,28.837501,3.216571,13.406045
1999-12-01,8.184745,9.724905,4.890667,6.621319
1999-12-02,8.252978,8.956908,3.474286,4.473684
1999-12-03,9.303914,11.977691,4.818286,3.760585
1999-12-04,0.883127,1.657807,6.172953,3.424878
1999-12-05,0.02494,0.0,6.119429,2.987458
1999-12-06,0.002331,0.0,6.290857,2.640635
1999-12-07,0.015605,0.0,4.460953,2.335498
1999-12-08,6.267589,2.901467,6.006667,2.192655
1999-12-09,0.000701,0.0,6.188381,2.069266
1999-12-10,0.001449,0.0,6.681714,1.85806
1999-12-11,0.0,0.0,6.551429,1.750789
1999-12-12,0.010846,0.0,3.794286,1.6752
1999-12-13,0.757031,0.010271,4.949524,1.664084
1999-12-14,4.499256,2.408516,4.146667,1.576822
1999-12-15,8.379256,9.833516,5.208381,1.677423
1999-12-16,0.890815,1.2641,6.299048,1.698544
1999-12-17,0.049857,0.0,6.447429,1.505679
1999-12-18,1.623198,1.390625,5.041714,1.410636
1999-12-19,12.31825,19.145308,4.08,1.777468
1999-12-20,0.447504,0.0,4.382476,1.780247
1999-12-21,6.254648,6.767358,2.847619,1.996456
1999-12-22,13.699477,12.673653,4.146667,2.592836
1999-12-23,14.443722,12.526266,3.174667,2.47167
1999-12-24,47.991094,48.700173,2.717143,4.92222
1999-12-25,19.341806,15.269271,3.292,6.544618
1999-12-26,51.446313,51.484125,3.327238,30.699399
1999-12-27,34.291228,38.31308,3.963429,40.210354
1999-12-28,4.550952,2.111956,5.369524,14.538222
1999-12-29,0.002251,0.0,4.747048,8.070862
1999-12-30,0.000504,0.0,3.193905,5.926006
1999-12-31,0.0,0.0,3.605714,4.937782
2000-01-01,0.160169,0.0,5.732,4.331953
2000-01-02,0.044262,0.0,4.575619,3.88175
2000-01-03,1.024492,0.058637,5.981714,3.597178
2000-01-04,19.650195,19.90987,3.401714,4.070169
2000-01-05,0.492943,0.0,5.941714,7.83909
2000-01-06,0.123629,0.0,6.370667,4.228018
2000-01-07,4.431142,0.037304,5.455619,3.701113
2000-01-08,1.183263,0.195213,6.110476,3.464896
2000-01-09,0.014468,0.0,6.230667,3.300933
2000-01-10,0.003718,0.0,5.297333,3.143084
2000-01-11,7.939996,8.848912,3.473714,3.737241
2000-01-12,18.049462,6.58625,2.390857,3.76114
2000-01-13,11.903339,5.097133,3.052952,3.833395
2000-01-14,11.724743,11.23364,5.517714,3.68166
2000-01-15,0.032301,0.0,6.444,3.262027
2000-01-16,0.00268,0.0,6.747619,3.017472
2000-01-17,4.535738,4.040716,6.156,2.881855
2000-01-18,2.397997,1.892932,5.946476,2.752352
2000-01-19,1.510348,1.955185,5.851619,2.624517
2000-01-20,0.022236,0.0,6.007238,2.509465
2000-01-21,0.00215,0.0,6.170667,2.353839
2000-01-22,0.139386,0.044316,5.571429,2.227115
2000-01-23,0.136464,0.0,7.060762,2.114843
2000-01-24,0.303056,0.0,5.532953,2.039253
2000-01-25,0.917844,1.066093,5.885333,2.00646
2000-01-26,23.130526,21.371212,4.748762,2.122068
2000-01-27,0.496373,0.003994,5.970286,4.185776
2000-01-28,0.023677,0.0,5.405714,2.572271
2000-01-29,18.494788,8.877346,5.159619,2.677318
2000-01-30,23.139743,24.324348,4.864762,4.098515
2000-01-31,2.610091,1.363392,6.367048,3.53993
2000-02-01,7.728923,7.000532,5.045143,2.907422
2000-02-02,17.654163,20.931002,5.099048,2.636189
2000-02-03,8.335539,7.504551,4.21981,2.600617
2000-02-04,4.060441,4.793672,4.475429,2.432764
2000-02-05,67.416053,76.737689,2.853905,4.928333
2000-02-06,80.243871,82.14566,1.732381,39.998592
2000-02-07,134.891793,145.963773,2.891619,132.974962
2000-02-08,114.612839,131.745843,3.08,89.900539
2000-02-09,28.778447,20.201094,3.872191,33.073803
2000-02-10,13.033733,11.390618,3.534667,20.067382
2000-02-11,25.282427,15.014772,3.772572,15.593143
2000-02-12,15.484423,19.351335,5.659048,14.587689
2000-02-13,0.818811,0.145308,6.372381,11.733069
2000-02-14,0.135039,0.0,6.369333,9.688258
2000-02-15,2.591304,2.213687,5.044571,8.250387
2000-02-16,17.766953,7.671367,4.904191,8.130889
2000-02-17,14.24074,10.95028,2.827619,8.514951
2000-02-18,21.926585,12.854967,4.201905,11.100561
2000-02-19,27.635822,28.130247,4.750095,9.102438
2000-02-20,32.658192,28.272878,4.054857,9.806089
2000-02-21,16.710404,14.17844,4.719429,11.714171
2000-02-22,6.826213,3.768737,4.090286,9.65213
2000-02-23,21.009794,18.47804,2.685333,11.829779
2000-02-24,63.165724,57.685886,2.689714,10.563652
2000-02-25,94.368655,73.164735,1.646286,17.13884
2000-02-26,32.740515,28.55023,4.598476,27.973725
2000-02-27,34.06878,13.513913,2.301524,17.994225
2000-02-28,129.514328,117.121124,1.964952,88.127517
2000-02-29,93.693162,89.264922,3.084571,155.791918
2000-03-01,35.178132,34.702866,3.729524,64.880923
2000-03-02,20.019978,19.681479,5.319048,32.028331
2000-03-03,1.364241,0.279012,5.155619,22.9409
2000-03-04,0.540817,0.0,6.416762,17.650737
2000-03-05,0.0,0.0,6.244,14.535443
2000-03-06,0.108212,0.111306,6.134286,12.521202
2000-03-07,0.000977,0.0,6.268571,10.884353
2000-03-08,0.000977,0.0,6.120762,9.289745
2000-03-09,4.734185,4.961126,4.910667,8.118105
2000-03-10,68.303378,64.6801,2.936381,14.096912
2000-03-11,21.453235,17.20871,4.24,19.800595
2000-03-12,8.055482,6.074606,4.282286,16.6325
2000-03-13,8.535257,9.533685,4.205143,14.828909
2000-03-14,10.932946,12.07059,3.631238,14.553229
2000-03-15,14.048177,13.171193,5.001333,12.932498
2000-03-16,5.415244,5.033274,2.447619,10.681483
2000-03-17,90.45436,68.62204,2.454857,15.97387
2000-03-18,48.470378,39.492891,4.396,37.822055
2000-03-19,3.615193,3.54755,3.678476,21.551385
2000-03-20,9.007839,7.754058,4.201333,16.003327
2000-03-21,4.748491,0.591585,4.898286,13.309891
2000-03-22,0.051451,0.0,4.921143,11.27564
2000-03-23,0.000327,0.0,5.396,9.516513
2000-03-24,0.000779,0.0,4.132762,8.257057
2000-03-25,0.0,0.0,4.414286,7.24271
2000-03-26,0.010208,0.0,5.529333,6.554067
2000-03-27,0.030956,0.0,5.839809,6.085522
2000-03-28,0.006001,0.0,5.721714,5.548613
2000-03-29,0.116836,0.087149,5.288952,5.168998
2000-03-30,8.743118,7.596002,4.849333,4.893318
2000-03-31,5.931189,3.950284,4.47581,5.161216
2000-04-01,3.700512,4.669297,4.412,4.898876
2000-04-02,3.28787,1.315326,4.119238,4.363079
2000-04-03,11.615387,9.278803,2.13981,4.332509
2000-04-04,70.272506,45.683598,3.094476,8.060301
2000-04-05,23.155619,26.353649,4.965333,11.605233
2000-04-06,0.377364,0.007227,2.545333,6.211134
2000-04-07,27.57606,27.739015,2.405524,6.128875
2000-04-08,78.219953,83.138627,1.609905,22.121642
2000-04-09,11.39958,7.703936,4.170095,24.053624
2000-04-10,17.794604,20.405256,4.273714,14.230306
2000-04-11,27.859074,21.759355,3.735429,12.389476
2000-04-12,24.792651,24.799763,3.320191,14.258096
2000-04-13,11.308374,11.145862,4.108381,11.706946
2000-04-14,17.289589,24.627788,4.130095,10.224611
2000-04-15,5.365106,5.21061,4.620191,9.079094
2000-04-16,1.623674,2.630853,4.121524,7.791847
2000-04-17,0.492182,0.013884,5.192381,6.949801
2000-04-18,0.0,0.0,5.047048,6.316181
2000-04-19,0.000508,0.0,5.287429,5.827628
2000-04-20,0.015404,0.0,3.626857,5.404659
2000-04-21,1.448791,0.948907,3.341905,5.306282
2000-04-22,0.080908,0.0,4.107619,5.117863
2000-04-23,8.526974,3.803783,3.460952,4.878867
2000-04-24,9.224076,3.523582,2.749333,4.987249
2000-04-25,86.168884,88.784507,1.824,23.817962
2000-04-26,44.819851,41.937088,1.535048,22.018818
2000-04-27,29.18532,21.525892,2.029714,18.878513
2000-04-28,13.603983,9.271017,1.806857,15.298009
2000-04-29,7.356542,4.650039,2.336381,12.393366
2000-04-30,0.597509,0.0,3.844952,10.171253
2000-05-01,0.0,0.0,4.185905,8.497721
2000-05-02,0.032245,0.0,4.169714,7.304961
2000-05-03,0.00434,0.0,4.192762,6.567406
2000-05-04,0.033071,0.0,4.686476,6.014935
2000-05-05,0.000125,0.0,4.208762,5.579182
2000-05-06,0.0,0.0,3.948952,5.243476
2000-05-07,0.003112,0.0,2.738286,4.921108
2000-05-08,4.902208,10.090228,2.923619,4.842739
2000-05-09,17.09883,10.506806,3.064952,4.977244
2000-05-10,3.192749,1.80395,3.134857,4.814949
2000-05-11,1.817439,3.196168,3.1,4.350851
2000-05-12,0.027115,0.0,3.544,3.996802
2000-05-13,0.785424,0.268537,3.414667,3.775036
2000-05-14,0.140891,0.015786,3.451429,3.602736
2000-05-15,0.020686,0.0,3.097143,3.420987
2000-05-16,1.35282,1.921488,3.244952,3.247576
2000-05-17,0.99657,1.843781,1.71981,3.120852
2000-05-18,0.157533,0.109014,1.832762,2.998574
2000-05-19,30.003549,25.891039,2.452762,3.155312
2000-05-20,21.11074,23.058608,2.379619,4.318058
2000-05-21,3.321326,2.115534,1.785333,3.657205
2000-05-22,2.781209,1.814246,1.448952,3.203111
2000-05-23,2.785249,1.579576,2.418286,3.05082
2000-05-24,1.118348,0.952891,3.71181,2.946884
2000-05-25,0.038311,0.0,3.106476,2.781254
2000-05-26,0.230502,0.079904,3.822095,2.692881
2000-05-27,0.000411,0.0,3.916381,2.613956
2000-05-28,0.004077,0.0,1.831429,2.489456
2000-05-29,0.0,0.0,0.942667,2.339944
2000-05-30,0.0,0.0,0.956952,2.244345
2000-05-31,0.0,0.0,1.304,2.1921
2000-06-01,0.0,0.0,1.198286,2.137075
2000-06-02,0.000368,0.0,1.921143,2.074269
2000-06-03,0.002286,0.0,2.614667,2.029804
2000-06-04,0.0,0.0,1.839238,1.992009
2000-06-05,0.068125,0.008559,2.183048,1.973668
2000-06-06,0.036737,0.071324,1.253524,1.956438
2000-06-07,0.000406,0.0,0.498286,1.913085
2000-06-08,2.578248,1.300732,1.170667,1.884739
2000-06-09,11.019139,9.277105,1.057714,1.961996
2000-06-10,38.63465,37.432507,1.595619,2.281029
2000-06-11,2.365465,2.692302,2.458857,2.548371
2000-06-12,0.001687,0.0,2.328,2.045367
2000-06-13,2.727848,4.324519,1.436952,1.926424
2000-06-14,11.377958,12.749075,1.028381,2.002014
2000-06-15,2.996912,4.105675,0.727238,1.915864
2000-06-16,3.724838,5.406457,1.221524,1.851946
2000-06-17,3.549834,3.577662,1.379429,1.83027
2000-06-18,5.076605,7.116941,1.955429,1.789696
2000-06-19,3.71002,5.587218,1.574286,1.860839
2000-06-20,5.497792,6.250976,2.616191,1.999791
2000-06-21,0.895234,2.407221,2.719048,1.938652
2000-06-22,0.005004,0.0,2.562095,1.818042
2000-06-23,2.444933,3.369864,2.407619,1.851946
2000-06-24,0.016027,0.0,3.268572,1.825268
2000-06-25,2.901949,7.53311,2.868762,1.747455
2000-06-26,0.143936,0.386999,2.991619,1.714662
2000-06-27,3.629386,5.509491,2.470476,1.686316
2000-06-28,1.48636,2.660879,2.896381,1.731892
2000-06-29,0.114208,0.008559,3.154857,1.64741
2000-06-30,0.186836,0.245867,1.575048,1.604057
2000-07-01,0.0,0.0,1.913905,1.563483
2000-07-02,0.000977,0.0,1.045333,1.537916
2000-07-03,0.000154,0.0,1.792571,1.524576
2000-07-04,2.545342,0.747968,2.467429,1.541806
2000-07-05,0.781386,0.152346,2.488,1.642963
2000-07-06,0.321702,0.019781,2.480952,1.521797
2000-07-07,0.064297,0.0,2.523619,1.491228
2000-07-08,0.064057,0.0,3.080952,1.47511
2000-07-09,0.000949,0.0,3.274667,1.443429
2000-07-10,0.004673,0.0,3.462667,1.421196
2000-07-11,0.000977,0.0,3.002286,1.393962
2000-07-12,0.001367,0.0,3.428952,1.37173
2000-07-13,0.0,0.0,3.346667,1.361725
2000-07-14,0.0,0.0,2.5,1.334491
2000-07-15,0.0,0.0,3.455048,1.310591
2000-07-16,0.000125,0.0,3.140952,1.308368
2000-07-17,0.0,0.0,2.904762,1.297807
2000-07-18,0.0,0.0,2.884952,1.282245
2000-07-19,0.001014,0.0,3.407238,1.275575
2000-07-20,0.0,0.0,3.729524,1.268906
2000-07-21,0.000125,0.0,3.160572,1.25112
2000-07-22,0.0,0.0,3.310286,1.241671
2000-07-23,0.000125,0.0,3.860952,1.228332
2000-07-24,0.00966,0.0,3.608762,1.223885
2000-07-25,0.021596,0.0,3.497333,1.228332
2000-07-26,0.000247,0.0,3.913524,1.228887
2000-07-27,0.009939,0.0,0.373333,1.222774
2000-07-28,0.0,0.0,0.455429,1.194427
2000-07-29,0.0,0.0,1.497524,1.169416
2000-07-30,0.673073,0.407972,2.349524,1.181644
2000-07-31,0.789167,0.074397,2.64,1.206099
2000-08-01,1.690298,0.987771,3.167619,1.206655
2000-08-02,0.163605,0.242067,2.556952,1.24445
2000-08-03,1.944226,2.152939,1.923429,1.198318
2000-08-04,18.693473,20.48375,2.316,1.45121
2000-08-05,10.467128,16.879582,3.083619,2.276582
2000-08-06,0.943398,1.871193,3.919048,1.78247
2000-08-07,8.542984,12.609856,3.482857,1.413415
2000-08-08,5.016709,7.712355,2.940762,1.508458
2000-08-09,6.846064,8.468298,4.047429,1.504567
2000-08-10,0.001505,0.0,4.290095,1.386181
2000-08-11,0.000307,0.0,2.843619,1.306145
2000-08-12,0.002604,0.0,4.021333,1.271685
2000-08-13,0.244927,0.342069,2.721905,1.23778
2000-08-14,0.094455,0.051543,4.29581,1.223329
2000-08-15,0.041722,0.0,4.169333,1.215548
2000-08-16,0.0,0.0,3.783238,1.19943
2000-08-17,0.002569,0.0,4.168952,1.1822
2000-08-18,0.000411,0.0,3.094286,1.159412
2000-08-19,0.000854,0.0,4.290667,1.156633
2000-08-20,0.0,0.0,4.386667,1.137735
2000-08-21,0.000125,0.0,4.548762,1.126619
2000-08-22,0.0,0.0,3.951619,1.097717
2000-08-23,0.0,0.0,3.828381,1.075485
2000-08-24,0.0,0.0,3.872952,1.062701
2000-08-25,0.0,0.0,2.939048,0.998228
2000-08-26,0.0,0.0,4.46781,0.964324
2000-08-27,0.0,0.0,3.809905,0.958766
2000-08-28,0.0,0.0,3.428381,0.947094
2000-08-29,0.0,0.0,3.844572,0.909299
2000-08-30,0.0,0.0,3.419048,0.811477
2000-08-31,0.0,0.0,3.129714,0.794247
2000-09-01,0.0,0.0,4.131048,0.746448
2000-09-02,0.0,0.0,2.733143,0.734776
2000-09-03,0.0,0.0,2.414286,0.726994
2000-09-04,0.0,0.0,4.906857,0.704762
2000-09-05,0.0,0.0,4.797333,0.710876
2000-09-06,0.0,0.0,4.585524,0.715878
2000-09-07,0.0,0.0,4.980571,0.709209
2000-09-08,0.0,0.0,4.87581,0.687532
2000-09-09,0.0,0.0,4.204381,0.665856
2000-09-10,0.0,0.0,3.332762,0.628617
2000-09-11,0.0,0.0,2.957333,0.614166
2000-09-12,0.0,0.0,4.720952,0.581373
2000-09-13,0.005508,0.0,5.2,0.590266
2000-09-14,0.018769,0.0,5.112762,0.596936
2000-09-15,1.22122,0.528339,4.791619,0.67586
2000-09-16,0.007256,0.0,4.775429,0.681974
2000-09-17,0.014263,0.0,4.159048,0.636954
2000-09-18,0.027744,0.0,3.698857,0.590266
2000-09-19,0.594098,0.321472,3.461333,0.570813
2000-09-20,0.186285,0.109615,3.653905,0.583041
2000-09-21,0.057924,0.0,3.840571,0.623059
2000-09-22,0.197297,0.012553,4.680572,0.614166
2000-09-23,0.179115,0.114191,4.915619,0.610275
2000-09-24,0.0,0.0,4.983619,0.574148
2000-09-25,0.0,0.0,4.870095,0.550248
2000-09-26,1.067506,0.464897,3.564952,0.567478
2000-09-27,0.015173,0.0,3.557905,0.570813
2000-09-28,0.0,0.0,4.744,0.565255
2000-09-29,0.009855,0.0,5.275048,0.554139
2000-09-30,0.0,0.0,5.628381,0.508007
2000-10-01,0.0,0.0,5.931238,0.50356
2000-10-02,0.0,0.0,5.946857,0.48244
2000-10-03,0.119418,0.035567,5.230095,0.470212
2000-10-04,15.845432,27.116864,3.956381,0.511898
2000-10-05,1.305073,0.909648,4.377524,0.576371
2000-10-06,0.665273,0.242974,4.311238,0.524681
2000-10-07,0.737913,2.278815,4.947238,0.574148
2000-10-08,0.364654,0.188535,5.281524,0.523569
2000-10-09,1.006548,0.593106,4.470667,0.509118
2000-10-10,0.072015,0.0,5.817333,0.595268
2000-10-11,0.0,0.0,6.033143,0.530795
2000-10-12,0.043748,0.0,4.808,0.477438
2000-10-13,0.16611,0.133791,3.909333,0.451315
2000-10-14,1.657692,0.399936,3.932,0.439087
2000-10-15,0.0,0.0,3.858286,0.470768
2000-10-16,0.006972,0.0,5.668762,0.432417
2000-10-17,0.62303,0.071764,4.826667,0.407406
2000-10-18,0.325283,0.413841,4.010667,0.417966
2000-10-19,1.360497,0.263988,3.656572,0.410741
2000-10-20,2.560474,3.50227,3.730286,0.509118
2000-10-21,1.015301,1.096348,4.1,0.502449
2000-10-22,0.742626,1.070381,2.441333,0.449647
2000-10-23,9.011371,12.321057,2.625143,0.543023
2000-10-24,7.002768,7.100877,1.763619,1.183311
2000-10-25,11.987418,17.8483,4.759619,1.875846
2000-10-26,0.960022,1.111927,6.162286,1.246117
2000-10-27,0.053523,0.0,6.105333,0.823705
2000-10-28,0.0,0.0,6.062476,0.638621
2000-10-29,3.596434,1.922228,1.572381,0.573036
2000-10-30,13.135791,11.444504,5.330286,0.609719
2000-10-31,0.001045,0.0,6.28,0.759231
2000-11-01,0.0,0.0,6.600762,0.576371
2000-11-02,0.0,0.0,6.11581,0.513009
2000-11-03,0.0,0.0,5.672952,0.482996
2000-11-04,1.210759,2.703757,5.052381,0.446312
2000-11-05,0.012312,0.012743,3.690476,0.436864
2000-11-06,4.268449,1.274433,4.315048,0.48244
2000-11-07,6.450854,3.319032,5.330286,0.468545
2000-11-08,3.708616,2.262442,5.835048,0.669191
2000-11-09,14.774105,68.895167,4.904,0.718657
2000-11-10,26.552188,24.09309,4.804381,1.245006
2000-11-11,17.192392,13.811567,3.72019,1.252231
2000-11-12,9.124094,10.386856,4.264,1.853058
2000-11-13,12.120476,11.955754,3.572381,2.008128
2000-11-14,7.944129,7.214275,2.705905,2.917427
2000-11-15,8.729567,9.822417,5.422857,1.564039
2000-11-16,25.912054,23.685875,4.757524,1.635738
2000-11-17,1.189148,0.419949,4.690286,2.687323
2000-11-18,3.646717,5.296131,3.359048,1.57182
2000-11-19,41.29088,45.355795,6.248762,4.109631
2000-11-20,7.255672,2.799563,6.984381,2.846839
2000-11-21,7.3241,10.623022,5.82381,1.884183
2000-11-22,5.261203,9.015225,5.499048,1.773022
2000-11-23,18.512262,18.06113,4.282857,1.934761
2000-11-24,15.814576,10.111213,2.51581,1.695765
2000-11-25,33.347147,33.280651,3.083048,2.14041
2000-11-26,16.223819,15.272909,4.3,2.451661
2000-11-27,29.276386,32.266955,4.356953,8.307079
2000-11-28,4.32636,4.459971,6.228762,4.141868
2000-11-29,0.160848,0.135135,5.246667,2.85073
2000-11-30,0.122329,0.0,5.094857,2.300482
2000-12-01,0.613547,0.456194,4.984952,2.044255
2000-12-02,0.0,0.0,6.445905,1.891408
2000-12-03,0.737288,0.298066,5.234857,1.719109
2000-12-04,1.716838,0.789468,3.315429,1.68576
2000-12-05,9.188062,5.64051,2.818476,1.597387
2000-12-06,31.463715,20.137298,2.559429,3.43655
2000-12-07,6.885301,7.462816,4.495619,4.585957
2000-12-08,1.880458,2.855032,1.579048,3.730015
2000-12-09,1.897662,1.86054,1.663238,2.881299
2000-12-10,0.461579,1.044512,2.211429,2.515579
2000-12-11,2.604208,2.022628,4.132191,2.274915
2000-12-12,2.412688,2.045711,1.384381,2.203216
2000-12-13,9.269745,13.928896,2.438857,2.368846
2000-12-14,0.828008,1.052377,4.698286,2.418869
2000-12-15,2.554148,2.648517,5.028,2.142633
2000-12-16,2.865536,3.359042,3.834667,2.118177
2000-12-17,34.09135,42.564723,3.009333,9.272515
2000-12-18,17.225969,18.731209,2.349524,19.57605
2000-12-19,11.07264,11.1451,2.816952,12.020976
2000-12-20,4.098274,5.762394,4.117714,8.452145
2000-12-21,3.346036,5.071561,4.34781,8.992388
2000-12-22,4.270945,5.118802,4.152191,6.733036
2000-12-23,3.290776,4.525807,6.022095,5.481916
2000-12-24,1.753064,2.809848,6.306476,4.946119
2000-12-25,0.0,0.0,6.403429,4.099071
2000-12-26,0.000993,0.0,6.30381,3.596066
2000-12-27,0.001656,0.0,6.152572,3.235904
2000-12-28,2.608843,3.393825,4.907429,2.988014
2000-12-29,7.743783,11.443348,3.301524,3.363183
2000-12-30,18.785785,37.627382,4.005143,12.643479
2000-12-31,20.567493,31.620563,3.801333,21.914326
2001-01-01,115.25386,22.94267,1.568952,20.018471
2001-01-02,28.921795,4.501126,3.181524,27.169474
2001-01-03,9.474821,1.959382,5.594667,11.908703
2001-01-04,7.729061,2.318242,5.121333,9.35922
2001-01-05,0.148263,0.0,4.334095,7.575082
2001-01-06,0.041222,0.0,5.323048,6.367871
2001-01-07,0.0,0.0,5.846476,5.548057
2001-01-08,0.0,0.0,6.013714,4.948342
2001-01-09,0.0,0.0,4.367619,4.482021
2001-01-10,0.668302,0.212157,5.078476,4.050715
2001-01-11,0.559092,0.37389,5.317714,3.738908
2001-01-12,0.478454,0.134428,5.136,3.467119
2001-01-13,0.365331,0.342649,5.463429,3.278701
2001-01-14,1.658138,0.40758,5.173714,3.178656
2001-01-15,2.261192,0.353116,5.525905,3.079722
2001-01-16,0.023025,0.0,6.866857,2.897418
2001-01-17,0.703438,0.30129,5.546095,2.698439
2001-01-18,5.413214,1.508889,7.187619,2.896862
2001-01-19,0.050264,0.012553,6.841333,2.649528
2001-01-20,31.13947,23.192717,5.288381,4.137977
2001-01-21,7.972788,2.353103,5.017333,5.396322
2001-01-22,6.680605,1.260751,5.852571,4.301384
2001-01-23,0.075759,0.012553,6.988762,3.442664
2001-01-24,0.001004,0.0,4.588762,3.020251
2001-01-25,15.307742,14.699921,5.771048,3.079722
2001-01-26,0.535887,0.207364,5.297333,2.79904
2001-01-27,0.000123,0.0,5.956762,2.623961
2001-01-28,0.508774,0.215948,7.238667,2.491123
2001-01-29,0.000977,0.0,7.202667,2.366067
2001-01-30,0.0,0.0,6.742667,2.277138
2001-01-31,0.897018,0.584372,3.872,2.182651
2001-02-01,1.188506,1.220528,3.679619,2.170979
2001-02-02,1.30407,0.61496,3.957333,2.114843
2001-02-03,52.640474,51.846077,4.318857,4.251362
2001-02-04,4.932688,4.6028,3.694667,3.717232
2001-02-05,28.87622,17.882085,2.842476,7.727373
2001-02-06,29.090381,28.164887,4.551619,9.636012
2001-02-07,6.452286,3.029303,4.901333,6.306177
2001-02-08,14.908981,6.305297,4.655619,5.724804
2001-02-09,3.372638,0.733112,4.176953,5.135093
2001-02-10,12.604278,4.114796,4.641333,4.964461
2001-02-11,1.54638,0.850986,4.61181,4.628198
2001-02-12,2.535471,1.315945,4.589714,4.203006
2001-02-13,4.743983,3.422782,4.668,3.907873
2001-02-14,41.679081,33.009471,4.718286,8.512172
2001-02-15,48.02673,50.817675,2.833905,24.362652
2001-02-16,40.046068,68.892728,1.907429,35.359278
2001-02-17,86.501455,73.709516,1.659048,73.903881
2001-02-18,54.735363,41.975778,1.415619,30.746087
2001-02-19,18.843056,14.820899,3.852381,31.435286
2001-02-20,5.298434,2.541474,5.231429,19.484342
2001-02-21,0.492126,0.527196,6.444,14.715525
2001-02-22,0.036856,0.0,5.756,12.342788
2001-02-23,1.589805,0.412911,2.368571,10.509183
2001-02-24,28.191118,20.961482,1.376952,10.943824
2001-02-25,65.765593,72.703014,4.599619,40.053061
2001-02-26,12.686304,9.0321,4.975048,19.726673
2001-02-27,14.507788,20.034022,3.749714,18.935205
2001-02-28,3.035577,2.883738,5.136191,14.683288
2001-03-01,5.073527,0.662281,5.089524,12.451726
2001-03-02,0.07119,0.0,6.410476,10.523634
2001-03-03,0.0,0.0,5.784381,9.085208
2001-03-04,20.948997,26.391001,5.311429,9.231385
2001-03-05,45.309987,37.723158,2.368,19.78281
2001-03-06,2.221624,4.054048,3.956381,13.462182
2001-03-07,0.004213,0.0,4.975429,10.466386
2001-03-08,0.0,0.0,5.697143,8.631114
2001-03-09,0.0,0.0,5.688762,7.512276
2001-03-10,0.000162,0.0,6.33981,6.716918
2001-03-11,0.041399,0.0,5.336381,6.124984
2001-03-12,0.00553,0.017139,6.160381,5.730918
2001-03-13,3.928387,1.728327,5.347429,5.373534
2001-03-14,1.707634,0.539584,5.182286,5.075622
2001-03-15,17.36314,11.18206,3.420191,4.936671
2001-03-16,60.744459,79.892874,4.816191,37.17065
2001-03-17,17.944682,16.274602,5.751048,15.451968
2001-03-18,1.47072,0.538406,6.382095,12.619579
2001-03-19,0.0,0.0,5.878857,9.580987
2001-03-20,0.0,0.0,5.709143,7.903008
2001-03-21,0.0,0.0,6.172381,6.979814
2001-03-22,0.0,0.0,5.234286,6.434568
2001-03-23,0.0,0.0,6.214857,5.93601
2001-03-24,0.011871,0.003994,6.05181,5.485807
2001-03-25,0.7526,0.441303,4.908762,5.155102
2001-03-26,3.72497,2.511763,5.736,4.916106
2001-03-27,0.8645,0.044921,5.710667,4.640426
2001-03-28,10.079978,3.978199,5.033714,4.639314
2001-03-29,3.153631,1.327211,4.549905,4.436445
2001-03-30,27.956851,23.220881,3.244,4.477019
2001-03-31,20.498186,2.774238,3.480952,5.3224
2001-04-01,31.939031,7.901503,2.436381,5.618089
2001-04-02,30.814924,25.295241,3.861905,9.448149
2001-04-03,6.592106,1.802411,3.915429,9.494837
2001-04-04,11.056436,7.485436,2.516191,6.514604
2001-04-05,9.410166,2.048123,2.958667,6.473475
2001-04-06,10.078765,2.99513,3.646095,6.054953
2001-04-07,4.117552,1.437685,3.428381,6.260601
2001-04-08,3.263173,0.318998,4.224953,5.46024
2001-04-09,0.486399,0.370651,4.116,5.040606
2001-04-10,3.17394,0.44168,4.180191,4.714904
2001-04-11,1.286994,1.583925,4.83981,4.545939
2001-04-12,8.241704,4.003592,3.388191,4.315279
2001-04-13,2.529773,0.758624,4.331429,4.366413
2001-04-14,22.288635,14.165509,2.909905,4.252473
2001-04-15,7.972156,1.407795,3.794857,4.902766
2001-04-16,4.043538,2.369515,4.023619,4.300828
2001-04-17,3.322102,0.564344,4.132,4.227462
2001-04-18,3.086923,0.849292,4.237715,3.843956
2001-04-19,3.195787,1.035581,3.916381,3.828949
2001-04-20,1.91931,0.932936,4.209143,3.603847
2001-04-21,0.850186,0.434263,4.229333,3.431547
2001-04-22,1.226137,0.218845,4.695429,3.372076
2001-04-23,0.0,0.0,4.213143,3.210337
2001-04-24,0.001241,0.0,3.500952,3.055822
2001-04-25,4.569317,2.538388,4.241905,3.082501
2001-04-26,4.252904,4.947966,4.218095,3.706671
2001-04-27,0.928248,1.149643,4.265333,3.162537
2001-04-28,0.060638,0.0,4.482857,3.059157
2001-04-29,4.334444,6.431968,3.559238,3.021362
2001-04-30,7.58784,1.237484,4.091238,2.992461
2001-05-01,1.702301,0.315193,4.201333,2.920762
2001-05-02,0.001925,0.0,3.944952,2.806821
2001-05-03,0.00452,0.0,3.093143,2.738457
2001-05-04,0.345725,0.041884,3.634095,2.660644
2001-05-05,0.0,0.0,3.971429,2.467779
2001-05-06,0.0,0.0,4.536572,2.41331
2001-05-07,0.015299,0.008559,4.108191,2.356618
2001-05-08,0.0,0.0,3.746667,2.313821
2001-05-09,0.26689,0.165446,3.518095,2.266022
2001-05-10,0.0,0.0,3.590095,2.206551
2001-05-11,0.0,0.0,3.908572,2.176537
2001-05-12,0.000247,0.0,4.236762,2.136519
2001-05-13,0.0,0.0,3.956952,2.10984
2001-05-14,0.0,0.0,4.39581,2.080383
2001-05-15,0.0,0.0,3.810476,2.045923
2001-05-16,0.0,0.0,3.880762,2.0198
2001-05-17,0.001881,0.0,3.754857,2.00257
2001-05-18,0.543358,0.834424,2.219429,1.98923
2001-05-19,0.0,0.0,1.421905,1.918087
2001-05-20,0.0,0.0,2.491429,1.841942
2001-05-21,0.0,0.0,2.096,1.83027
2001-05-22,0.0,0.0,2.849143,1.76135
2001-05-23,0.0,0.0,2.8,1.724111
2001-05-24,0.0,0.0,2.960952,1.723555
2001-05-25,0.0,0.0,3.430667,1.645742
2001-05-26,0.0,0.0,3.682857,1.615729
2001-05-27,0.268984,0.160298,3.520381,1.600722
2001-05-28,0.0,0.0,2.976,1.555702
2001-05-29,0.0,0.0,1.930095,1.507346
2001-05-30,0.0,0.0,2.878667,1.458991
2001-05-31,0.0,0.0,2.788,1.448431
2001-06-01,2.022902,2.795197,2.448762,1.420085
2001-06-02,11.782634,23.277504,2.206476,1.772466
2001-06-03,14.892634,20.859707,2.610286,2.04759
2001-06-04,13.788257,23.363021,2.023619,2.05815
2001-06-05,7.90745,12.910831,2.708571,2.128738
2001-06-06,6.691456,8.007025,2.352,2.033139
2001-06-07,10.405895,12.246413,2.442857,2.058706
2001-06-08,9.218123,5.526058,1.621333,2.145412
2001-06-09,12.320984,12.819558,2.750667,2.873518
2001-06-10,1.219585,0.417709,2.728191,2.556153
2001-06-11,8.992913,9.563033,3.069333,2.241566
2001-06-12,1.569256,1.536123,3.209333,2.282696
2001-06-13,1.858988,0.289693,2.501333,2.084273
2001-06-14,2.187656,1.819214,3.155238,2.011463
2001-06-15,0.017522,0.0,3.258476,1.970889
2001-06-16,0.003925,0.0,2.640191,1.848611
2001-06-17,0.014479,0.017139,0.850857,1.801368
2001-06-18,0.000413,0.0,2.693143,1.69632
2001-06-19,5.76899,2.390588,2.386286,1.694097
2001-06-20,1.070871,0.122437,2.641333,1.717997
2001-06-21,0.447433,0.244363,2.850476,1.609615
2001-06-22,1.256516,1.173112,1.199619,1.53736
2001-06-23,0.24617,0.064349,0.812952,1.442873
2001-06-24,0.003302,0.0,2.292571,1.424531
2001-06-25,1.304174,0.108356,2.234667,1.396741
2001-06-26,0.633149,0.143411,2.062857,1.359502
2001-06-27,1.339968,0.784371,2.232381,1.363948
2001-06-28,5.375884,3.908297,2.026476,1.339493
2001-06-29,2.661549,2.422238,1.559619,1.288359
2001-06-30,0.001146,0.0,2.588762,1.250008
2001-07-01,0.0,0.0,3.557524,1.200541
2001-07-02,0.204126,0.010271,3.414857,1.1583
2001-07-03,0.0,0.059414,3.250095,1.124952
2001-07-04,0.002866,0.0,3.524191,1.083822
2001-07-05,0.0,0.0,3.249524,1.052141
2001-07-06,0.251674,0.377128,2.154095,1.012123
2001-07-07,0.0,0.0,2.367429,0.977107
2001-07-08,0.0,0.0,2.682857,0.939312
2001-07-09,0.0,0.0,3.304381,0.947094
2001-07-10,0.0,0.0,2.960381,1.02046
2001-07-11,0.003157,0.0,2.907619,1.014346
2001-07-12,0.005634,0.0,3.164571,0.976551
2001-07-13,0.347452,0.158085,3.567048,0.939868
2001-07-14,0.092533,0.003614,3.616762,0.977663
2001-07-15,0.252863,0.187563,3.783238,0.935978
2001-07-16,0.0,0.0,3.387429,0.90652
2001-07-17,0.0,0.0,3.304952,0.877062
2001-07-18,0.0,0.0,3.242667,0.875951
2001-07-19,0.060084,0.0,3.402095,0.860944
2001-07-20,0.0,0.0,2.842667,0.847604
2001-07-21,0.0,0.0,3.596571,0.823705
2001-07-22,0.002217,0.0,2.724381,0.831486
2001-07-23,0.460612,0.151788,2.751619,0.873172
2001-07-24,0.009302,0.0,2.547048,0.840935
2001-07-25,5.792511,4.749291,2.990095,0.934866
2001-07-26,3.64934,1.65711,2.455429,0.970993
2001-07-27,0.559007,0.545097,1.622286,0.943759
2001-07-28,0.002039,0.0,2.386667,0.824816
2001-07-29,0.002712,0.0,2.590286,0.778129
2001-07-30,0.353769,0.184542,2.593714,0.75145
2001-07-31,0.0,0.0,3.629524,0.721992
2001-08-01,0.02611,0.0,3.428191,0.720881
2001-08-02,3.9e-05,0.0,3.935619,0.79258
2001-08-03,0.040045,0.0,3.014667,0.771459
2001-08-04,5.770917,6.162257,2.276571,0.802584
2001-08-05,0.73519,0.139221,3.373905,0.984333
2001-08-06,0.033291,0.0,4.197333,0.897071
2001-08-07,0.047195,0.0,3.992762,0.766457
2001-08-08,0.0,0.0,3.519048,0.706985
2001-08-09,0.235478,0.309481,4.413143,0.667523
2001-08-10,0.0,0.0,3.097714,0.659186
2001-08-11,0.0,0.0,3.643619,0.635842
2001-08-12,0.0,0.0,3.912572,0.641956
2001-08-13,0.000606,0.0,4.296762,0.650293
2001-08-14,0.092731,0.017139,3.546095,0.623059
2001-08-15,0.002997,0.0,2.736572,0.614166
2001-08-16,0.005015,0.0,2.584571,0.595268
2001-08-17,0.679124,1.668476,4.429334,0.591934
2001-08-18,0.0,0.0,3.985905,0.608608
2001-08-19,0.0,0.0,2.424,0.578038
2001-08-20,0.0,0.0,3.789714,0.556918
2001-08-21,0.0,0.0,3.271238,0.554695
2001-08-22,0.000368,0.0,3.359619,0.553583
2001-08-23,0.0,0.0,4.101714,0.536909
2001-08-24,0.234771,0.029141,3.653905,0.505784
2001-08-25,0.267044,0.0,3.610286,0.481884
2001-08-26,0.0,0.0,3.84,0.462987
2001-08-27,0.0,0.0,1.036381,0.456317
2001-08-28,0.0,0.0,1.715619,0.44131
2001-08-29,0.0,0.0,2.478857,0.419078
2001-08-30,0.0,0.0,3.693714,0.369055
2001-08-31,0.0,0.0,4.477905,0.349046
2001-09-01,0.0,0.0,4.807238,0.349046
2001-09-02,0.0,0.0,4.120762,0.349046
2001-09-03,0.0,0.0,4.457333,0.34849
2001-09-04,0.0,0.0,4.898095,0.336263
2001-09-05,0.0,0.0,3.082476,0.3207
2001-09-06,0.0,0.0,4.092,0.315698
2001-09-07,0.000392,0.0,4.552572,0.302359
2001-09-08,0.0,0.0,4.957905,0.289019
2001-09-09,0.132759,0.0,3.224762,0.29958
2001-09-10,0.004715,0.0,4.081333,0.354604
2001-09-11,0.190125,0.060904,4.308953,0.387953
2001-09-12,0.0,0.0,4.756381,0.401848
2001-09-13,1.83441,2.738446,4.903429,0.37906
2001-09-14,0.000766,0.0,5.451238,0.332928
2001-09-15,1.347545,0.521284,3.068762,0.284573
2001-09-16,0.003065,0.0,5.096381,0.231215
2001-09-17,0.000586,0.0,4.621714,0.244555
2001-09-18,0.093702,0.016737,3.557714,0.264008
2001-09-19,6.964782,9.277113,3.8,0.338486
2001-09-20,14.2763,12.467366,3.49181,0.454094
2001-09-21,6.613724,3.973314,3.853905,2.073157
2001-09-22,0.317634,0.411754,5.024762,0.47577
2001-09-23,3.967922,4.613034,4.325334,0.625838
2001-09-24,9.052826,9.127014,4.044381,0.511898
2001-09-25,2.25088,2.525698,5.088952,1.021016
2001-09-26,0.056254,0.0,5.816762,0.530795
2001-09-27,0.0,0.0,5.486857,0.428527
2001-09-28,0.755837,1.767606,4.58,0.383506
2001-09-29,2.665993,4.262424,4.943619,0.415743
2001-09-30,3.085387,5.268307,4.912,1.401743
2001-10-01,0.004701,0.0,5.283048,0.910966
2001-10-02,0.0,0.0,5.369143,0.482996
2001-10-03,0.0,0.0,5.261524,0.411852
2001-10-04,0.0,0.0,5.939048,0.381283
2001-10-05,0.0,0.0,4.453333,0.325147
2001-10-06,0.0,0.0,4.750095,0.287908
2001-10-07,0.0,0.0,5.726286,0.287908
2001-10-08,0.0,0.0,5.349143,0.287908
2001-10-09,0.0,0.0,3.034095,0.298468
2001-10-10,0.0,0.0,5.988,0.305138
2001-10-11,0.0,0.0,5.685333,0.299024
2001-10-12,0.0,0.0,4.815429,0.305138
2001-10-13,0.0,0.0,5.527429,0.293466
2001-10-14,0.004072,0.0,5.626286,0.285684
2001-10-15,0.02434,0.003994,5.343619,0.271233
2001-10-16,0.011734,0.0,5.665333,0.276791
2001-10-17,0.296068,0.0,3.207238,0.260673
2001-10-18,2.939202,3.056145,5.726286,0.487998
2001-10-19,0.0,0.0,5.878857,0.581929
2001-10-20,0.0,0.0,4.663619,0.367388
2001-10-21,0.452967,0.444339,4.933333,0.301247
2001-10-22,22.728389,22.973267,1.971238,0.93042
2001-10-23,2.850519,3.29349,4.561714,8.288182
2001-10-24,0.135926,0.0,4.424952,2.042588
2001-10-25,0.0,0.0,5.510095,0.80314
2001-10-26,0.007199,0.0,3.57581,0.487998
2001-10-27,15.685623,12.642427,5.955238,0.424636
2001-10-28,0.0,0.0,6.435619,0.53802
2001-10-29,0.072985,0.0,6.040952,0.38962
2001-10-30,3.5e-05,0.0,6.481333,0.332928
2001-10-31,0.0,0.0,5.888,0.312919
2001-11-01,0.001427,0.0,3.889905,0.260117
2001-11-02,0.0,0.0,5.623429,0.18953
2001-11-03,0.0,0.0,5.987429,0.175635
2001-11-04,0.0,0.0,5.014286,0.148956
2001-11-05,0.0,0.0,3.116762,0.15507
2001-11-06,0.518121,0.983373,4.390095,0.186751
2001-11-07,0.0,0.0,6.164,0.366832
2001-11-08,1.7e-05,0.0,5.819048,0.367388
2001-11-09,0.0,0.0,5.977905,0.310696
2001-11-10,0.260141,0.169459,5.662095,0.289019
2001-11-11,1.151895,0.988504,5.450095,0.274012
2001-11-12,0.003932,0.0,4.681524,0.283461
2001-11-13,1.9967,0.357864,5.383238,0.290131
2001-11-14,0.0,0.0,5.304191,0.273457
2001-11-15,0.124226,0.060904,4.023619,0.287352
2001-11-16,6.493544,8.163719,5.02381,0.371834
2001-11-17,0.397772,0.088323,4.780572,0.628617
2001-11-18,0.561819,0.580914,5.522286,0.425192
2001-11-19,0.0,0.0,5.840381,0.393511
2001-11-20,0.332494,0.037304,3.817714,0.342932
2001-11-21,0.0,0.0,6.122857,0.308472
2001-11-22,0.00918,8.476324,5.493714,0.281238
2001-11-23,14.379528,24.541465,4.107429,0.747004
2001-11-24,1.537625,28.100496,5.506667,4.452008
2001-11-25,0.0,0.0,4.784953,1.16886
2001-11-26,0.008047,0.0,4.809905,0.688088
2001-11-27,1.444399,0.443375,4.619429,0.558029
2001-11-28,7.775724,5.723031,6.366667,0.546913
2001-11-29,8.6e-05,0.0,4.660572,0.541911
2001-11-30,32.965709,26.995549,6.187048,0.989335
2001-12-01,0.213603,0.0,6.262857,0.913745
2001-12-02,0.0,0.0,6.415619,0.564143
2001-12-03,0.0,0.0,6.210286,0.479661
2001-12-04,0.0,0.0,5.864572,0.440754
2001-12-05,0.0,0.0,6.905143,0.406294
2001-12-06,0.0,0.0,6.810286,0.39629
2001-12-07,0.0891,0.069232,5.409333,0.379616
2001-12-08,0.650632,0.192335,5.793905,0.369055
2001-12-09,0.016272,0.0,6.058095,0.359051
2001-12-10,1.359369,0.069329,3.435048,0.349046
2001-12-11,0.0,0.0,3.980952,0.344044
2001-12-12,7.596291,7.470992,6.501905,0.442978
2001-12-13,3.266239,0.670851,3.293905,0.421301
2001-12-14,29.275685,40.180135,4.217714,2.43054
2001-12-15,1.033977,0.509271,4.036381,1.966442
2001-12-16,11.466551,7.147362,5.889333,0.808142
2001-12-17,7.122574,10.477695,5.535619,0.975996
2001-12-18,0.57792,0.290261,5.514667,0.691423
2001-12-19,2.557539,2.347987,6.833524,0.508563
2001-12-20,0.212565,0.069674,5.817333,0.456317
2001-12-21,0.214501,0.603968,6.674095,0.415743
2001-12-22,0.0,0.0,6.974857,0.390176
2001-12-23,0.045569,0.0,6.224381,0.363497
2001-12-24,0.0,0.0,6.724953,0.34849
2001-12-25,0.0,0.0,6.479429,0.340153
2001-12-26,0.000136,0.0,6.86,0.330149
2001-12-27,1.456968,1.49351,5.515048,0.319589
2001-12-28,0.019189,0.0,6.810286,0.316254
2001-12-29,1.714868,0.8333,5.717143,0.31014
2001-12-30,0.014349,0.0,7.175048,0.312919
2001-12-31,0.0,0.0,6.468953,0.31681
2002-01-01,0.0,0.0,7.037524,0.318477
2002-01-02,0.53061,0.170789,5.079048,0.316254
2002-01-03,2.560134,1.778389,7.102667,0.341265
2002-01-04,0.951274,0.0293,6.684,0.340709
2002-01-05,0.613531,0.076147,6.997333,0.335151
2002-01-06,0.250525,0.003614,5.765524,0.319589
2002-01-07,1.75492,0.239597,6.459619,0.313475
2002-01-08,0.371345,1.387211,5.638286,0.376837
2002-01-09,3.246116,1.254817,6.176191,0.3446
2002-01-10,10.077796,6.668468,5.55581,0.341265
2002-01-11,1.489972,1.360286,5.902857,0.367388
2002-01-12,4.802307,0.126628,4.977143,0.335707
2002-01-13,8.185225,7.508369,3.614667,0.3207
2002-01-14,8.864384,4.867596,4.552572,0.33793
2002-01-15,28.223525,18.708138,5.386095,0.883176
2002-01-16,0.055506,0.0,5.77181,0.753117
2002-01-17,0.000469,0.0,6.781524,0.347935
2002-01-18,15.468904,22.975011,6.004,0.336263
2002-01-19,16.561144,15.238016,4.944,0.45187
2002-01-20,12.975709,4.654227,5.214095,0.556918
2002-01-21,3.712982,3.349098,5.451619,0.420745
2002-01-22,2.399818,0.887375,5.930095,0.415743
2002-01-23,2.410523,2.866634,6.588952,0.427971
2002-01-24,0.742587,0.825471,7.017333,0.36572
2002-01-25,0.735673,0.533649,5.371048,0.361274
2002-01-26,4.703201,1.153845,6.36,0.327926
2002-01-27,0.013583,0.0,5.796,0.332928
2002-01-28,0.426514,0.959021,6.011238,0.326258
2002-01-29,0.0,0.0,5.926286,0.317921
2002-01-30,1.670685,0.948891,6.824953,0.307361
2002-01-31,3.529993,2.047578,5.130857,0.307361
2002-02-01,15.435627,13.36298,5.692191,0.347935
2002-02-02,0.0,0.0,5.539238,0.804252
2002-02-03,0.493945,2.383587,5.434286,0.404071
2002-02-04,2.310342,1.368161,5.2,0.336819
2002-02-05,9.136626,14.843378,5.491429,0.361274
2002-02-06,0.0,0.0,6.652762,0.370723
2002-02-07,0.015015,0.0,6.451429,0.313475
2002-02-08,0.0,0.0,5.535619,0.305693
2002-02-09,2.756395,1.767347,4.363619,0.301803
2002-02-10,0.0,0.0,2.981524,0.298468
2002-02-11,3.5e-05,0.0,4.121333,0.297912
2002-02-12,0.0,0.0,4.815238,0.294021
2002-02-13,6.215259,3.67673,4.944,0.300691
2002-02-14,30.560843,37.137109,2.174667,0.485219
2002-02-15,28.144611,20.309821,2.255238,0.794247
2002-02-16,29.752693,31.498052,3.067048,5.235694
2002-02-17,110.141782,90.90583,3.153524,34.123721
2002-02-18,48.15588,57.220734,3.9,26.288521
2002-02-19,37.685685,37.412149,4.896762,36.293032
2002-02-20,22.731352,24.71862,5.266857,17.147732
2002-02-21,1.8863,4.303808,5.245524,10.102889
2002-02-22,8.77508,10.115562,5.64,7.010939
2002-02-23,0.025043,18.000518,6.624191,5.82596
2002-02-24,0.63801,0.490627,6.647619,4.3603
2002-02-25,2.776071,2.948545,6.273714,3.586617
2002-02-26,0.612357,0.740358,6.628,3.110291
2002-02-27,0.027102,0.008559,5.516,2.725118
2002-02-28,11.623517,18.570052,5.179238,4.496472
2002-03-01,3.439014,17.029906,6.260762,3.716676
2002-03-02,0.0,0.0,6.357524,2.894083
2002-03-03,1.697314,0.495777,5.097524,2.494458
2002-03-04,12.596732,14.321079,4.038286,2.502795
2002-03-05,10.765485,9.316358,2.818476,2.486121
2002-03-06,8.73417,2.008938,5.789333,2.417201
2002-03-07,0.005119,0.012743,5.004952,2.175425
2002-03-08,0.0,0.0,5.304762,2.000346
2002-03-09,0.000437,21.520487,5.818095,1.924201
2002-03-10,3.294541,6.003405,6.494857,1.831937
2002-03-11,0.057413,0.0,6.062667,1.643519
2002-03-12,0.251124,0.199003,6.383238,1.521797
2002-03-13,0.001708,0.0,5.3,1.438982
2002-03-14,3.644053,2.39426,4.319048,1.414527
2002-03-15,0.68843,0.327751,5.460381,1.331712
2002-03-16,0.584937,0.008559,5.989333,1.260013
2002-03-17,0.0,0.0,5.430095,1.219995
2002-03-18,0.901968,0.776497,4.251619,1.173307
2002-03-19,3.123021,1.594102,5.085333,1.163302
2002-03-20,1.273979,0.505472,5.508571,1.170528
2002-03-21,0.133445,0.021133,6.028191,1.076597
2002-03-22,0.027478,0.008559,4.955048,1.027686
2002-03-23,3.774753,0.698984,3.950286,0.979331
2002-03-24,7.402374,2.3009,4.295048,0.99934
2002-03-25,19.488871,20.147554,4.405143,1.56126
2002-03-26,2.803875,0.826961,4.727238,1.216104
2002-03-27,0.724957,0.415737,5.487048,1.07215
2002-03-28,0.0,0.0,5.242667,1.002119
2002-03-29,0.0,0.0,4.528572,0.950429
2002-03-30,0.0,0.0,4.478095,0.910411
2002-03-31,0.0,0.0,4.758286,0.872616
2002-04-01,0.0,0.0,3.862095,0.834821
2002-04-02,4.939991,6.061859,2.756952,0.827595
2002-04-03,1.711481,0.808914,3.896952,0.810921
2002-04-04,9.439436,8.000122,3.925143,0.771459
2002-04-05,7.436775,6.108706,4.728762,1.001563
2002-04-06,2.480889,1.825469,3.061524,0.828707
2002-04-07,6.009634,3.915749,4.335619,0.799249
2002-04-08,5.250943,3.693135,3.728,0.91319
2002-04-09,7.816923,4.001125,3.761333,1.074929
2002-04-10,9.363571,3.881476,3.532762,0.978219
2002-04-11,8.442822,4.095778,3.898286,1.012679
2002-04-12,13.77069,7.162044,3.475048,1.103831
2002-04-13,14.888294,14.141263,4.054857,1.894187
2002-04-14,6.460022,3.409262,2.852572,2.28881
2002-04-15,8.737202,8.017662,3.121143,1.850835
2002-04-16,17.851661,5.241263,1.998095,1.849167
2002-04-17,5.249278,6.877286,4.920381,1.851946
2002-04-18,0.000391,0.0,5.037714,1.486782
2002-04-19,0.0,0.0,5.275048,1.222218
2002-04-20,0.000136,0.0,5.294095,1.017125
2002-04-21,0.000977,0.0,4.997524,0.896515
2002-04-22,0.000977,0.0,4.331048,0.819814
2002-04-23,0.0,0.0,4.062286,0.768124
2002-04-24,0.0,0.0,4.291048,0.725327
2002-04-25,0.0,0.0,4.593714,0.694758
2002-04-26,1.656864,0.926459,3.929714,0.671414
2002-04-27,2.274131,2.166991,3.365333,0.665856
2002-04-28,0.227706,0.065098,4.084762,0.661409
2002-04-29,8.499682,2.663186,2.548571,0.732553
2002-04-30,12.399049,4.079603,3.454667,1.01379
2002-05-01,16.695383,10.826417,3.601714,0.949317
2002-05-02,3.907076,1.6491,1.858095,1.350053
2002-05-03,8.641254,3.820728,2.908572,0.998784
2002-05-04,11.563121,3.924521,2.642857,1.298363
2002-05-05,5.766983,2.429075,2.793905,1.877513
2002-05-06,13.943043,13.822856,1.496,1.824156
2002-05-07,18.717982,5.764705,3.498667,2.491123
2002-05-08,2.771164,1.188982,3.789714,2.234341
2002-05-09,0.120112,0.022845,3.5,1.906971
2002-05-10,0.550504,0.434643,4.321524,1.569041
2002-05-11,0.043233,0.029713,4.52781,1.328377
2002-05-12,0.02356,0.008559,4.227238,1.208878
2002-05-13,0.108155,0.012743,4.408762,1.136624
2002-05-14,0.0,0.0,3.788571,1.058255
2002-05-15,0.276548,0.20832,4.396381,1.02046
2002-05-16,0.0,0.0,4.065714,0.979886
2002-05-17,0.0,0.0,3.053905,0.96877
2002-05-18,0.0,0.0,3.596381,0.933754
2002-05-19,0.0,0.0,4.228953,0.907076
2002-05-20,0.0,0.0,4.154667,0.882064
2002-05-21,0.0,0.0,1.828952,0.874283
2002-05-22,0.0,0.0,3.443619,0.854274
2002-05-23,0.0,0.0,3.378667,0.834265
2002-05-24,0.0,0.0,3.562667,0.834821
2002-05-25,3.5e-05,0.0,3.686667,0.817591
2002-05-26,0.0,0.0,2.959429,0.801473
2002-05-27,0.826689,2.102828,2.967238,0.800361
2002-05-28,0.0,0.0,3.610286,0.793691
2002-05-29,0.0,0.0,3.342667,0.753117
2002-05-30,1.350056,3.482613,3.447619,0.763122
2002-05-31,0.000921,0.0,2.087619,0.752562
2002-06-01,0.02933,0.0,0.457333,0.754785
2002-06-02,0.0,0.0,1.72781,0.684197
2002-06-03,0.0,0.0,1.215619,0.661409
2002-06-04,0.0,0.0,2.343619,0.646403
2002-06-05,0.0,0.0,2.200381,0.628617
2002-06-06,1.542035,0.578993,2.634857,0.646403
2002-06-07,6.054961,3.953855,2.663619,0.713099
2002-06-08,0.955339,0.20485,3.148,0.714211
2002-06-09,0.191062,0.064723,3.916572,0.657519
2002-06-10,5.179632,1.660329,2.471619,0.650293
2002-06-11,0.0,0.0,3.178857,0.651405
2002-06-12,0.0,0.0,2.534667,0.633063
2002-06-13,0.000603,0.0,3.758476,0.624726
2002-06-14,0.0,0.0,2.993143,0.621947
2002-06-15,0.0,0.0,1.980952,0.610831
2002-06-16,0.987418,0.256329,2.803238,0.60694
2002-06-17,1.651261,0.197145,3.858476,0.64807
2002-06-18,1.325595,0.860549,0.169714,0.622503
2002-06-19,0.0,0.0,0.836381,0.583041
2002-06-20,0.0946,0.016737,1.559429,0.557474
2002-06-21,0.0,0.0,1.634857,0.550804
2002-06-22,0.024719,0.008559,2.804762,0.557474
2002-06-23,0.002288,0.0,2.012381,0.55525
2002-06-24,0.006702,0.0,1.930095,0.55136
2002-06-25,3.280843,0.362437,2.040191,0.548025
2002-06-26,0.450387,0.163172,2.596762,0.586931
2002-06-27,0.882643,0.722218,2.996,0.585264
2002-06-28,0.01489,0.0,3.349714,0.588043
2002-06-29,0.0,0.0,0.979619,0.546913
2002-06-30,0.0,0.0,1.405143,0.491333
2002-07-01,0.0,0.0,2.105143,0.480217
2002-07-02,0.0,0.0,2.707619,0.484107
2002-07-03,0.0,0.0,2.15981,0.503005
2002-07-04,0.0,0.0,2.290667,0.496891
2002-07-05,0.228715,0.163539,1.873333,0.461875
2002-07-06,0.0,0.0,1.988952,0.422969
2002-07-07,0.0,0.0,2.160952,0.425192
2002-07-08,0.0,0.0,0.94,0.461319
2002-07-09,0.014913,0.0,2.389714,0.466877
2002-07-10,0.001239,0.0,3.273905,0.445757
2002-07-11,1.318086,0.2116,2.787809,0.475214
2002-07-12,0.064113,0.0,2.984952,0.46521
2002-07-13,0.00369,0.0,3.346667,0.422969
2002-07-14,0.0,0.0,2.959048,0.41352
2002-07-15,0.0,0.0,2.441905,0.412408
2002-07-16,0.0,0.0,3.035238,0.401292
2002-07-17,0.0,0.0,2.536571,0.387953
2002-07-18,0.622342,0.113679,1.850286,0.390176
2002-07-19,0.047273,0.003614,1.319048,0.390176
2002-07-20,0.526665,0.0,1.352381,0.397957
2002-07-21,0.536161,0.092163,2.469333,0.404627
2002-07-22,0.032277,0.008559,2.918286,0.420745
2002-07-23,0.594081,0.113704,2.839619,0.397401
2002-07-24,0.517915,0.094079,3.118667,0.399069
2002-07-25,0.102115,0.008559,3.936762,0.409073
2002-07-26,6.676977,10.088535,2.67181,0.381283
2002-07-27,0.0,0.0,3.108952,0.345711
2002-07-28,1.203004,1.521299,1.709333,0.33793
2002-07-29,8.092742,5.512319,2.621143,0.394622
2002-07-30,0.91942,0.788314,3.840381,0.525237
2002-07-31,0.0,0.0,3.976381,0.409073
2002-08-01,0.054533,0.112066,4.181714,0.355716
2002-08-02,0.05556,0.0,4.052952,0.334595
2002-08-03,0.0,0.0,4.251238,0.328481
2002-08-04,0.0,0.0,3.868762,0.321812
2002-08-05,0.0,0.0,4.033714,0.3207
2002-08-06,0.000813,0.0,3.474476,0.307361
2002-08-07,0.0,0.0,4.035048,0.31014
2002-08-08,5.2e-05,0.0,3.392952,0.304026
2002-08-09,0.115603,0.291598,2.263429,0.296245
2002-08-10,1.435748,0.343572,2.117905,0.295689
2002-08-11,1.545104,1.22128,2.792,0.290131
2002-08-12,8.846808,4.986211,3.123429,0.29291
2002-08-13,0.431068,0.074037,3.528191,0.366832
2002-08-14,0.023062,0.02511,3.624953,0.336263
2002-08-15,1.693661,0.502814,2.753524,0.292354
2002-08-16,4.618051,5.076869,2.271238,0.336263
2002-08-17,0.264913,0.798631,1.883238,0.340709
2002-08-18,0.254018,0.113301,2.994286,0.306249
2002-08-19,4.791456,8.795184,1.834095,0.326814
2002-08-20,20.49925,27.1205,2.384381,0.664744
2002-08-21,5.513276,5.072672,1.664381,1.191648
2002-08-22,4.998731,5.201476,3.264762,0.639733
2002-08-23,0.232878,0.24165,4.575048,0.538576
2002-08-24,0.057321,0.0,4.294095,0.425748
2002-08-25,0.0,0.0,4.634667,0.369611
2002-08-26,0.0,0.0,3.839238,0.339598
2002-08-27,0.0,0.0,3.594857,0.318477
2002-08-28,0.063564,0.0,3.308762,0.304582
2002-08-29,10.57415,11.723588,3.475429,0.412408
2002-08-30,0.747969,0.164559,3.999048,0.543023
2002-08-31,0.000286,0.0,4.81581,0.364609
2002-09-01,3.5e-05,0.0,5.044,0.315698
2002-09-02,0.0,0.0,5.02,0.322923
2002-09-03,0.0,0.0,4.615048,0.304026
2002-09-04,0.059656,0.0,5.030667,0.292354
2002-09-05,0.0004,0.0,4.944,0.292354
2002-09-06,0.320394,0.290991,4.768952,0.284573
2002-09-07,0.0,0.0,3.199048,0.276791
2002-09-08,0.000813,0.0,5.192572,0.272345
2002-09-09,0.0,0.0,5.379048,0.270122
2002-09-10,0.0,0.0,4.627048,0.271233
2002-09-11,0.175997,0.0,4.788762,0.262896
2002-09-12,0.302954,0.014265,3.867238,0.262341
2002-09-13,0.082139,0.012553,2.653524,0.255115
2002-09-14,4.618501,1.82757,3.045524,0.252336
2002-09-15,0.196815,0.0,3.922095,0.260117
2002-09-16,5.688086,4.241861,4.221715,0.298468
2002-09-17,2.018497,3.917248,5.070667,0.363497
2002-09-18,0.0,0.0,3.74781,0.325147
2002-09-19,0.0,0.0,4.973714,0.266231
2002-09-20,0.000813,0.0,4.754286,0.248445
2002-09-21,0.0,0.0,4.744,0.236773
2002-09-22,0.0,0.0,5.709714,0.228436
2002-09-23,0.0,0.0,5.006857,0.227881
2002-09-24,0.012346,0.0,5.120762,0.227325
2002-09-25,0.0,0.0,4.339429,0.217876
2002-09-26,0.0,0.0,5.624,0.215653
2002-09-27,0.0,0.0,4.660381,0.209539
2002-09-28,0.000443,0.0,4.94,0.209539
2002-09-29,0.0,0.0,5.361714,0.207316
2002-09-30,0.0,0.0,0.573714,0.204537
2002-10-01,0.0,0.0,3.557905,0.20009
2002-10-02,0.0,0.0,4.695619,0.195644
2002-10-03,0.0,0.0,4.031048,0.200646
2002-10-04,0.0,0.0,4.979238,0.203425
2002-10-05,0.0,0.0,4.481333,0.201758
2002-10-06,0.0,0.0,5.663619,0.1962
2002-10-07,0.0,0.0,5.115619,0.177858
2002-10-08,0.0,0.0,5.487238,0.154514
2002-10-09,0.0,0.0,6.140381,0.168965
2002-10-10,0.0,0.0,5.244381,0.156182
2002-10-11,0.009087,0.0,5.575048,0.158405
2002-10-12,0.0,0.0,5.533714,0.194532
2002-10-13,0.053633,0.04665,5.212952,0.191197
2002-10-14,0.0,0.0,5.741714,0.196755
2002-10-15,0.0,0.0,6.413905,0.188418
2002-10-16,0.0,0.0,6.631429,0.169521
2002-10-17,0.0,0.0,6.043048,0.15507
2002-10-18,0.0,0.0,6.051429,0.158405
2002-10-19,0.0,0.0,6.360191,0.161184
2002-10-20,0.0,0.0,6.292191,0.157849
2002-10-21,0.0,0.0,6.47981,0.138396
2002-10-22,0.0,0.0,6.114667,0.13117
2002-10-23,0.0,0.0,6.335619,0.1484
2002-10-24,0.0,0.0,3.788952,0.136173
2002-10-25,0.000123,0.0,5.922667,0.140063
2002-10-26,0.0,0.0,6.253334,0.134505
2002-10-27,0.0,0.0,4.638667,0.13784
2002-10-28,0.0,0.0,3.972572,0.13784
2002-10-29,1.585074,1.763172,4.575238,0.139507
2002-10-30,0.015113,0.0,4.994476,0.141175
2002-10-31,0.0,0.0,4.496952,0.130614
2002-11-01,0.0,0.0,5.228381,0.117831
2002-11-02,0.0,0.0,5.709333,0.140619
2002-11-03,0.036068,0.001712,5.737905,0.106715
2002-11-04,0.0,0.0,5.914286,0.108938
2002-11-05,0.172139,0.168154,5.646095,0.12061
2002-11-06,0.0,0.0,5.496952,0.124501
2002-11-07,0.0,0.0,5.144952,0.143398
2002-11-08,0.0,0.0,4.307619,0.127835
2002-11-09,0.001468,0.0,5.117333,0.120054
2002-11-10,3.3e-05,0.0,4.976762,0.138396
2002-11-11,0.050169,0.008559,6.322286,0.111717
2002-11-12,0.0,0.0,5.856572,0.138396
2002-11-13,0.0,0.0,6.082286,0.132282
2002-11-14,0.620394,2.091378,4.950857,0.150068
2002-11-15,0.0,0.0,5.675048,0.130059
2002-11-16,0.0,0.0,6.085333,0.150068
2002-11-17,0.854085,0.817858,5.575048,0.143954
2002-11-18,3.903224,0.754049,4.950667,0.129503
2002-11-19,12.815047,17.150042,4.699238,0.162851
2002-11-20,6.279215,5.264137,4.910286,0.390176
2002-11-21,6.147868,11.470768,5.226667,0.312919
2002-11-22,1.096347,1.856327,4.964,0.350714
2002-11-23,6.131866,8.134037,5.582286,0.304026
2002-11-24,4.869807,6.187381,4.204762,0.295133
2002-11-25,0.660255,2.012345,5.659048,0.291798
2002-11-26,0.0,0.0,5.776762,0.253448
2002-11-27,0.0,0.0,6.036952,0.238997
2002-11-28,0.0,0.0,5.048381,0.212874
2002-11-29,0.0,0.0,4.642667,0.198423
2002-11-30,0.278166,0.0,4.524381,0.186751
2002-12-01,2.564436,1.447174,6.656381,0.191197
2002-12-02,5.6733,6.337471,6.213333,0.182304
2002-12-03,0.011674,0.0,5.334476,0.20676
2002-12-04,8.4e-05,0.0,6.376572,0.197867
2002-12-05,0.001105,0.0,5.373905,0.195088
2002-12-06,2.246996,1.598434,5.13181,0.172856
2002-12-07,0.0,0.0,7.090667,0.157849
2002-12-08,0.002187,0.0,5.593333,0.158961
2002-12-09,0.359392,0.282253,6.401143,0.136173
2002-12-10,0.001449,0.0,4.581714,0.165074
2002-12-11,0.561992,0.0,4.900381,0.171188
2002-12-12,0.0,0.0,5.421905,0.15507
2002-12-13,0.001983,0.001712,5.210286,0.138396
2002-12-14,3.113765,1.279374,5.76,0.122833
2002-12-15,0.0,0.0,4.814667,0.11394
2002-12-16,0.187189,0.0,4.355429,0.115052
2002-12-17,1.235022,1.217676,4.370476,0.107271
2002-12-18,2.611135,2.124947,4.228381,0.125056
2002-12-19,1.586823,0.291395,6.148381,0.143954
2002-12-20,1.200136,0.111217,5.299048,0.163407
2002-12-21,0.007837,0.001712,4.357143,0.149512
2002-12-22,0.0,0.0,4.96381,0.138396
2002-12-23,2.363002,1.737299,5.010476,0.111717
2002-12-24,8.401544,10.410973,6.600762,0.163963
2002-12-25,0.000502,0.0,6.710667,0.181749
2002-12-26,0.000368,0.0,4.782095,0.152847
2002-12-27,0.225426,0.0,4.415048,0.13117
2002-12-28,0.573951,1.268916,4.642667,0.111717
2002-12-29,0.76428,1.888938,5.148381,0.112829
2002-12-30,0.145831,0.035765,6.01181,0.130059
2002-12-31,0.017104,0.003428,5.179048,0.149512
2003-01-01,0.095032,0.035757,4.168952,0.134505
2003-01-02,11.828837,6.791359,4.637333,0.117275
2003-01-03,0.194263,0.015596,5.886476,0.15507
2003-01-04,3.774617,4.32777,6.415619,0.176191
2003-01-05,0.585919,1.124362,5.898667,0.151735
2003-01-06,0.073996,0.0,3.388762,0.133393
2003-01-07,4.102267,4.639195,4.101333,0.129503
2003-01-08,2.350871,1.98183,4.957714,0.155626
2003-01-09,0.316224,0.616176,6.743429,0.174523
2003-01-10,0.0,0.0,4.664953,0.165074
2003-01-11,0.0,0.0,2.398286,0.125612
2003-01-12,2.331683,0.455964,2.220191,0.106715
2003-01-13,6.796732,6.869854,3.052952,0.162295
2003-01-14,0.135082,0.02511,4.856381,0.25845
2003-01-15,0.419046,0.673045,3.335619,0.201202
2003-01-16,0.0,0.0,2.662857,0.168409
2003-01-17,1.130234,1.821114,1.739619,0.124501
2003-01-18,5.220783,4.280501,1.956381,0.166186
2003-01-19,5.01111,6.257489,4.646286,0.25178
2003-01-20,0.348625,0.607767,4.933143,0.241776
2003-01-21,1.756436,1.027981,5.358095,0.21732
2003-01-22,0.705268,0.454237,5.67981,0.204537
2003-01-23,0.0,0.0,5.963048,0.171744
2003-01-24,0.546678,0.033504,5.163429,0.150623
2003-01-25,15.625804,21.093087,3.498286,0.143398
2003-01-26,99.483893,50.924111,2.592191,2.104282
2003-01-27,13.544498,10.077486,5.730095,4.693227
2003-01-28,0.229741,0.011987,6.365143,1.098829
2003-01-29,0.0,0.0,6.418095,0.390176
2003-01-30,0.002586,0.0,6.827429,0.274012
2003-01-31,0.000218,0.0,7.103429,0.244555
2003-02-01,0.0,0.0,6.157714,0.224546
2003-02-02,1.596135,0.534792,5.287429,0.216764
2003-02-03,0.08274,0.044316,6.21181,0.214541
2003-02-04,0.012387,0.008559,6.275048,0.214541
2003-02-05,13.768616,11.354063,6.131429,0.210095
2003-02-06,3.632165,1.577265,6.781524,0.21732
2003-02-07,0.154994,0.086252,4.676381,0.217876
2003-02-08,3.315128,2.455369,4.24019,0.224546
2003-02-09,5.741529,5.144886,4.214095,0.340153
2003-02-10,5.966648,11.036158,4.686667,0.93042
2003-02-11,17.32649,9.773297,6.158095,0.519123
2003-02-12,1.996646,0.892509,5.162095,0.309028
2003-02-13,5.263469,10.518018,5.764571,0.317365
2003-02-14,0.669217,1.169832,5.403619,0.500226
2003-02-15,0.0,0.0,5.170286,0.322923
2003-02-16,1.785837,1.875379,5.462667,0.261229
2003-02-17,12.425683,14.422832,5.006095,0.297912
2003-02-18,23.281542,25.440901,5.759048,1.657414
2003-02-19,15.132485,21.515527,5.905714,4.127417
2003-02-20,6.141073,7.332354,5.118476,2.683432
2003-02-21,5.647679,4.982839,5.897333,2.44777
2003-02-22,0.268486,0.628128,6.344381,2.404418
2003-02-23,0.007119,0.0,2.972952,1.55459
2003-02-24,12.825858,15.999784,5.424762,2.03703
2003-02-25,4.238067,6.703981,5.00019,1.597943
2003-02-26,24.02917,16.025666,4.172762,5.755929
2003-02-27,25.994734,24.917486,3.86381,6.025495
2003-02-28,10.269202,6.364907,4.808953,4.592071
2003-03-01,17.342208,17.051423,3.089143,4.333065
2003-03-02,7.519267,2.082819,4.133905,3.168095
2003-03-03,4.788878,3.178853,3.839238,2.217111
2003-03-04,0.0,0.0,5.074857,1.706325
2003-03-05,7.009706,2.019757,4.192191,1.405078
2003-03-06,5.635013,4.571206,5.418476,1.257789
2003-03-07,4.424576,2.606076,5.548,1.294473
2003-03-08,4.582677,0.41647,5.910286,1.109945
2003-03-09,1.019235,0.499953,6.010857,0.96877
2003-03-10,0.4074,0.046607,5.583048,0.884288
2003-03-11,0.0,0.0,1.562476,0.837044
2003-03-12,2.361423,0.797087,1.62,0.808142
2003-03-13,36.205547,24.298804,2.037714,1.03102
2003-03-14,27.939395,20.409123,2.709524,2.510577
2003-03-15,12.617461,8.52241,5.294476,2.177093
2003-03-16,1.608577,1.413311,5.490476,1.833605
2003-03-17,0.453214,0.905489,6.119048,1.569597
2003-03-18,0.0,0.0,5.584762,1.352832
2003-03-19,1.566882,0.155798,5.216,1.166081
2003-03-20,1.099576,2.252709,5.428762,1.101052
2003-03-21,0.473824,0.584472,5.875429,0.997672
2003-03-22,0.0,0.0,5.739238,0.915969
2003-03-23,0.0,5.711199,5.84381,0.869281
2003-03-24,0.0,0.0,5.614095,0.838156
2003-03-25,0.0,0.0,5.513143,0.804252
2003-03-26,1.61308,0.444863,4.140762,0.778684
2003-03-27,1.239777,0.203371,3.969714,0.765345
2003-03-28,1.588304,0.707188,4.704381,0.757564
2003-03-29,0.0,0.0,4.908762,0.746448
2003-03-30,0.213923,0.447965,5.104762,0.713099
2003-03-31,0.0,0.0,5.324191,0.69309
2003-04-01,0.0,0.0,4.921524,0.669746
2003-04-02,0.0,0.0,4.42019,0.651961
2003-04-03,0.0,0.0,5.484381,0.638066
2003-04-04,0.0,0.0,5.053143,0.626949
2003-04-05,0.002561,0.0,5.303048,0.616389
2003-04-06,0.0,0.0,4.856381,0.603606
2003-04-07,1.874622,1.5918,4.624762,0.604161
2003-04-08,1.123681,0.569242,4.661714,0.606385
2003-04-09,0.004669,0.0,4.938667,0.590822
2003-04-10,0.151696,0.001712,4.526286,0.581373
2003-04-11,0.005519,0.0,5.259429,0.570813
2003-04-12,0.0,0.0,5.102667,0.552471
2003-04-13,0.0,0.0,5.422857,0.54469
2003-04-14,0.248966,0.599938,5.074667,0.545802
2003-04-15,0.0,0.0,5.325143,0.550248
2003-04-16,0.0,0.0,4.539048,0.541911
2003-04-17,0.000164,0.0,3.892,0.530795
2003-04-18,4.322653,2.440645,3.702286,0.528016
2003-04-19,25.432827,16.473083,2.273714,0.556362
2003-04-20,63.287662,50.604902,1.924952,1.545141
2003-04-21,43.287137,26.903157,3.500952,8.421575
2003-04-22,21.672048,4.18606,3.851429,3.365406
2003-04-23,0.269425,0.185088,3.495048,1.917531
2003-04-24,3.614996,0.4727,3.273524,1.435092
2003-04-25,0.475917,0.07025,2.355619,1.202765
2003-04-26,2.591455,3.602824,4.188762,1.091048
2003-04-27,0.095534,0.069488,4.613333,1.016014
2003-04-28,0.0,0.0,4.860381,0.926529
2003-04-29,0.0,0.0,4.871429,0.88262
2003-04-30,0.0,0.0,4.877905,0.840379
2003-05-01,0.01877,0.008559,4.458095,0.805363
2003-05-02,0.071784,0.011987,4.05581,0.777017
2003-05-03,0.286492,0.050406,2.932571,0.764789
2003-05-04,0.594412,0.162643,3.11981,0.752006
2003-05-05,1.638748,0.299429,2.29981,0.739222
2003-05-06,18.05615,8.289515,2.613905,0.813144
2003-05-07,5.750904,2.657096,3.101714,0.859276
2003-05-08,7.295826,6.441475,2.933333,0.857053
2003-05-09,4.56006,4.478821,2.584952,0.860388
2003-05-10,19.004541,12.501469,2.301333,0.872616
2003-05-11,18.936343,17.297265,3.130857,2.494458
2003-05-12,1.670565,0.929868,1.538286,1.851946
2003-05-13,0.466388,0.042275,2.213905,1.336714
2003-05-14,8.303557,10.537255,2.767429,1.437871
2003-05-15,9.398289,9.324726,2.865714,1.878625
2003-05-16,29.618594,34.901486,4.285333,3.425989
2003-05-17,6.504068,15.517695,3.915429,3.146419
2003-05-18,0.0,0.0,3.865333,2.089275
2003-05-19,0.0,0.0,3.839048,1.681314
2003-05-20,0.0,0.0,3.819048,1.432313
2003-05-21,0.0,0.0,4.142476,1.278354
2003-05-22,0.0,0.0,3.577143,1.166637
2003-05-23,0.0,0.0,4.101333,1.074929
2003-05-24,0.0,0.0,3.894095,1.019349
2003-05-25,0.278339,0.219931,3.990095,0.973217
2003-05-26,0.0,0.0,3.401524,0.929864
2003-05-27,0.00396,0.0,3.157714,0.909299
2003-05-28,0.0,0.0,2.744952,0.884843
2003-05-29,0.001509,0.017316,2.564,0.850383
2003-05-30,3.314165,0.722068,1.760191,0.843714
2003-05-31,17.769965,12.260126,2.752952,0.915413
2003-06-01,3.480632,2.362453,3.033524,0.989891
2003-06-02,3.613743,1.729496,2.708762,0.90652
2003-06-03,0.809488,1.537793,3.689714,0.917636
2003-06-04,0.028278,0.02511,3.763429,0.847604
2003-06-05,0.00386,0.0,3.940762,0.812033
2003-06-06,0.0,0.0,3.786476,0.778684
2003-06-07,0.0,0.0,3.672191,0.758675
2003-06-08,0.0,0.0,3.527429,0.733108
2003-06-09,0.253158,0.097451,1.062857,0.725327
2003-06-10,0.0,0.0,2.031048,0.699204
2003-06-11,0.896001,0.200945,1.820571,0.690311
2003-06-12,5.137757,1.679555,2.632952,0.695314
2003-06-13,3.290071,0.658046,1.776,0.700316
2003-06-14,1.524799,0.325668,1.97581,0.700316
2003-06-15,0.11099,0.001712,3.068381,0.686976
2003-06-16,0.425203,0.075753,1.826857,0.664744
2003-06-17,0.126594,0.035385,1.426095,0.656963
2003-06-18,0.029648,0.040719,2.664762,0.650293
2003-06-19,0.0,0.0,2.93581,0.644179
2003-06-20,0.969855,0.144713,2.188,0.62417
2003-06-21,0.095378,0.063418,3.027238,0.628061
2003-06-22,0.0,0.0,2.886857,0.610831
2003-06-23,0.188579,0.046607,2.341143,0.60305
2003-06-24,11.044673,10.681266,1.162476,0.626394
2003-06-25,11.390831,12.40528,2.154476,0.841491
2003-06-26,0.461721,0.349291,3.251048,0.760343
2003-06-27,0.0,0.0,2.935048,0.679751
2003-06-28,0.000123,0.0,3.478476,0.636954
2003-06-29,0.0,0.0,3.616,0.62028
2003-06-30,0.0,0.0,3.575048,0.601382
2003-07-01,0.0,0.0,3.790095,0.592489
2003-07-02,0.0,0.0,3.868381,0.581929
2003-07-03,0.05514,0.012553,3.177333,0.571369
2003-07-04,0.0,0.0,2.98781,0.565255
2003-07-05,0.0,0.0,1.702095,0.562476
2003-07-06,0.289853,0.071017,1.988,0.549692
2003-07-07,11.37072,8.387927,2.141333,0.56859
2003-07-08,10.074704,3.496488,2.418667,0.663633
2003-07-09,11.113971,7.792747,2.280571,0.719769
2003-07-10,3.719859,0.794228,2.423619,0.731441
2003-07-11,4.041983,1.480157,2.468381,0.657519
2003-07-12,5.630947,0.910054,2.308571,0.639733
2003-07-13,3.33894,1.399961,2.292952,0.624726
2003-07-14,0.076607,0.0,3.400571,0.599159
2003-07-15,0.067692,0.0,2.411619,0.57248
2003-07-16,0.121587,0.048562,2.106095,0.55136
2003-07-17,0.228214,0.062839,2.161524,0.535241
2003-07-18,0.430698,0.080682,1.311238,0.528016
2003-07-19,0.09311,0.0,2.125905,0.524125
2003-07-20,3.121295,2.949247,2.579619,0.509118
2003-07-21,5.880606,5.339217,2.812571,0.516344
2003-07-22,10.013945,4.391597,1.969714,0.535797
2003-07-23,4.883369,1.185281,2.505143,0.559141
2003-07-24,0.000218,0.0,2.356571,0.550804
2003-07-25,8.4e-05,0.0,1.293714,0.52079
2003-07-26,0.024209,0.02511,2.897333,0.464098
2003-07-27,0.0,0.0,3.096571,0.440754
2003-07-28,0.0,0.0,3.068571,0.466321
2003-07-29,0.000796,0.0,3.737905,0.429082
2003-07-30,0.0,0.0,3.881143,0.430194
2003-07-31,0.000679,0.0,2.055619,0.43075
2003-08-01,0.0,0.0,1.929714,0.387397
2003-08-02,0.037569,0.02511,3.129333,0.377948
2003-08-03,0.12872,0.0,2.624191,0.317921
2003-08-04,6.678121,6.823169,2.534286,0.364609
2003-08-05,1.446295,0.601303,3.494095,0.509674
2003-08-06,0.0,0.0,3.958095,0.449647
2003-08-07,0.019833,0.0,3.263238,0.391288
2003-08-08,0.188951,0.233131,3.601333,0.327926
2003-08-09,0.091159,0.008559,4.185143,0.35516
2003-08-10,0.00346,0.0,3.56,0.347935
2003-08-11,0.84006,1.097497,3.785143,0.359051
2003-08-12,0.711101,0.88525,4.023429,0.395178
2003-08-13,0.00611,0.0,4.132191,0.408518
2003-08-14,0.0,0.0,4.191429,0.345711
2003-08-15,0.001434,0.0,3.943238,0.321256
2003-08-16,0.343531,0.05709,4.369333,0.318477
2003-08-17,0.017478,0.0,4.178095,0.289019
2003-08-18,0.088705,0.025718,3.686667,0.322923
2003-08-19,0.35365,0.856531,3.884,0.347379
2003-08-20,0.0,0.0,4.697714,0.310696
2003-08-21,0.0,0.0,2.625333,0.305693
2003-08-22,0.000251,0.0,3.646667,0.274012
2003-08-23,0.0,0.0,4.430667,0.280682
2003-08-24,0.0,0.0,4.444571,0.286796
2003-08-25,0.029392,0.02511,4.428762,0.232327
2003-08-26,0.210417,0.086252,3.836762,0.245666
2003-08-27,0.173694,0.0,3.255238,0.250669
2003-08-28,0.310608,0.788895,2.638095,0.26901
2003-08-29,1.28734,1.185287,2.662095,0.27568
2003-08-30,7.675867,10.585681,3.481143,0.359051
2003-08-31,2.679156,2.829282,3.438286,0.528572
2003-09-01,0.376453,0.410038,4.524762,0.522458
2003-09-02,0.421743,0.52984,3.095619,0.414631
2003-09-03,0.0,0.0,1.93619,0.317365
2003-09-04,0.0,0.0,3.701524,0.255115
2003-09-05,1.872325,2.003558,3.398286,0.232327
2003-09-06,5.122545,1.585314,3.040571,0.257894
2003-09-07,0.023147,0.001712,4.190095,0.272345
2003-09-08,0.315724,0.768128,4.781333,0.25178
2003-09-09,0.0,0.0,4.858667,0.252336
2003-09-10,0.00197,0.0,4.988762,0.223434
2003-09-11,0.0,0.0,4.536762,0.205648
2003-09-12,0.056998,0.0,4.925714,0.202869
2003-09-13,1.7e-05,0.0,5.316,0.20009
2003-09-14,0.0,0.0,4.725714,0.194532
2003-09-15,0.0,0.0,3.774286,0.185083
2003-09-16,0.0,0.0,3.157905,0.184528
2003-09-17,0.0,0.0,2.282667,0.156182
2003-09-18,0.0,0.0,4.523048,0.151179
2003-09-19,0.0,0.0,4.650667,0.153403
2003-09-20,0.0,0.0,5.17181,0.146177
2003-09-21,0.0,0.0,5.426286,0.145065
2003-09-22,0.0,0.0,4.708572,0.147844
2003-09-23,0.0,0.0,3.791429,0.153958
2003-09-24,0.0,0.0,4.614667,0.135617
2003-09-25,0.000813,0.0,5.525333,0.139507
2003-09-26,0.0,0.0,5.670857,0.139507
2003-09-27,0.0,0.0,5.640381,0.146177
2003-09-28,0.0,0.0,5.853333,0.149512
2003-09-29,0.0,0.0,5.34,0.141175
2003-09-30,0.0,0.0,5.784,0.133393
2003-10-01,0.0,0.0,4.803619,0.135061
2003-10-02,0.0,0.0,4.819048,0.123945
2003-10-03,0.0,0.0,4.786095,0.122277
2003-10-04,0.0,0.0,3.511238,0.118387
2003-10-05,0.010314,0.0,5.348762,0.113384
2003-10-06,0.127117,0.037663,4.736762,0.10338
2003-10-07,0.000683,0.0,3.842286,0.117275
2003-10-08,0.0,0.0,4.534476,0.146177
2003-10-09,0.0,0.0,5.029333,0.136173
2003-10-10,0.0,0.0,5.0,0.124501
2003-10-11,0.0,0.0,5.907048,0.12728
2003-10-12,1.496481,4.574408,3.88,0.128947
2003-10-13,11.342545,9.129822,3.081714,0.202869
2003-10-14,8.48723,19.2451,3.206476,0.651961
2003-10-15,2.343432,3.601682,5.108762,0.67197
2003-10-16,0.0,0.0,4.875048,0.553583
2003-10-17,0.017669,0.0,4.656572,0.364053
2003-10-18,0.0,0.0,5.463048,0.277347
2003-10-19,0.0,0.0,5.631048,0.241776
2003-10-20,0.0,0.0,5.109333,0.220099
2003-10-21,0.280895,0.075739,5.150286,0.204537
2003-10-22,0.000249,0.0,6.267619,0.188418
2003-10-23,0.000229,0.0,4.882667,0.182304
2003-10-24,4.985707,12.446554,5.828,0.231215
2003-10-25,0.874195,1.210824,6.183619,0.22399
2003-10-26,0.0,0.0,5.316572,0.194532
2003-10-27,0.000225,0.0,5.399048,0.177858
2003-10-28,0.0,0.0,4.848952,0.162851
2003-10-29,2.65,1.315914,4.187429,0.151179
2003-10-30,0.703501,0.4171,6.096,0.130059
2003-10-31,0.030975,0.0,5.553714,0.12728
2003-11-01,0.0,0.0,5.528381,0.116719
2003-11-02,0.0,0.0,5.001714,0.104492
2003-11-03,0.0,0.0,3.613143,0.098378
2003-11-04,1.489271,0.116549,4.022095,0.092264
2003-11-05,3.978642,1.809655,4.104,0.097266
2003-11-06,0.17173,0.660705,4.253524,0.145065
2003-11-07,0.004332,0.001712,5.017524,0.151179
2003-11-08,0.643724,0.069488,5.390667,0.121166
2003-11-09,0.12657,0.010271,4.140191,0.126724
2003-11-10,2.998013,3.811046,4.464571,0.124501
2003-11-11,2.347374,3.587759,4.917333,0.13117
2003-11-12,1.747091,1.90374,4.833905,0.151179
2003-11-13,1.128376,0.601656,5.417333,0.157849
2003-11-14,1.433036,0.348551,4.664572,0.21732
2003-11-15,4.484855,8.098454,3.984952,0.191753
2003-11-16,0.783054,0.305138,5.768952,0.276791
2003-11-17,0.0,0.0,5.635429,0.20009
2003-11-18,0.0,0.0,6.368952,0.152847
2003-11-19,0.0,0.0,5.865333,0.172856
2003-11-20,0.0,0.0,6.040952,0.187862
2003-11-21,0.0,0.0,5.840952,0.177858
2003-11-22,0.0,0.0,5.696,0.095599
2003-11-23,5.083748,4.137705,5.86381,0.070587
2003-11-24,0.27545,0.0,4.334286,0.065029
2003-11-25,0.0,0.0,4.84781,0.081148
2003-11-26,0.0,0.0,6.154095,0.065029
2003-11-27,0.0,0.0,5.098667,0.09282
2003-11-28,0.0,0.0,4.195619,0.081148
2003-11-29,4.175002,9.527991,4.214667,0.093931
2003-11-30,5.624968,7.994813,4.703048,0.142286
2003-12-01,12.776551,18.37595,2.877143,0.259561
2003-12-02,27.830201,50.83425,4.268762,0.908743
2003-12-03,0.852093,0.997124,6.608,2.841837
2003-12-04,0.039315,0.04832,5.574095,0.724215
2003-12-05,0.000229,0.0,4.701524,0.468545
2003-12-06,26.031507,42.805474,6.586286,0.625838
2003-12-07,0.06205,0.02511,7.340381,0.625282
2003-12-08,0.001205,0.0,6.968953,0.369055
2003-12-09,0.046293,0.0,6.364381,0.277347
2003-12-10,0.119922,0.0,5.610286,0.238441
2003-12-11,0.004836,0.0,5.781905,0.218432
2003-12-12,2.693906,0.971402,5.815048,0.212874
2003-12-13,3.144555,1.383564,4.517905,0.223434
2003-12-14,11.005647,20.359393,7.059619,0.531351
2003-12-15,0.000936,0.0,6.216762,0.394622
2003-12-16,6.338467,13.199365,3.792,0.280126
2003-12-17,46.325134,50.61766,3.169714,2.134852
2003-12-18,32.285921,34.738371,3.847238,4.194113
2003-12-19,2.541153,0.560554,5.438667,5.327402
2003-12-20,3.850753,6.134029,6.332762,1.472331
2003-12-21,0.256542,0.022845,6.381143,1.195539
2003-12-22,0.0,0.0,6.859429,0.8615
2003-12-23,0.156153,0.104901,5.176952,0.719769
2003-12-24,0.000977,0.0,6.690476,0.649182
2003-12-25,0.002089,0.0,5.103048,0.601382
2003-12-26,0.001384,0.0,6.204,0.562476
2003-12-27,1.486287,0.374256,5.565524,0.536353
2003-12-28,0.353517,0.0,5.142667,0.529683
2003-12-29,62.864637,65.944743,3.118286,3.818944
2003-12-30,30.34317,24.338998,5.661714,9.481498
2003-12-31,10.320844,11.04602,5.471048,6.460691
2004-01-01,0.0,0.0,6.009143,4.055162
2004-01-02,0.0,0.0,6.827619,2.139854
2004-01-03,0.0,0.0,6.243429,1.507346
2004-01-04,0.0,0.0,6.219429,1.20332
2004-01-05,0.0,0.0,6.580381,1.0338
2004-01-06,0.256509,0.0,6.45219,0.913745
2004-01-07,1.421661,0.609691,6.608381,0.848716
2004-01-08,0.869728,0.115904,5.755619,0.794247
2004-01-09,0.07282,0.531599,6.058857,0.76868
2004-01-10,14.313525,19.755391,6.384762,1.265571
2004-01-11,0.459948,1.864895,6.012572,0.92375
2004-01-12,8.895113,3.92075,4.109714,0.779796
2004-01-13,20.602444,18.832544,2.678286,0.892625
2004-01-14,29.688785,20.528519,3.677333,4.142979
2004-01-15,20.129085,14.392744,2.782667,2.531141
2004-01-16,10.214879,5.098042,3.468572,2.322158
2004-01-17,2.986763,1.090999,5.938286,1.665751
2004-01-18,1.519336,0.561641,6.632762,1.328933
2004-01-19,1.183726,0.348748,6.628762,1.132733
2004-01-20,2.937733,2.499416,3.119429,1.003786
2004-01-21,14.125047,6.092517,5.952191,0.987112
2004-01-22,8.305229,29.91656,4.656191,1.507346
2004-01-23,14.921501,13.892719,5.801333,2.352728
2004-01-24,8.533914,12.855775,5.857714,2.291589
2004-01-25,2.427766,2.617312,5.067619,2.042032
2004-01-26,5.021231,4.128134,5.210476,1.820265
2004-01-27,1.298421,1.139743,6.920762,1.642407
2004-01-28,0.0,0.0,7.075429,1.321151
2004-01-29,0.040474,0.0,6.037905,1.162191
2004-01-30,0.448527,0.180104,6.184,1.12384
2004-01-31,7.923354,2.874415,5.183048,1.035467
2004-02-01,16.848672,12.824122,5.179429,1.43398
2004-02-02,14.389857,29.128554,5.673905,5.066729
2004-02-03,21.640056,17.231252,4.853714,4.148537
2004-02-04,1.858981,2.357293,4.322667,2.82683
2004-02-05,101.320195,101.809261,2.141333,11.256187
2004-02-06,56.012003,44.094969,2.243429,42.860438
2004-02-07,9.473064,4.079929,5.218095,12.32667
2004-02-08,1.653949,0.241627,5.21581,6.923678
2004-02-09,13.692729,12.107172,6.220381,4.951121
2004-02-10,17.829872,14.811955,4.472381,5.662553
2004-02-11,50.684585,55.500706,2.578095,13.683392
2004-02-12,143.600091,145.452339,2.248,134.326683
2004-02-13,63.668986,60.610615,4.04381,94.133003
2004-02-14,12.264053,14.494029,2.255619,26.219045
2004-02-15,1.09585,0.896309,5.990476,16.991551
2004-02-16,3.781875,3.512704,6.628952,12.787989
2004-02-17,0.004719,0.0,6.092381,9.129672
2004-02-18,0.0,0.0,4.709524,7.171011
2004-02-19,4.527863,4.396514,6.433143,6.311179
2004-02-20,0.879165,1.223556,6.579048,5.598636
2004-02-21,0.208307,0.558382,6.856,4.877755
2004-02-22,0.008026,0.0,5.92781,4.361411
2004-02-23,2.558272,7.277081,6.223238,4.258587
2004-02-24,8.378845,9.286633,6.169333,4.32584
2004-02-25,2.473774,6.38127,6.289143,4.647651
2004-02-26,0.0,0.0,5.353905,3.800603
2004-02-27,3.083056,1.315986,6.243238,3.357069
2004-02-28,0.153296,0.0,5.508572,3.104178
2004-02-29,2.885415,1.299734,3.804,3.024697
2004-03-01,19.704842,33.749856,5.048,5.278491
2004-03-02,0.037699,0.02511,3.927238,3.918989
2004-03-03,20.432991,13.634603,3.869714,3.522144
2004-03-04,8.033371,3.711715,3.908952,3.40598
2004-03-05,1.717452,0.524168,6.138667,3.059713
2004-03-06,0.001935,0.0,5.692,2.724562
2004-03-07,0.0,0.0,6.400952,2.497793
2004-03-08,0.0,0.0,6.353905,2.333274
2004-03-09,0.0,0.0,6.682667,2.187097
2004-03-10,0.0,0.0,6.647619,2.073157
2004-03-11,0.001838,0.0,4.152571,1.988675
2004-03-12,60.975086,56.642096,4.161143,2.521693
2004-03-13,24.215164,18.353077,4.779238,5.827072
2004-03-14,16.633372,6.289112,4.778476,4.094068
2004-03-15,41.338689,23.624285,3.506476,3.689441
2004-03-16,44.957374,42.228897,5.224,15.742654
2004-03-17,4.994529,0.659408,2.336381,8.159235
2004-03-18,68.594541,73.641128,2.152762,20.587061
2004-03-19,17.298287,11.371563,2.551429,16.208976
2004-03-20,68.33474,50.759202,3.104381,22.722468
2004-03-21,1.290474,0.364716,3.975048,22.644656
2004-03-22,0.0,0.0,5.953143,12.427826
2004-03-23,0.0,0.0,5.365143,8.613328
2004-03-24,2.589116,2.335368,3.73581,7.184351
2004-03-25,3.331583,2.916548,2.169333,6.325074
2004-03-26,2.183817,1.587822,4.985905,5.827072
2004-03-27,1.854996,0.979338,5.06381,5.128424
2004-03-28,8.08753,5.865712,5.762095,5.048388
2004-03-29,0.111693,0.577069,5.124572,4.43978
2004-03-30,0.0,0.0,5.09581,3.974014
2004-03-31,1.387892,0.189664,5.248381,3.669988
2004-04-01,0.458873,0.079783,5.312572,3.421543
2004-04-02,0.253426,0.07291,4.375048,3.165872
2004-04-03,1.956602,0.383384,3.969714,2.98857
2004-04-04,9.271935,2.902028,3.932381,2.922985
2004-04-05,0.961079,0.200133,3.698667,2.74068
2004-04-06,3.163568,1.36948,3.625333,2.65453
2004-04-07,2.637308,1.594096,4.258667,2.505018
2004-04-08,2.142331,0.950836,3.936762,2.414422
2004-04-09,1.30811,0.163578,3.284,2.292701
2004-04-10,7.299128,4.446622,3.716381,2.238232
2004-04-11,12.919189,10.080698,2.987238,2.431652
2004-04-12,10.191235,3.187973,3.156952,2.394413
2004-04-13,5.554674,1.674804,3.897714,2.272136
2004-04-14,2.375314,1.14303,3.782476,2.234341
2004-04-15,1.007011,0.235565,4.192571,2.048146
2004-04-16,0.08447,0.032161,2.506286,1.942543
2004-04-17,0.222429,0.066267,1.579238,1.880848
2004-04-18,4.079987,3.461673,2.658667,1.884739
2004-04-19,0.724743,0.044532,4.235429,1.838607
2004-04-20,0.03843,0.016557,4.915048,1.762461
2004-04-21,0.250121,0.574206,4.160381,1.704102
2004-04-22,0.455305,0.634971,4.098667,1.670198
2004-04-23,2.947491,1.190592,3.719238,1.644075
2004-04-24,13.331574,11.209323,2.686667,1.751901
2004-04-25,62.042602,45.296733,1.766857,3.755582
2004-04-26,95.772214,72.498288,2.034476,10.549757
2004-04-27,31.192859,17.623748,2.160571,18.447207
2004-04-28,25.416475,13.147594,2.103429,19.6383
2004-04-29,27.112587,17.429507,3.672191,14.885045
2004-04-30,2.819388,3.996733,2.124952,9.517625
2004-05-01,0.004103,0.0,2.510857,6.570741
2004-05-02,0.031507,0.0,3.020381,5.365753
2004-05-03,0.742044,0.108883,2.305143,4.660435
2004-05-04,7.657796,3.473644,3.073714,4.322505
2004-05-05,5.797485,2.996705,3.485143,4.241357
2004-05-06,6.821773,4.90456,3.272952,4.038488
2004-05-07,0.194349,0.126997,2.325143,3.708339
2004-05-08,10.261386,4.219386,2.218667,3.495465
2004-05-09,4.75162,2.615397,3.271238,3.789487
2004-05-10,9.140273,13.456535,4.090286,3.880639
2004-05-11,0.100459,0.007041,4.174857,3.391529
2004-05-12,0.0,0.0,3.981905,3.155868
2004-05-13,0.287535,0.201672,4.031238,2.998019
2004-05-14,0.0,0.0,3.943429,2.838502
2004-05-15,0.0,0.0,2.005143,2.721227
2004-05-16,0.045523,0.003428,3.324762,2.641191
2004-05-17,0.0,0.0,4.106095,2.537255
2004-05-18,0.0,0.0,3.185714,2.434431
2004-05-19,0.0,0.0,3.879238,2.359953
2004-05-20,0.017344,0.001712,3.282095,2.30604
2004-05-21,0.102612,0.163153,2.196571,2.236564
2004-05-22,7.073292,9.00343,2.806476,2.217667
2004-05-23,5.264453,3.964553,2.905333,2.338832
2004-05-24,6.470329,3.770465,3.799619,2.274915
2004-05-25,0.253614,0.064551,3.920381,2.317156
2004-05-26,0.074353,0.0,4.04381,2.136519
2004-05-27,0.0,0.0,4.011238,2.056483
2004-05-28,1.366949,0.838788,1.976762,2.029248
2004-05-29,1.953592,2.002212,1.253524,2.045367
2004-05-30,0.0,0.0,1.466286,2.003681
2004-05-31,0.003622,0.0,3.061333,1.932538
2004-06-01,1.920848,0.613833,2.752381,1.891408
2004-06-02,9.101987,4.047993,2.649905,1.943654
2004-06-03,6.989174,2.625237,2.636,1.990898
2004-06-04,1.090938,0.303925,3.42419,1.945877
2004-06-05,0.02869,0.012553,2.885905,1.833049
2004-06-06,2.041724,0.92587,2.474286,1.775801
2004-06-07,12.296616,3.953042,2.8,1.90308
2004-06-08,0.889122,0.237276,3.582286,1.907527
2004-06-09,0.269682,0.225314,3.220191,1.756903
2004-06-10,0.549022,0.598049,3.608762,1.674088
2004-06-11,0.069263,0.008559,3.527238,1.619619
2004-06-12,0.001977,0.0,3.310286,1.567373
2004-06-13,0.698103,0.749483,2.811048,1.530134
2004-06-14,0.149414,0.010271,1.903619,1.518463
2004-06-15,0.39149,0.599325,1.989714,1.493451
2004-06-16,0.0,0.0,1.496952,1.466217
2004-06-17,0.0,0.0,1.808191,1.422308
2004-06-18,0.0,0.0,1.473714,1.360058
2004-06-19,0.0,0.0,2.554476,1.319484
2004-06-20,0.0,0.0,1.00381,1.311703
2004-06-21,0.0,0.0,1.402667,1.272796
2004-06-22,3.5e-05,0.0,2.423619,1.252787
2004-06-23,0.000472,0.0,1.941905,1.253899
2004-06-24,1.0159,0.835312,2.226286,1.27891
2004-06-25,0.269872,0.20357,3.282286,1.25112
2004-06-26,0.0,0.0,2.069714,1.243894
2004-06-27,0.0,0.0,2.309905,1.202765
2004-06-28,0.0,0.0,2.318667,1.169972
2004-06-29,0.0,0.0,1.409905,1.153854
2004-06-30,1.779033,0.475369,2.027238,1.166637
2004-07-01,9.245264,5.925891,1.885333,1.212769
2004-07-02,4.126224,1.860336,2.514667,1.333935
2004-07-03,4.286075,2.774394,1.521714,1.281133
2004-07-04,3.764699,2.463734,3.201333,1.442873
2004-07-05,2.630389,1.198803,2.612381,1.292249
2004-07-06,0.619042,0.33405,3.783238,1.218883
2004-07-07,0.0,0.0,3.521714,1.166637
2004-07-08,0.208499,0.042613,2.615048,1.138847
2004-07-09,0.000223,0.0,3.208762,1.11717
2004-07-10,3.5e-05,0.0,3.140571,1.107166
2004-07-11,2.290231,0.671217,2.537524,1.091048
2004-07-12,3.668371,0.732361,2.886667,1.089936
2004-07-13,0.173199,0.057501,3.890095,1.102719
2004-07-14,0.0,0.0,3.36381,1.049918
2004-07-15,0.0,0.0,3.039619,1.030465
2004-07-16,0.283477,0.051941,3.397905,1.019904
2004-07-17,0.229507,0.0,3.81981,1.004898
2004-07-18,0.000329,0.0,1.500381,0.99656
2004-07-19,0.0,0.0,1.812191,0.973772
2004-07-20,0.0,0.0,1.929905,0.950984
2004-07-21,0.0,0.0,2.681714,0.944315
2004-07-22,0.0,0.0,2.311238,0.94098
2004-07-23,0.397666,0.215018,2.296381,0.93431
2004-07-24,4.039243,3.900905,2.408,0.938201
2004-07-25,6.829754,4.359562,3.357905,1.01379
2004-07-26,0.918683,0.146042,3.981143,1.069371
2004-07-27,0.0,0.0,4.094095,0.949317
2004-07-28,0.248378,0.253271,3.717333,0.919859
2004-07-29,0.0,0.0,3.597333,0.892625
2004-07-30,8.428679,2.793081,2.873143,0.896515
2004-07-31,2.003153,0.532549,3.074095,0.910411
2004-08-01,0.225727,0.08971,3.156952,0.888178
2004-08-02,8.4e-05,0.0,3.894095,0.862611
2004-08-03,0.002798,0.001712,4.138286,0.839267
2004-08-04,0.0,0.0,3.896381,0.804807
2004-08-05,0.0,0.0,2.884572,0.760343
2004-08-06,0.0,0.0,2.512,0.738111
2004-08-07,0.000329,0.0,3.694476,0.705874
2004-08-08,0.001029,0.0,4.214857,0.685309
2004-08-09,0.0004,0.0,2.634476,0.697537
2004-08-10,0.0,0.0,3.973905,0.656963
2004-08-11,0.000578,0.0,3.747429,0.633619
2004-08-12,0.0,0.0,4.001714,0.663633
2004-08-13,0.0,0.0,3.042667,0.640289
2004-08-14,6.846624,16.11389,4.364762,0.60305
2004-08-15,0.0,0.0,3.132762,0.580817
2004-08-16,0.0,0.0,3.567238,0.563587
2004-08-17,5.2e-05,0.0,4.214857,0.547469
2004-08-18,0.0,0.0,3.870667,0.558585
2004-08-19,0.0,0.0,3.514286,0.550248
2004-08-20,0.0,0.0,3.3,0.52746
2004-08-21,0.0,0.0,4.201143,0.511898
2004-08-22,5.2e-05,0.0,4.130095,0.510786
2004-08-23,0.0,0.0,4.381714,0.507451
2004-08-24,0.0,0.0,4.821334,0.506339
2004-08-25,0.0,0.0,2.972952,0.491888
2004-08-26,2.438261,0.910259,3.492762,0.482996
2004-08-27,3.062489,5.85407,4.610667,0.569146
2004-08-28,0.425783,0.129303,4.881714,0.594157
2004-08-29,0.877498,1.120887,4.403619,0.540244
2004-08-30,0.426799,0.105717,4.728381,0.55525
2004-08-31,0.0,0.0,4.848762,0.549692
2004-09-01,0.0,0.0,2.858667,0.501337
2004-09-02,0.000543,0.0,3.644,0.496335
2004-09-03,0.0,0.0,2.434857,0.479105
2004-09-04,2.395999,3.471587,3.0,0.498002
2004-09-05,2.593856,1.021659,3.470667,0.659742
2004-09-06,4.406594,3.636691,3.466286,0.631952
2004-09-07,6.061081,4.879202,3.630095,0.93431
2004-09-08,0.06766,0.014265,4.770476,0.839823
2004-09-09,0.150952,0.105076,2.773333,0.603606
2004-09-10,0.005685,0.0,2.444952,0.528572
2004-09-11,0.966369,1.478796,4.372953,0.498558
2004-09-12,0.001804,0.0,4.361333,0.499114
2004-09-13,0.001127,0.0,3.893524,0.477438
2004-09-14,0.027147,0.027017,3.900952,0.44131
2004-09-15,0.000134,0.0,4.106286,0.438531
2004-09-16,0.018045,0.001712,4.303048,0.424636
2004-09-17,0.000649,0.0,4.760381,0.415187
2004-09-18,0.04463,0.0,5.152,0.39629
2004-09-19,0.000229,0.0,5.220381,0.393511
2004-09-20,0.00444,0.0,5.440952,0.385729
2004-09-21,1.7e-05,0.0,5.019048,0.36572
2004-09-22,0.582186,0.89232,3.175048,0.357939
2004-09-23,1.386793,0.242434,3.98,0.38295
2004-09-24,0.05561,0.0,5.871619,0.389064
2004-09-25,0.0,0.0,4.44,0.379616
2004-09-26,0.0,0.0,5.757524,0.356272
2004-09-27,0.001246,0.0,5.731619,0.353493
2004-09-28,0.0,0.0,5.411429,0.340709
2004-09-29,0.037167,0.012553,4.638286,0.32737
2004-09-30,0.000781,0.0,5.181524,0.324035
2004-10-01,0.0004,0.0,5.81181,0.322923
2004-10-02,0.0,0.0,5.662667,0.329593
2004-10-03,0.0,0.0,4.983048,0.319589
2004-10-04,0.0,0.0,5.673714,0.324035
2004-10-05,0.0,0.0,5.326286,0.304582
2004-10-06,0.000712,0.0,5.518095,0.296801
2004-10-07,0.000716,0.0,5.302667,0.294021
2004-10-08,0.0,0.0,5.84,0.285129
2004-10-09,0.000402,0.0,2.420952,0.28235
2004-10-10,0.338531,0.208103,5.757714,0.281238
2004-10-11,0.477102,0.812303,5.397524,0.285684
2004-10-12,0.000592,0.0,4.055619,0.292354
2004-10-13,0.166466,0.080952,3.936381,0.281794
2004-10-14,0.321142,0.048349,3.661524,0.273457
2004-10-15,0.398125,0.178026,2.417714,0.27568
2004-10-16,1.737865,3.143577,4.493143,0.319589
2004-10-17,0.117677,0.014265,5.634095,0.366832
2004-10-18,0.0,0.0,5.673714,0.341821
2004-10-19,0.000692,0.0,4.548762,0.288463
2004-10-20,24.329663,31.335769,5.67581,0.639733
2004-10-21,5e-05,0.0,5.494857,0.646403
2004-10-22,0.0,0.0,6.416762,0.357939
2004-10-23,0.029176,0.02511,6.506857,0.319589
2004-10-24,0.0,0.0,5.568,0.304026
2004-10-25,0.001471,0.0,6.181714,0.294577
2004-10-26,0.0,0.0,5.964,0.284017
2004-10-27,0.0,0.0,6.370667,0.270122
2004-10-28,0.0,0.0,6.211048,0.261229
2004-10-29,0.0,0.0,6.433333,0.25845
2004-10-30,0.0,0.0,5.375619,0.256227
2004-10-31,2.7205,7.687702,4.824953,0.264564
2004-11-01,3.959773,8.854802,5.415619,0.346823
2004-11-02,0.239373,0.707395,5.704762,0.353493
2004-11-03,0.0,0.0,6.066286,0.307917
2004-11-04,1.7e-05,0.0,5.472762,0.281238
2004-11-05,0.0,0.0,4.168953,0.257338
2004-11-06,0.084898,0.0,4.838667,0.250669
2004-11-07,0.135316,0.0,5.828572,0.236218
2004-11-08,0.0,0.0,5.700762,0.366832
2004-11-09,1.915281,1.784493,5.334857,0.390732
2004-11-10,0.295804,0.164884,6.350667,0.385729
2004-11-11,1.1796,0.455436,6.098667,0.375725
2004-11-12,0.0,0.0,6.0,0.362941
2004-11-13,0.0,0.0,6.252762,0.349602
2004-11-14,1.7e-05,0.0,5.759048,0.326814
2004-11-15,2.026021,1.628904,5.616952,0.346267
2004-11-16,0.034085,0.012553,5.148571,0.336263
2004-11-17,0.039942,0.005326,4.540952,0.327926
2004-11-18,0.379758,0.030449,4.669333,0.331816
2004-11-19,0.410508,1.403931,5.841333,0.345711
2004-11-20,1.865004,4.885638,5.510095,0.356272
2004-11-21,4.798008,9.235985,5.26,0.45854
2004-11-22,1.165776,3.427921,5.306476,0.639177
2004-11-23,4.125203,0.191415,3.588191,0.421857
2004-11-24,32.510986,17.516695,2.412381,0.441866
2004-11-25,31.518512,42.345867,4.315048,1.488449
2004-11-26,1.41311,2.228311,4.835048,1.059367
2004-11-27,10.234916,7.82991,4.916762,0.828707
2004-11-28,3.531656,3.394741,4.533334,0.766457
2004-11-29,4.362894,1.422999,5.706095,0.703651
2004-11-30,0.0,0.0,5.934476,0.604717
2004-12-01,0.0,0.0,6.222667,0.472435
2004-12-02,0.0,0.0,6.413905,0.41352
2004-12-03,0.0,0.0,5.907238,0.380171
2004-12-04,0.000426,0.0,4.376762,0.356272
2004-12-05,0.0,0.0,5.714857,0.341821
2004-12-06,0.322558,0.219025,5.561714,0.32737
2004-12-07,0.05885,0.0569,5.228953,0.306249
2004-12-08,0.218843,0.025137,3.442286,0.294021
2004-12-09,28.421017,30.504138,5.350476,0.60694
2004-12-10,21.238499,15.334071,5.973524,0.933199
2004-12-11,14.079347,17.948724,6.410667,1.039358
2004-12-12,4.742855,1.647515,6.408191,0.800361
2004-12-13,3.244286,0.31882,6.428191,0.514121
2004-12-14,6.821758,4.546248,5.048572,0.418522
2004-12-15,10.334217,12.127573,6.649714,0.436864
2004-12-16,0.275718,0.201672,7.113333,0.660298
2004-12-17,0.000184,0.0,6.334476,0.412964
2004-12-18,8.054342,11.981677,6.112,0.425192
2004-12-19,0.051715,0.105315,6.046095,0.499114
2004-12-20,0.008484,0.0,6.511429,0.469656
2004-12-21,1.302807,0.95843,6.669143,0.37906
2004-12-22,1.659012,1.351384,4.267429,0.343488
2004-12-23,21.496209,38.053863,4.846667,2.022023
2004-12-24,0.0,0.0,4.53581,1.092715
2004-12-25,4.465993,8.150037,3.496381,0.800917
2004-12-26,0.411979,0.096504,3.320571,0.619168
2004-12-27,0.897759,1.049855,3.156762,0.54469
2004-12-28,13.022919,13.063765,4.95581,0.757564
2004-12-29,2.918795,2.630641,6.220191,1.25112
2004-12-30,16.636607,9.956888,5.294476,0.992114
2004-12-31,50.982876,77.097297,4.953905,5.051722
2005-01-01,0.920192,0.713506,3.675048,2.135407
2005-01-02,5.199384,6.879164,3.927238,1.239448
2005-01-03,3.552353,4.265285,6.990095,1.218327
2005-01-04,0.082695,0.090014,6.573334,1.128287
2005-01-05,0.211246,0.0,6.526476,0.964324
2005-01-06,1.135941,0.785452,6.534476,0.860944
2005-01-07,1.173871,1.159212,6.546857,0.805363
2005-01-08,1.145924,0.266388,5.578476,0.753673
2005-01-09,11.304697,8.949652,2.983048,0.870948
2005-01-10,38.468205,16.498793,4.341143,1.538472
2005-01-11,2.662228,3.499024,5.555619,1.949768
2005-01-12,2.243977,0.948738,5.332,1.326709
2005-01-13,0.931453,0.13859,5.486667,1.161635
2005-01-14,0.062055,0.003428,4.309143,1.050474
2005-01-15,2.204741,1.435401,6.161714,0.953763
2005-01-16,2.807197,2.632135,2.526857,0.927641
2005-01-17,23.895234,16.764158,5.620953,1.174974
2005-01-18,0.00324,0.149109,6.478857,1.231667
2005-01-19,1.607232,1.253095,4.724381,1.005453
2005-01-20,42.384911,44.074856,2.337714,0.997672
2005-01-21,9.649888,6.448717,1.987429,4.764371
2005-01-22,43.001551,48.851559,1.744,12.397813
2005-01-23,49.619978,47.44722,3.417714,27.221164
2005-01-24,17.942383,16.629092,3.768381,13.93017
2005-01-25,26.496676,23.705084,3.370857,8.217594
2005-01-26,50.181057,33.322999,4.395619,17.485663
2005-01-27,6.758423,0.375771,5.106476,9.804977
2005-01-28,1.780406,0.974441,5.94781,4.633756
2005-01-29,0.020911,0.0,6.208,3.096396
2005-01-30,5.548748,11.512522,7.48,2.523916
2005-01-31,0.002018,0.0,7.325714,2.028137
2005-02-01,0.0,0.0,7.214286,1.712439
2005-02-02,0.0,0.0,6.375048,1.535692
2005-02-03,16.250675,6.97463,5.764381,1.402855
2005-02-04,0.286741,0.078436,4.711048,1.376732
2005-02-05,0.003888,0.0,5.660953,1.256122
2005-02-06,0.028666,0.045878,5.228,1.160523
2005-02-07,2.09053,23.244692,5.701905,1.744676
2005-02-08,0.283482,0.52623,5.613714,1.300586
2005-02-09,8.454464,2.284539,5.824381,1.246117
2005-02-10,0.13657,0.012553,4.487619,1.16497
2005-02-11,0.000229,0.0,5.683619,1.06159
2005-02-12,0.203259,0.0,5.757714,0.99934
2005-02-13,0.622052,0.336715,5.86381,0.983221
2005-02-14,0.742712,0.597994,6.755048,0.973772
2005-02-15,0.001674,0.0,4.623619,0.952096
2005-02-16,28.668263,25.174435,4.126095,1.083266
2005-02-17,2.508605,0.766839,6.855619,1.568485
2005-02-18,0.87976,0.415979,6.90781,1.059922
2005-02-19,2.425759,2.224877,6.481143,0.956542
2005-02-20,0.143036,0.071199,6.808,0.904852
2005-02-21,0.0,0.0,6.530667,0.871504
2005-02-22,0.027096,0.0,5.559238,0.845381
2005-02-23,0.077606,0.0,6.474667,0.827595
2005-02-24,0.0,0.0,6.604762,0.808698
2005-02-25,0.024548,0.0,6.437333,0.788689
2005-02-26,0.0,0.0,6.339619,0.766457
2005-02-27,2.145681,0.946467,6.103048,0.744224
2005-02-28,0.99832,0.325103,5.265143,0.729774
2005-03-01,2.518131,0.527709,4.694857,0.717546
2005-03-02,9.588244,4.735729,5.410286,0.71699
2005-03-03,5.576483,6.583402,4.958667,0.71699
2005-03-04,4.590696,1.879989,4.284,0.726994
2005-03-05,0.0,0.0,5.329333,0.711988
2005-03-06,0.090759,0.0,5.39981,0.68253
2005-03-07,0.0,0.0,4.700952,0.667523
2005-03-08,0.764946,0.33786,4.451238,0.661409
2005-03-09,2.569554,6.349787,3.602476,0.657519
2005-03-10,10.471897,6.785804,3.301143,0.69976
2005-03-11,20.021724,22.815762,2.877714,0.719769
2005-03-12,76.787896,64.035971,2.364191,5.774826
2005-03-13,8.394176,9.266244,3.522667,3.489351
2005-03-14,2.929608,3.258044,1.907619,1.629068
2005-03-15,2.009914,0.647921,3.213143,1.302254
2005-03-16,1.701484,0.223957,5.188191,1.143293
2005-03-17,0.179379,0.61879,4.928762,1.047139
2005-03-18,0.0,0.0,1.835048,0.973217
2005-03-19,1.400281,0.126257,3.747048,0.928752
2005-03-20,0.428346,0.292564,4.976,0.929864
2005-03-21,0.0,0.0,5.782667,0.903185
2005-03-22,0.001291,0.0,5.806095,0.852607
2005-03-23,0.0,0.0,4.873333,0.825372
2005-03-24,0.045186,0.02511,5.711619,0.798693
2005-03-25,0.001983,0.0,6.214857,0.777573
2005-03-26,0.0,0.0,5.961524,0.762566
2005-03-27,0.0,0.0,6.284381,0.75145
2005-03-28,5.269708,13.516121,5.262095,0.767568
2005-03-29,2.96872,4.532905,5.322857,0.909855
2005-03-30,0.077028,0.033669,4.597905,0.8137
2005-03-31,0.098934,0.035385,4.973714,0.756452
2005-04-01,6.233746,3.323394,4.837524,0.739222
2005-04-02,18.631895,10.22509,3.652191,0.871504
2005-04-03,4.46343,2.127419,3.944952,1.03769
2005-04-04,3.86691,1.658634,3.243238,0.845937
2005-04-05,6.993782,5.327244,4.330476,0.93042
2005-04-06,2.520848,0.702452,4.298476,0.872616
2005-04-07,3.017682,0.432313,3.313333,0.797026
2005-04-08,5.496148,2.757144,4.963429,0.78591
2005-04-09,33.145831,24.880937,5.140191,0.822593
2005-04-10,17.430841,8.85881,3.880571,1.966442
2005-04-11,21.717907,13.775552,3.031048,2.145412
2005-04-12,11.066652,7.891004,3.198857,2.996907
2005-04-13,13.355266,5.366248,3.044952,2.042032
2005-04-14,2.618886,1.502628,3.5,1.680202
2005-04-15,0.851332,0.128193,3.245333,1.351165
2005-04-16,0.025117,0.0,4.430667,1.190537
2005-04-17,0.802833,0.169473,4.658095,1.091603
2005-04-18,0.00869,0.0,5.267238,1.034355
2005-04-19,0.00718,0.0,4.758667,0.984333
2005-04-20,0.227719,0.069488,4.775429,0.942647
2005-04-21,0.005848,0.0,3.780952,0.914857
2005-04-22,8.662917,3.699622,3.244,0.89596
2005-04-23,9.667513,9.409673,2.575048,1.188869
2005-04-24,8.469957,5.160912,3.816,1.002674
2005-04-25,4.353116,1.547756,3.898667,1.11717
2005-04-26,4.185869,1.010048,3.756381,1.014902
2005-04-27,2.780843,1.152487,3.411238,0.968214
2005-04-28,5.887416,1.724698,3.558667,0.942647
2005-04-29,3.052264,0.531951,2.623619,0.924306
2005-04-30,7.466728,2.37596,4.075048,0.950429
2005-05-01,0.0,0.0,4.688191,0.930975
2005-05-02,0.0,0.0,4.626476,0.874839
2005-05-03,1.265045,0.578394,3.850857,0.840935
2005-05-04,0.746386,0.733446,3.381714,0.825372
2005-05-05,0.175969,0.026826,3.479429,0.813144
2005-05-06,3.121006,0.99767,2.717143,0.807031
2005-05-07,1.152666,1.482998,3.826667,0.799249
2005-05-08,6.455991,3.424165,2.605524,0.791468
2005-05-09,13.421036,10.565877,4.081524,1.48567
2005-05-10,2.35194,3.221496,2.360952,1.19943
2005-05-11,0.711084,0.63218,2.010476,1.011567
2005-05-12,0.474068,0.252728,4.444,0.933754
2005-05-13,0.0,0.0,3.058286,0.884843
2005-05-14,0.029732,0.026826,3.804952,0.838156
2005-05-15,0.0,0.0,3.948381,0.808142
2005-05-16,0.0,0.0,3.779048,0.790356
2005-05-17,0.0,0.0,3.659048,0.771459
2005-05-18,0.0,0.0,3.645714,0.750338
2005-05-19,0.0,0.0,3.508381,0.74478
2005-05-20,0.27394,0.211942,4.046476,0.735332
2005-05-21,0.0,0.0,3.846476,0.726994
2005-05-22,0.0,0.0,3.443619,0.718657
2005-05-23,0.0,0.0,2.958667,0.711988
2005-05-24,0.000476,0.0,2.6,0.705874
2005-05-25,0.031339,0.0,2.889714,0.69976
2005-05-26,0.0,0.0,2.091048,0.693646
2005-05-27,0.0,0.0,2.102095,0.686976
2005-05-28,0.0,0.0,2.437905,0.680307
2005-05-29,0.124788,0.042629,3.114095,0.674749
2005-05-30,0.000456,0.0,2.329905,0.670858
2005-05-31,0.054115,0.0,1.726095,0.666967
2005-06-01,0.629663,0.07311,2.795238,0.663633
2005-06-02,3.789541,0.918256,2.122095,0.660854
2005-06-03,0.397214,0.064551,2.676571,0.659742
2005-06-04,2.87107,0.677491,2.102857,0.658075
2005-06-05,4.028635,1.558996,2.024571,0.679751
2005-06-06,13.556042,10.216128,2.633333,0.725327
2005-06-07,13.36724,8.951181,3.058667,1.053253
2005-06-08,4.540554,1.347591,2.692,0.853718
2005-06-09,7.854996,3.058431,2.775048,0.782575
2005-06-10,1.185415,0.35977,3.097714,0.810921
2005-06-11,1.756609,2.780765,3.470667,0.739222
2005-06-12,0.109604,0.260772,3.199619,0.71032
2005-06-13,1.511683,1.729858,3.728952,0.69976
2005-06-14,0.073203,0.0293,2.544381,0.690867
2005-06-15,0.137426,0.01885,3.712571,0.688644
2005-06-16,0.221709,0.017139,2.855429,0.70643
2005-06-17,0.588385,0.659969,2.588952,0.676416
2005-06-18,0.545523,0.062857,2.610857,0.676972
2005-06-19,1.176905,1.509478,3.16381,0.708653
2005-06-20,0.0,0.0,3.549143,0.705874
2005-06-21,0.001339,0.0,3.144571,0.663077
2005-06-22,0.795448,0.838055,1.126667,0.647514
2005-06-23,0.334838,0.0,0.342667,0.689755
2005-06-24,0.055575,0.0,0.349905,0.65863
2005-06-25,8.4e-05,0.0,1.696381,0.621947
2005-06-26,0.044063,0.001712,1.641333,0.611943
2005-06-27,3.578317,2.621104,2.046286,0.625838
2005-06-28,1.461042,1.410573,1.93981,0.65474
2005-06-29,6.318973,5.202222,2.441333,0.665856
2005-06-30,0.033251,0.0,2.458667,0.670858
2005-07-01,0.787059,0.260328,3.008762,0.634731
2005-07-02,0.582052,0.014265,3.548762,0.620836
2005-07-03,0.014407,0.0,1.718476,0.613054
2005-07-04,0.762766,0.243029,0.909524,0.601382
2005-07-05,19.153212,39.240926,2.402476,0.624726
2005-07-06,9.071257,16.64487,2.553905,0.797026
2005-07-07,1.982506,2.010216,2.526286,0.690311
2005-07-08,2.089169,2.946261,2.950095,0.67197
2005-07-09,0.620584,0.052324,3.650095,0.653072
2005-07-10,0.021421,0.0,2.340952,0.626949
2005-07-11,0.001481,0.0,1.618095,0.606385
2005-07-12,0.02606,0.0,3.092571,0.58582
2005-07-13,7.8e-05,0.0,3.087429,0.577483
2005-07-14,0.0,0.0,3.833714,0.582485
2005-07-15,0.0,0.0,3.461714,0.577483
2005-07-16,7.8e-05,0.0,3.298476,0.568034
2005-07-17,0.0,0.0,3.265905,0.560253
2005-07-18,0.0,0.0,2.826095,0.553027
2005-07-19,0.691966,1.868935,1.256,0.555806
2005-07-20,20.726525,21.898983,1.244571,0.659186
2005-07-21,24.916981,27.834824,2.3,1.740229
2005-07-22,6.800102,5.88244,2.047429,0.889846
2005-07-23,3.243862,1.464696,1.494095,0.689755
2005-07-24,9.713201,11.034803,2.070286,0.649737
2005-07-25,0.361168,0.302285,3.160572,0.646958
2005-07-26,3.686765,9.343794,1.981333,0.618612
2005-07-27,0.108449,0.0,4.001714,0.612498
2005-07-28,0.000164,0.0,3.932381,0.580817
2005-07-29,0.0,0.0,3.921714,0.561364
2005-07-30,0.073932,0.0,2.696571,0.548025
2005-07-31,1.496363,1.49552,3.182286,0.540244
2005-08-01,6.915508,3.837465,1.465905,0.531351
2005-08-02,41.523547,35.743206,1.483619,0.724215
2005-08-03,16.472117,18.447164,2.046667,1.980893
2005-08-04,12.764842,11.578471,2.815429,2.616736
2005-08-05,0.881669,1.211751,3.536762,1.860839
2005-08-06,0.410785,0.440908,1.721524,1.200541
2005-08-07,0.005214,0.0,3.233714,0.984333
2005-08-08,3.691233,9.976186,2.853524,0.864834
2005-08-09,2.241425,0.067208,2.694286,0.804807
2005-08-10,0.899165,0.097327,3.01981,0.77924
2005-08-11,0.006866,0.0,3.874095,0.728106
2005-08-12,0.687682,0.396173,3.043619,0.704206
2005-08-13,1.749044,1.910276,2.211048,0.689755
2005-08-14,0.104258,0.007998,2.977714,0.65474
2005-08-15,3.9e-05,0.0,2.382286,0.63751
2005-08-16,1.19111,0.492185,3.14,0.628061
2005-08-17,6.463231,4.498981,3.394857,0.63084
2005-08-18,8.771313,6.054206,2.996952,0.624726
2005-08-19,2.74349,1.50817,2.735048,0.630284
2005-08-20,0.183049,0.003994,3.275048,0.61361
2005-08-21,0.046516,0.0,4.402667,0.592489
2005-08-22,3.9e-05,0.0,4.486857,0.581929
2005-08-23,0.068588,0.0,4.283429,0.589155
2005-08-24,0.102688,0.233819,4.116381,0.578038
2005-08-25,1.077015,1.945058,2.901905,0.569146
2005-08-26,2.382643,2.440781,2.257333,0.562476
2005-08-27,0.176728,0.0,2.854667,0.556918
2005-08-28,4.142974,4.3563,2.247048,0.550804
2005-08-29,5.881228,7.004373,3.121333,0.551916
2005-08-30,6.712511,4.498234,3.197905,0.590266
2005-08-31,4.091806,5.13997,3.988762,0.616945
2005-09-01,3.500206,3.910583,3.650667,0.584152
2005-09-02,3.604635,2.559564,3.680571,0.610831
2005-09-03,0.146196,0.0,4.381333,0.586931
2005-09-04,0.0,0.0,4.884,0.550248
2005-09-05,0.000143,0.0,5.129714,0.533574
2005-09-06,0.204801,0.0,4.572952,0.519679
2005-09-07,0.015584,0.001712,4.865524,0.509118
2005-09-08,0.922772,1.355052,4.24,0.502449
2005-09-09,1.31705,1.558281,3.704381,0.52079
2005-09-10,0.000225,0.0,4.492381,0.545246
2005-09-11,0.001557,0.0,2.865714,0.505228
2005-09-12,1.762167,0.298644,4.732952,0.498002
2005-09-13,0.20043,0.008559,4.561143,0.497447
2005-09-14,0.021494,0.003994,5.340952,0.490777
2005-09-15,0.0,0.0,5.291429,0.482996
2005-09-16,0.000813,0.0,3.285333,0.474658
2005-09-17,0.0001,0.0,2.700381,0.468545
2005-09-18,0.0,0.0,3.966286,0.464098
2005-09-19,1.7e-05,0.0,4.674476,0.457984
2005-09-20,0.072483,0.0,2.432762,0.454649
2005-09-21,0.074092,0.0,5.330667,0.456317
2005-09-22,0.000977,0.0,4.137333,0.453538
2005-09-23,0.000556,0.0,4.698286,0.445201
2005-09-24,0.18412,0.232498,4.712,0.437419
2005-09-25,0.001581,0.0,4.929714,0.432417
2005-09-26,0.033616,0.062389,5.172762,0.43075
2005-09-27,0.004221,0.0,5.761714,0.429638
2005-09-28,0.0,0.0,5.540952,0.424636
2005-09-29,0.000262,0.0,5.315238,0.420189
2005-09-30,0.0,0.0,5.242667,0.415187
2005-10-01,0.0,0.0,5.252952,0.408518
2005-10-02,0.0,0.0,5.150095,0.403515
2005-10-03,0.0,0.0,5.465333,0.402959
2005-10-04,0.00787,0.0,5.76,0.40018
2005-10-05,0.0,0.0,5.212,0.395734
2005-10-06,0.0,0.0,3.586667,0.391843
2005-10-07,0.0,0.0,4.003619,0.389064
2005-10-08,0.0,0.0,3.905333,0.387953
2005-10-09,0.000264,0.0,6.088191,0.385729
2005-10-10,0.000673,0.0,5.367238,0.37906
2005-10-11,0.003735,0.0,6.232762,0.37239
2005-10-12,0.120556,0.0,5.843238,0.372946
2005-10-13,0.002007,0.0,5.468953,0.376837
2005-10-14,0.022757,0.0,5.415048,0.374613
2005-10-15,0.0,0.0,4.198667,0.371834
2005-10-16,0.001224,0.0,5.446095,0.369055
2005-10-17,0.0,0.0,5.678286,0.366276
2005-10-18,0.265167,0.0,4.752,0.362386
2005-10-19,1.749814,0.155336,3.704,0.359607
2005-10-20,34.422134,20.133487,5.792572,0.472435
2005-10-21,3.956983,0.149665,5.326667,0.392955
2005-10-22,6.835344,3.557898,5.675048,0.267899
2005-10-23,0.482201,0.0,6.364,0.276236
2005-10-24,0.931763,0.341474,4.880381,0.334595
2005-10-25,12.723028,5.682782,6.082286,0.417966
2005-10-26,0.360404,0.0,6.250476,0.36572
2005-10-27,0.273726,0.0,5.996381,0.321256
2005-10-28,0.29292,0.0,5.548571,0.297356
2005-10-29,0.341027,0.0,6.183619,0.287352
2005-10-30,1.509293,0.991935,5.825143,0.279571
2005-10-31,0.520919,0.716356,6.424,0.285684
2005-11-01,0.059526,0.076273,6.07981,0.289019
2005-11-02,0.434193,0.660907,5.522857,0.276791
2005-11-03,1.89542,1.584931,5.676381,0.271789
2005-11-04,4.441378,5.258999,5.275048,0.310696
2005-11-05,0.578912,0.730429,5.899429,0.356272
2005-11-06,0.077915,0.032338,5.541333,0.305693
2005-11-07,1.7e-05,0.0,5.994286,0.282905
2005-11-08,0.016391,0.008559,6.061714,0.269566
2005-11-09,0.0,0.0,6.056762,0.261229
2005-11-10,0.0,0.0,5.437524,0.255671
2005-11-11,0.019879,0.622967,5.221524,0.251224
2005-11-12,6.206974,2.795944,6.383619,0.24789
2005-11-13,0.001066,0.0,5.668191,0.246222
2005-11-14,0.000977,0.0,5.605905,0.244555
2005-11-15,0.0,0.0,6.361714,0.242887
2005-11-16,0.0,0.0,5.496381,0.242332
2005-11-17,0.001843,0.0,4.133905,0.241776
2005-11-18,8.197586,10.63518,4.135238,0.248445
2005-11-19,1.026512,0.908136,5.838857,0.489109
2005-11-20,0.004302,0.0,3.955048,0.329037
2005-11-21,0.21268,0.0,4.542667,0.270678
2005-11-22,0.002403,0.0,5.017524,0.255671
2005-11-23,0.065154,0.106939,3.802667,0.243999
2005-11-24,1.167413,1.498459,4.044762,0.243999
2005-11-25,0.160454,0.094549,6.415429,0.257338
2005-11-26,0.001462,0.0,6.797905,0.26512
2005-11-27,0.177052,0.0,5.70781,0.245111
2005-11-28,0.290783,0.0,5.459048,0.235106
2005-11-29,0.512468,0.095777,5.604762,0.227881
2005-11-30,2.626895,2.971802,5.086286,0.31014
2005-12-01,2.137409,2.474785,6.341333,0.330705
2005-12-02,20.347656,20.934811,4.235048,0.281238
2005-12-03,5.830471,6.209308,6.933143,0.770347
2005-12-04,0.032022,0.0,6.999048,0.382395
2005-12-05,0.030707,0.0,7.143619,0.285684
2005-12-06,0.000982,0.0,6.146286,0.255115
2005-12-07,0.0,0.0,6.192572,0.243443
2005-12-08,0.0,0.0,5.985333,0.23455
2005-12-09,0.0,0.0,6.215048,0.226213
2005-12-10,0.000288,0.0,6.333143,0.219543
2005-12-11,0.0,0.0,6.487619,0.212874
2005-12-12,0.0,0.0,6.542667,0.209539
2005-12-13,0.0,0.0,6.108572,0.208983
2005-12-14,0.0,0.0,5.794095,0.20676
2005-12-15,0.0,0.0,6.409143,0.205648
2005-12-16,0.0,0.0,5.690286,0.201758
2005-12-17,0.002997,0.0,5.211048,0.20009
2005-12-18,1.067156,0.012371,4.058667,0.202869
2005-12-19,0.0,0.0,5.990857,0.201758
2005-12-20,0.0,0.0,5.444,0.198979
2005-12-21,0.0,0.0,5.593905,0.196755
2005-12-22,0.002016,0.0,4.382667,0.194532
2005-12-23,5.243947,8.602211,2.759048,0.193421
2005-12-24,36.49088,43.558231,4.41181,2.07149
2005-12-25,0.006988,0.0,5.74,0.782019
2005-12-26,0.021726,0.0,6.179238,0.362941
2005-12-27,0.298707,0.428515,6.628952,0.29291
2005-12-28,1.012442,1.086783,5.969333,0.272345
2005-12-29,1.133229,1.075957,5.730095,0.264564
2005-12-30,0.0,0.0,4.033905,0.257338
2005-12-31,0.245657,0.179565,5.24381,0.250113
2006-01-01,3.11239,2.970431,4.61181,0.262896
2006-01-02,3.754626,2.999563,5.390095,0.316254
2006-01-03,0.304453,0.206056,6.491048,0.333484
2006-01-04,0.000251,0.0,6.715429,0.302914
2006-01-05,0.0,0.0,6.299048,0.267899
2006-01-06,0.0,0.0,5.932762,0.250113
2006-01-07,0.0,0.0,6.122095,0.243443
2006-01-08,0.006765,0.0,4.612762,0.238441
2006-01-09,5.169734,0.0,4.619619,0.23455
2006-01-10,2.29223,1.479393,5.149143,0.240108
2006-01-11,16.706125,18.5057,3.542667,2.018688
2006-01-12,61.112744,80.266234,4.609143,11.1378
2006-01-13,49.582128,50.166829,3.473714,14.913392
2006-01-14,15.720253,16.493859,5.682476,6.65967
2006-01-15,2.762876,2.400135,4.942095,4.365858
2006-01-16,10.042225,12.309883,4.008571,2.67176
2006-01-17,5.711886,5.034213,5.172762,3.555492
2006-01-18,2.245047,1.528874,5.931048,3.084169
2006-01-19,0.28292,0.0,6.451048,2.226004
2006-01-20,1.471375,0.816704,6.960191,1.616284
2006-01-21,0.918806,1.353887,6.372381,1.293917
2006-01-22,3.185768,1.795737,5.082286,1.151075
2006-01-23,12.374319,15.639503,5.631619,2.526139
2006-01-24,8.669626,5.116748,4.765333,2.393301
2006-01-25,11.613754,12.719164,2.484762,5.801505
2006-01-26,19.072232,10.143574,3.196,4.231908
2006-01-27,61.050874,57.349083,3.929333,4.711569
2006-01-28,12.419087,5.355191,4.799238,6.090524
2006-01-29,47.429883,46.918814,2.417143,8.258724
2006-01-30,8.176646,7.521094,3.756,7.057627
2006-01-31,2.614474,1.454073,6.681143,4.289156
2006-02-01,0.17545,0.111306,7.225714,3.113626
2006-02-02,0.051819,0.0,6.749143,2.480563
2006-02-03,1.659868,0.0,6.060381,2.074269
2006-02-04,1.525348,1.254203,6.701524,1.948101
2006-02-05,1.636016,0.970977,7.071429,1.763017
2006-02-06,3.3e-05,0.0,6.760952,1.576822
2006-02-07,0.141527,0.0,6.813143,1.447875
2006-02-08,3.295485,4.038214,6.902667,1.350053
2006-02-09,0.197271,0.267614,6.003048,1.27891
2006-02-10,0.0,0.0,6.258667,1.207211
2006-02-11,0.006352,0.0,6.220952,1.154965
2006-02-12,0.047999,0.0,4.393143,1.107722
2006-02-13,4.565298,3.671787,6.613714,1.194427
2006-02-14,1.875616,2.954046,6.076952,1.152186
2006-02-15,2.604113,1.751577,5.820762,1.222218
2006-02-16,9.841856,11.824121,3.768572,1.163858
2006-02-17,20.38779,21.193344,5.424952,2.705109
2006-02-18,0.844349,0.360362,3.837524,1.862507
2006-02-19,0.149581,0.023394,5.517333,1.340049
2006-02-20,0.152007,0.005326,6.121714,1.187202
2006-02-21,1.44439,0.122223,6.678476,1.109945
2006-02-22,9.898231,12.060356,4.822857,1.165526
2006-02-23,21.860422,15.472128,3.293524,1.335602
2006-02-24,30.441107,28.303523,5.268,2.60951
2006-02-25,19.779433,18.963168,5.292381,2.444436
2006-02-26,10.497948,8.482629,6.070095,2.284363
2006-02-27,1.811828,0.451571,6.046095,1.842498
2006-02-28,5.222506,5.434048,5.17981,1.603501
2006-03-01,8.101391,10.563021,5.712381,1.908638
2006-03-02,15.493462,18.203954,5.182667,2.068711
2006-03-03,5.259661,2.6207,4.447048,2.274359
2006-03-04,3.68519,1.236344,5.229714,2.124847
2006-03-05,1.030556,1.181867,4.669524,1.931982
2006-03-06,12.579023,14.224679,3.653905,2.099836
2006-03-07,22.885262,32.445451,2.322857,7.911901
2006-03-08,17.424068,14.249831,3.952381,6.567962
2006-03-09,14.113307,15.301859,4.776381,9.513179
2006-03-10,11.844799,24.025687,2.216,9.395348
2006-03-11,28.696155,19.049459,3.774667,15.72209
2006-03-12,69.734338,65.656534,4.762286,19.360953
2006-03-13,8.728084,3.215978,5.012571,17.524013
2006-03-14,8.204911,2.700498,4.180572,10.745957
2006-03-15,1.028015,3.614262,4.584,7.213808
2006-03-16,1.496678,1.926359,4.048572,5.518044
2006-03-17,1.394382,1.382027,4.555048,4.492026
2006-03-18,0.513854,0.294294,5.772952,3.845067
2006-03-19,0.417459,0.112554,3.772762,3.292596
2006-03-20,103.606174,87.762445,1.403429,4.154651
2006-03-21,80.350063,74.139947,2.295619,86.42675
2006-03-22,138.379626,148.055611,3.842667,144.043287
2006-03-23,6.623304,5.689622,2.231048,39.080956
2006-03-24,1.247463,0.924323,4.169333,20.250243
2006-03-25,3.347805,1.624904,4.941333,15.933296
2006-03-26,3.701177,2.602232,5.286667,13.090903
2006-03-27,3.579453,4.65657,4.123619,10.959386
2006-03-28,5.874301,3.291199,4.815048,10.036748
2006-03-29,2.718521,1.028897,4.083429,8.919022
2006-03-30,13.454195,6.066817,1.996381,8.261503
2006-03-31,62.122206,57.320151,4.353333,20.624856
2006-04-01,5.104792,3.099197,5.005333,20.135191
2006-04-02,0.027922,0.017139,4.649333,13.135923
2006-04-03,3.541713,4.069971,4.623429,11.351786
2006-04-04,32.944888,25.900309,4.679048,18.377176
2006-04-05,9.451025,15.631748,4.22781,19.194767
2006-04-06,0.843214,0.191188,4.404381,14.445959
2006-04-07,3.524139,6.837085,3.868571,12.051545
2006-04-08,27.368464,23.787189,2.648571,15.280224
2006-04-09,4.776464,2.450223,3.116,15.404168
2006-04-10,75.139191,68.706749,3.803048,44.786307
2006-04-11,55.62069,75.825459,2.948571,48.855919
2006-04-12,11.293235,9.519555,3.515619,49.55957
2006-04-13,7.382736,2.157913,4.207429,22.559061
2006-04-14,2.884131,0.749258,3.221143,17.594601
2006-04-15,26.242881,12.913648,4.572,15.877159
2006-04-16,0.652072,0.08971,3.588952,14.341467
2006-04-17,8.165013,3.617669,3.637143,12.146033
2006-04-18,12.308062,3.382405,3.411619,11.886471
2006-04-19,62.452547,38.087955,1.649524,16.345704
2006-04-20,32.136959,19.060692,1.252191,38.112186
2006-04-21,8.598244,6.39982,1.41619,21.133419
2006-04-22,3.193765,1.841432,2.376953,16.790349
2006-04-23,3.458583,1.395245,3.206476,14.371481
2006-04-24,6.620984,3.859559,3.472381,12.540099
2006-04-25,4.485686,4.874623,2.793524,11.276196
2006-04-26,1.324442,1.014061,3.612762,10.411361
2006-04-27,2.673134,1.569099,3.257333,9.208041
2006-04-28,1.242496,0.77464,2.26781,8.509948
2006-04-29,0.217109,0.02511,2.593524,7.740157
2006-04-30,2.649442,0.694776,2.037333,7.368323
2006-05-01,7.016166,6.52758,1.972,7.024279
2006-05-02,1.364834,1.016324,1.20819,6.549064
2006-05-03,3.191605,1.949104,1.359048,6.026606
2006-05-04,11.824522,10.923594,1.756,6.367871
2006-05-05,11.525649,14.543736,1.398095,6.34953
2006-05-06,2.620359,2.355217,2.103429,6.051618
2006-05-07,5.765439,6.408153,2.673714,5.767045
2006-05-08,2.114226,3.567756,2.269524,6.007153
2006-05-09,4.687699,4.759574,2.872381,5.659774
2006-05-10,1.976972,0.536517,2.673714,5.39132
2006-05-11,0.378718,0.116541,1.942286,4.964461
2006-05-12,1.871801,1.236707,1.705714,4.696006
2006-05-13,4.933205,3.000886,2.468572,5.078957
2006-05-14,9.676566,8.489676,2.344,4.678221
2006-05-15,4.997582,2.84339,1.736381,5.123977
2006-05-16,3.931598,1.465496,2.472191,5.021709
2006-05-17,0.764678,0.180919,2.549905,4.493137
2006-05-18,0.937524,0.235771,2.469714,4.177439
2006-05-19,0.140761,0.064551,2.653905,3.917322
2006-05-20,2.640807,0.92456,3.304,3.71612
2006-05-21,1.389234,0.394798,2.866667,3.569387
2006-05-22,8.230841,4.060742,2.702857,3.513251
2006-05-23,1.422976,1.113273,2.616952,3.914543
2006-05-24,0.308726,0.012553,3.263619,3.430992
2006-05-25,0.0,0.0,3.156952,3.25091
2006-05-26,0.000218,0.0,2.642286,3.121963
2006-05-27,0.19627,0.082006,2.553333,3.030811
2006-05-28,1.128748,3.421071,2.619048,2.952442
2006-05-29,0.004074,0.003428,1.627619,2.841837
2006-05-30,0.08266,0.029713,2.177524,2.75791
2006-05-31,0.01657,0.02511,2.585905,2.694548
2006-06-01,0.690093,0.302428,3.268,2.645082
2006-06-02,0.017459,0.0,2.385333,2.56449
2006-06-03,0.029182,0.0,1.56819,2.477784
2006-06-04,0.075493,0.0,1.525905,2.3644
2006-06-05,0.0,0.0,3.014667,2.334386
2006-06-06,0.004708,0.0,2.941905,2.307151
2006-06-07,0.002413,0.0,1.068381,2.274915
2006-06-08,0.780949,0.39615,1.257333,2.259908
2006-06-09,9.419674,3.48699,2.576191,2.283252
2006-06-10,16.571642,9.955924,1.891048,2.679542
2006-06-11,21.700755,17.17634,2.207619,2.846839
2006-06-12,0.020893,0.003994,0.349905,2.629519
2006-06-13,6.7e-05,0.0,0.464952,2.258241
2006-06-14,6.705106,2.231158,1.736952,2.210441
2006-06-15,2.728225,0.867027,2.257333,2.229339
2006-06-16,0.664198,0.289497,1.888,2.177093
2006-06-17,0.53997,0.026826,2.668571,2.079271
2006-06-18,0.727431,0.09747,2.241905,2.015353
2006-06-19,0.18527,0.120349,2.217714,1.979226
2006-06-20,2.727366,1.447382,2.277333,1.944766
2006-06-21,7.199676,5.040499,1.597143,1.943098
2006-06-22,5.892907,7.973874,2.266667,2.062597
2006-06-23,0.111938,0.0,2.380381,1.930315
2006-06-24,9.749461,4.028364,2.468572,2.032027
2006-06-25,0.513371,0.068165,3.028952,1.958105
2006-06-26,0.325467,0.003428,2.298667,1.831381
2006-06-27,7.313129,3.6329,2.387429,1.828047
2006-06-28,2.460134,1.215216,2.278667,1.836939
2006-06-29,11.776326,9.409468,1.948571,1.956994
2006-06-30,2.841629,1.129879,2.853905,2.205995
2006-07-01,0.03534,0.005326,3.263048,1.913641
2006-07-02,0.0,0.0,3.282476,1.796366
2006-07-03,0.0,0.0,3.039619,1.73078
2006-07-04,0.123873,0.0,2.073333,1.672421
2006-07-05,0.089252,0.0,2.573714,1.607947
2006-07-06,0.0,0.0,2.177333,1.579601
2006-07-07,0.011092,0.0,2.769905,1.573487
2006-07-08,0.063836,0.0,2.442286,1.536248
2006-07-09,1.032619,1.826403,2.252571,1.502344
2006-07-10,2.601548,3.469844,2.220571,1.508458
2006-07-11,1.626793,0.283547,1.752762,1.534025
2006-07-12,6.302965,2.357275,1.227429,1.638517
2006-07-13,20.442013,13.231934,1.068952,2.041476
2006-07-14,17.250229,14.534995,1.677333,4.326951
2006-07-15,0.899578,0.307583,1.716,2.6612
2006-07-16,11.48889,13.843178,1.029143,2.416645
2006-07-17,5.178036,8.668684,0.954857,2.752352
2006-07-18,0.796894,0.258031,1.829905,2.369402
2006-07-19,0.036163,0.028538,2.975238,2.14041
2006-07-20,0.008664,0.0,2.527238,1.969221
2006-07-21,9.870197,6.289669,1.664762,1.897522
2006-07-22,12.805147,7.316878,2.575048,2.155416
2006-07-23,2.637742,1.505673,3.286667,2.232118
2006-07-24,0.265236,0.008559,3.498667,1.960884
2006-07-25,0.171057,0.0,3.522095,1.844165
2006-07-26,0.939299,0.121823,3.571429,1.776357
2006-07-27,0.023172,0.0,3.605905,1.731336
2006-07-28,0.002511,0.0,4.262286,1.692986
2006-07-29,0.0,0.0,4.0,1.652968
2006-07-30,0.0,0.0,3.908952,1.620175
2006-07-31,0.0,0.0,3.472,1.590717
2006-08-01,0.000569,0.0,3.452,1.573487
2006-08-02,0.007885,0.0,3.512,1.559592
2006-08-03,0.03277,0.0,4.262095,1.526244
2006-08-04,0.085712,0.017139,2.028762,1.484558
2006-08-05,0.0,0.0,3.450857,1.432313
2006-08-06,0.0,0.0,3.092571,1.407301
2006-08-07,0.00279,0.0,3.557714,1.390627
2006-08-08,0.084948,0.025137,2.554286,1.370618
2006-08-09,0.00035,0.0,2.029333,1.352832
2006-08-10,0.0,0.0,4.250667,1.340605
2006-08-11,0.00588,0.023394,3.459048,1.317816
2006-08-12,0.487666,0.129127,2.145905,1.297807
2006-08-13,1.766866,0.445873,2.746857,1.32393
2006-08-14,0.37822,0.087994,3.936952,1.31337
2006-08-15,0.0,0.0,4.362667,1.282245
2006-08-16,0.0,0.0,4.008952,1.251676
2006-08-17,0.0,0.0,1.248,1.228887
2006-08-18,0.198205,0.511391,3.625333,1.214992
2006-08-19,0.128179,0.0,4.335048,1.202209
2006-08-20,0.0,0.0,3.607619,1.163302
2006-08-21,3.216023,5.791549,4.025333,1.169972
2006-08-22,0.166337,0.037499,4.508381,1.211102
2006-08-23,0.462193,0.227753,3.524572,1.152186
2006-08-24,0.105463,0.0,3.289524,1.11328
2006-08-25,0.0,0.0,3.869905,1.08271
2006-08-26,0.0,0.0,4.799048,1.071039
2006-08-27,0.0,0.0,4.382476,1.066036
2006-08-28,0.0,0.0,4.936952,1.041025
2006-08-29,0.0,0.0,4.168953,1.024351
2006-08-30,0.058469,0.0,4.242286,1.008232
2006-08-31,0.0,0.0,3.309905,1.012123
2006-09-01,0.016788,0.0,4.617333,1.006565
2006-09-02,43.872779,41.081467,3.24381,1.194427
2006-09-03,46.05673,38.422993,1.198286,2.615068
2006-09-04,53.800203,49.180862,3.926095,13.140926
2006-09-05,0.843737,0.732935,4.617714,4.485912
2006-09-06,0.0,0.0,5.115048,2.20933
2006-09-07,0.0,0.0,5.114286,1.72689
2006-09-08,3.3e-05,0.0,3.115429,1.519574
2006-09-09,1.7e-05,0.0,2.727429,1.372841
2006-09-10,0.0,0.0,2.756,1.283356
2006-09-11,0.0,0.0,1.806095,1.226664
2006-09-12,0.0,0.0,4.308762,1.149407
2006-09-13,0.032673,0.0,3.211619,1.103275
2006-09-14,3.89795,3.952132,3.308571,1.076041
2006-09-15,11.673346,8.54624,3.897905,1.245006
2006-09-16,2.617948,1.020522,4.635238,1.20999
2006-09-17,0.526481,0.0,4.693143,1.098829
2006-09-18,0.070512,0.0,4.335429,0.998228
2006-09-19,1.614937,0.648745,3.509905,0.944315
2006-09-20,5.449418,4.662426,4.397524,0.993781
2006-09-21,0.217963,0.422658,4.312381,1.057699
2006-09-22,0.270547,0.340353,5.331429,0.925417
2006-09-23,0.72034,0.235584,4.340762,0.863723
2006-09-24,5.136384,2.55802,3.830095,0.825372
2006-09-25,1.985791,3.086246,5.451429,1.050474
2006-09-26,0.666023,0.094795,4.023048,0.884843
2006-09-27,7.617798,7.502076,4.527619,1.123284
2006-09-28,0.147372,0.210417,5.57981,0.968214
2006-09-29,0.10857,0.0,5.515429,0.834265
2006-09-30,0.0,0.0,5.577714,0.775905
2006-10-01,0.0,0.0,5.096,0.726994
2006-10-02,0.073891,0.0,4.494286,0.704206
2006-10-03,0.372003,0.0,4.892762,0.669746
2006-10-04,0.124503,0.0,4.705333,0.649737
2006-10-05,0.196064,0.0,5.160381,0.621947
2006-10-06,0.566006,0.0,5.449143,0.610275
2006-10-07,0.0,0.0,5.765524,0.594713
2006-10-08,0.0,0.0,5.103619,0.576927
2006-10-09,0.0,0.0,5.338667,0.563032
2006-10-10,0.555242,0.0,4.163429,0.544134
2006-10-11,5.888558,3.307971,2.871238,0.628061
2006-10-12,28.935316,28.779023,3.943619,1.396185
2006-10-13,7.664105,7.276312,4.148,2.107617
2006-10-14,3.170619,1.700118,4.142286,1.196095
2006-10-15,0.350876,0.02511,5.194857,0.94765
2006-10-16,0.003577,0.0,5.715429,0.794247
2006-10-17,2.76474,2.625664,3.271619,0.731997
2006-10-18,43.732387,44.611994,4.687619,1.129398
2006-10-19,12.651855,7.192886,4.201905,7.358874
2006-10-20,2.122811,1.068005,5.111619,2.368846
2006-10-21,0.304987,0.7847,5.678857,1.71633
2006-10-22,0.010147,0.0,5.719048,1.46844
2006-10-23,2.637721,1.093117,4.698286,1.335046
2006-10-24,10.676462,8.224905,4.960381,1.465661
2006-10-25,0.13449,0.030622,4.794857,1.436759
2006-10-26,0.20349,0.42127,5.331619,1.246117
2006-10-27,0.000577,0.0,6.384762,1.186646
2006-10-28,0.0,0.0,5.747048,1.094382
2006-10-29,0.0,0.0,6.576762,1.023239
2006-10-30,0.012202,0.0,5.779048,0.954875
2006-10-31,0.0,0.0,4.404,0.914301
2006-11-01,0.097333,0.125602,5.091429,0.900962
2006-11-02,0.030619,0.0,4.837333,0.88929
2006-11-03,0.0,0.0,4.635619,0.867058
2006-11-04,2.45949,3.026249,4.944,0.834265
2006-11-05,0.002952,0.0,6.110476,0.80314
2006-11-06,0.0,0.0,6.144381,0.762566
2006-11-07,0.0,0.0,5.659429,0.720325
2006-11-08,0.008391,0.0,5.925143,0.730329
2006-11-09,0.0,0.0,6.170667,0.723104
2006-11-10,0.05264,0.0,6.110476,0.705318
2006-11-11,0.450776,0.031957,6.256762,0.691979
2006-11-12,0.000485,0.0,5.537143,0.686421
2006-11-13,0.0,0.0,5.946476,0.649737
2006-11-14,0.000729,0.0,5.402095,0.614166
2006-11-15,0.393233,0.113671,6.740762,0.590822
2006-11-16,0.103436,0.174784,6.228,0.571369
2006-11-17,0.0,0.0,5.357905,0.531351
2006-11-18,0.05678,0.0,4.40381,0.514677
2006-11-19,0.250778,0.300368,4.053524,0.514121
2006-11-20,0.364606,0.105192,3.905333,0.521902
2006-11-21,0.695422,1.097088,4.097524,0.540799
2006-11-22,0.734833,0.685086,4.116,0.545246
2006-11-23,0.30284,0.25562,6.248,0.526904
2006-11-24,0.005748,0.0,5.813333,0.495779
2006-11-25,0.007554,0.0,5.520953,0.469656
2006-11-26,0.000407,0.0,5.860762,0.451315
2006-11-27,0.000852,0.0,4.897905,0.440199
2006-11-28,0.342773,0.198235,4.622286,0.429638
2006-11-29,0.120744,0.141789,6.472381,0.429638
2006-11-30,0.0,0.0,5.944191,0.431861
2006-12-01,0.114407,0.261855,6.43181,0.408518
2006-12-02,0.035662,0.0,4.74781,0.397401
2006-12-03,0.222411,0.132266,5.18,0.410185
2006-12-04,1.588049,0.558463,5.382286,0.446868
2006-12-05,0.960599,1.883558,3.939048,0.455205
2006-12-06,0.39043,0.096509,5.142095,0.512453
2006-12-07,11.584154,11.780951,3.653714,0.55525
2006-12-08,10.827457,10.892161,4.129905,0.834265
2006-12-09,2.417848,3.924675,5.244,1.008232
2006-12-10,12.084321,20.449052,2.800571,0.684753
2006-12-11,22.229304,22.354992,5.005905,1.213325
2006-12-12,4.202794,2.194637,4.964,1.380067
2006-12-13,0.661083,0.945263,5.53181,1.006565
2006-12-14,1.769937,3.167365,5.548381,0.695314
2006-12-15,0.707881,1.097805,5.35181,0.665856
2006-12-16,0.0,0.0,6.138667,0.579706
2006-12-17,0.0,0.0,6.056,0.515788
2006-12-18,0.046927,0.025296,5.418667,0.489109
2006-12-19,1.725939,4.522416,5.086667,0.481328
2006-12-20,3.9e-05,0.0,5.568952,0.476882
2006-12-21,0.971319,1.20147,4.396572,0.449091
2006-12-22,5.354254,4.65955,4.896572,0.503005
2006-12-23,1.543555,3.195589,4.534667,0.599159
2006-12-24,0.576496,0.954982,5.594667,0.525793
2006-12-25,0.269185,0.907586,6.360381,0.487442
2006-12-26,0.000365,0.0,6.640762,0.464098
2006-12-27,0.998054,1.599033,3.012381,0.437975
2006-12-28,22.10936,28.114973,3.166286,0.465766
2006-12-29,4.486345,2.907916,4.680381,0.695314
2006-12-30,7.246559,4.727036,5.364762,0.604717
2006-12-31,12.245439,13.486803,4.836381,0.938201
2007-01-01,2.509998,2.551993,5.288762,1.474554
2007-01-02,1.436944,0.724895,6.013333,1.06159
2007-01-03,2.935435,1.846798,5.993905,0.726994
2007-01-04,0.359944,0.135507,6.46381,0.716434
2007-01-05,0.594492,0.532872,6.11181,0.610831
2007-01-06,1.449295,2.634419,5.356,0.594157
2007-01-07,0.010372,0.0,4.396,0.633619
2007-01-08,0.004198,0.0,5.217143,0.538576
2007-01-09,0.188365,0.034054,5.296,0.492444
2007-01-10,0.044987,0.0,5.970095,0.462987
2007-01-11,0.066706,0.0,6.031048,0.447424
2007-01-12,0.577487,0.653692,4.952,0.438531
2007-01-13,0.000277,0.0,3.985143,0.427971
2007-01-14,0.048549,0.0,4.959429,0.419078
2007-01-15,1.702093,1.541867,5.495048,0.401292
2007-01-16,0.516356,0.58414,4.221334,0.391843
2007-01-17,0.310681,0.039379,1.630667,0.411852
2007-01-18,5.087956,4.89021,3.126667,0.477993
2007-01-19,2.55106,1.399939,5.096381,0.583596
2007-01-20,4.951244,5.499362,4.209333,0.701983
2007-01-21,4.971933,4.524724,4.044572,0.686421
2007-01-22,9.948531,7.207548,3.937714,0.784243
2007-01-23,14.527907,17.206247,5.541333,1.3306
2007-01-24,8.121412,6.766058,5.93981,1.134956
2007-01-25,12.771049,17.000386,4.958476,1.331712
2007-01-26,8.468235,3.475023,5.830667,3.658316
2007-01-27,1.228149,0.03331,4.83981,1.546809
2007-01-28,17.209433,8.652506,5.103619,2.739569
2007-01-29,17.753744,14.842408,4.251048,3.748357
2007-01-30,53.808588,72.429243,2.89619,13.405489
2007-01-31,71.523335,54.828689,2.283619,13.502755
2007-02-01,224.66077,269.796732,2.728762,129.155462
2007-02-02,27.696922,28.673137,3.011619,33.887503
2007-02-03,16.657459,12.269297,3.044381,17.544578
2007-02-04,84.242493,74.963391,2.346476,27.860341
2007-02-05,96.807574,90.922611,1.949905,94.774959
2007-02-06,56.098283,71.381697,2.261714,60.394456
2007-02-07,39.160177,39.901137,2.322095,32.844255
2007-02-08,9.539715,8.641294,1.824381,27.240617
2007-02-09,3.415634,2.057165,6.24381,18.855169
2007-02-10,0.0,0.0,6.247429,14.676618
2007-02-11,0.963932,1.496175,6.142095,11.053318
2007-02-12,0.049632,0.0,6.305714,8.611661
2007-02-13,0.019025,0.0,5.606476,6.882548
2007-02-14,0.086929,0.0,5.19181,5.838744
2007-02-15,1.269369,0.0,4.993143,5.136205
2007-02-16,6.627799,5.248912,5.184381,5.550281
2007-02-17,8.607643,15.650798,5.013714,4.692672
2007-02-18,16.576231,11.3453,3.218857,5.153991
2007-02-19,60.637022,61.659754,3.195048,10.419699
2007-02-20,75.586138,42.784533,2.856,18.249896
2007-02-21,22.921825,26.618995,3.860762,18.795142
2007-02-22,27.705301,24.81859,4.288762,14.045222
2007-02-23,10.638586,9.391559,2.147238,16.028339
2007-02-24,12.472108,3.656864,3.330476,11.480733
2007-02-25,16.296782,16.846984,4.410095,10.346888
2007-02-26,3.181531,1.682813,4.803429,8.591096
2007-02-27,5.856475,3.588716,4.472,7.649561
2007-02-28,2.245236,1.516948,3.957333,6.345639
2007-03-01,5.519524,2.693077,3.891238,5.637542
2007-03-02,0.46699,0.001712,4.076762,5.045053
2007-03-03,0.0,0.0,6.515048,4.513146
2007-03-04,2.371815,0.0,6.251429,4.120191
2007-03-05,0.183936,0.438983,5.276762,3.785596
2007-03-06,2.008597,3.566991,5.694476,3.519365
2007-03-07,0.390722,0.158577,4.118857,3.330391
2007-03-08,3.473953,4.41863,2.123619,3.174765
2007-03-09,5.757022,2.732913,3.266286,3.239794
2007-03-10,0.324691,0.234249,4.325143,3.027476
2007-03-11,1.258434,0.670007,4.524952,2.803486
2007-03-12,39.551968,39.31885,5.229714,4.990584
2007-03-13,0.414295,0.6148,5.308,3.404313
2007-03-14,7.267394,7.013464,4.185333,2.989681
2007-03-15,10.806419,7.439741,4.353143,2.931322
2007-03-16,33.327902,41.878628,3.730286,6.213913
2007-03-17,22.330391,22.808722,4.372572,9.941149
2007-03-18,6.603196,5.675761,5.140381,7.631775
2007-03-19,3.40231,1.431532,4.928381,5.722025
2007-03-20,2.760331,4.095363,4.166476,4.578176
2007-03-21,38.110813,46.370055,4.282667,7.088196
2007-03-22,29.138949,26.397258,4.724,16.480209
2007-03-23,8.544743,5.449119,4.23181,15.717643
2007-03-24,6.73213,1.75942,4.765905,10.94438
2007-03-25,0.16042,0.0,5.670095,7.840202
2007-03-26,0.007074,0.0,5.038667,6.146105
2007-03-27,0.068837,0.003428,5.22781,5.251813
2007-03-28,6.898045,2.191429,5.892381,4.923887
2007-03-29,0.032241,0.0,5.437333,4.372527
2007-03-30,0.0,0.0,5.198286,3.906206
2007-03-31,0.0,0.0,3.936572,3.625524
2007-04-01,1.901747,0.883225,4.596191,3.399866
2007-04-02,51.837602,32.277632,3.296,4.137977
2007-04-03,13.489555,5.090601,4.258286,9.916694
2007-04-04,0.989803,0.289103,4.699048,4.515369
2007-04-05,1.751834,0.404501,4.34781,3.845623
2007-04-06,3.399273,1.103718,3.349905,3.529925
2007-04-07,3.105441,0.673889,4.032,3.325944
2007-04-08,9.185285,11.090991,3.452191,3.248131
2007-04-09,9.343899,4.114475,3.077333,3.282591
2007-04-10,12.176576,4.144875,2.6,3.263694
2007-04-11,8.331951,3.680115,2.340571,3.224232
2007-04-12,2.930363,1.427214,2.735048,3.403201
2007-04-13,6.129652,3.324351,3.687238,3.400978
2007-04-14,16.655504,15.25616,3.512381,3.301489
2007-04-15,10.908092,5.114787,3.621714,4.905545
2007-04-16,5.023069,2.93325,3.536,4.11241
2007-04-17,2.761656,2.311579,3.821905,3.805049
2007-04-18,2.12965,1.574828,4.819048,3.417652
2007-04-19,0.364622,0.201672,4.880191,3.132524
2007-04-20,0.0,0.0,4.553143,2.938547
2007-04-21,0.0,0.0,4.680953,2.803486
2007-04-22,0.0,0.0,4.864571,2.705665
2007-04-23,1.7e-05,0.0,4.531048,2.607287
2007-04-24,0.0,0.0,4.575429,2.526139
2007-04-25,0.0,0.0,4.363048,2.449994
2007-04-26,0.0,0.0,4.915048,2.375516
2007-04-27,0.0,0.0,4.744,2.308819
2007-04-28,0.0,0.0,4.588762,2.252127
2007-04-29,0.0,0.0,4.487429,2.202104
2007-04-30,1.7e-05,0.0,4.480952,2.162086
2007-05-01,0.0,0.0,4.120953,2.109284
2007-05-02,0.0,0.0,4.070286,2.063708
2007-05-03,0.0,0.0,3.523429,2.037585
2007-05-04,0.291964,0.210978,4.244381,1.991454
2007-05-05,0.0,0.0,4.172,1.940319
2007-05-06,1.7e-05,0.0,3.725143,1.891408
2007-05-07,5e-05,0.0,3.410286,1.852502
2007-05-08,2.044286,0.457411,3.1,1.824712
2007-05-09,17.619693,7.306007,3.252,1.853614
2007-05-10,0.670028,0.124385,2.808381,2.068155
2007-05-11,6.939293,5.933668,2.928381,1.805258
2007-05-12,3.217533,1.294787,2.060381,1.855837
2007-05-13,0.737922,0.120163,3.419238,1.74412
2007-05-14,6.58803,2.934233,3.872381,1.705213
2007-05-15,0.195575,0.010271,3.977714,1.735783
2007-05-16,0.669451,0.350838,3.564571,1.647965
2007-05-17,0.273956,0.069482,3.516572,1.626289
2007-05-18,0.531408,0.10221,3.837333,1.601833
2007-05-19,0.013268,0.0,4.013143,1.572932
2007-05-20,0.010112,0.0,3.692381,1.534581
2007-05-21,0.021775,0.0,3.321333,1.516239
2007-05-22,0.000138,0.0,3.246476,1.497898
2007-05-23,0.02077,0.008559,3.146476,1.490672
2007-05-24,3.061442,0.711224,2.601333,1.481779
2007-05-25,7.780272,4.128092,2.530095,1.597943
2007-05-26,1.333006,0.251764,2.598667,1.516795
2007-05-27,12.675943,1.986044,2.389524,1.515128
2007-05-28,8.89229,3.410263,2.762667,1.571264
2007-05-29,5.978227,1.539934,2.664762,1.66464
2007-05-30,1.826499,0.292533,3.351048,1.542918
2007-05-31,1.014661,0.208111,3.223619,1.460103
2007-06-01,0.555737,0.127919,2.625143,1.404522
2007-06-02,3.953785,1.542425,2.522286,1.366727
2007-06-03,4.434981,2.603687,3.261333,1.417306
2007-06-04,3.578562,1.511566,2.770095,1.397297
2007-06-05,4.295143,4.268084,2.645524,1.500677
2007-06-06,9.333992,5.928101,2.270095,1.493451
2007-06-07,27.493663,34.738227,1.342667,1.779691
2007-06-08,4.982976,3.935988,0.686286,2.258241
2007-06-09,0.000102,0.0,1.595238,1.610171
2007-06-10,0.00224,0.0,2.558095,1.458435
2007-06-11,0.270296,0.294073,2.656952,1.40619
2007-06-12,0.0,0.0,2.928952,1.381178
2007-06-13,0.0,0.0,1.869905,1.363393
2007-06-14,0.803642,0.185665,1.272762,1.344495
2007-06-15,6.32003,8.205504,1.28,1.380067
2007-06-16,9.465696,10.03462,2.152,1.639072
2007-06-17,0.492896,0.086096,1.134095,1.638517
2007-06-18,14.289916,10.005673,1.204762,1.637961
2007-06-19,23.476613,26.981269,0.776762,3.390974
2007-06-20,3.51859,3.634405,1.107238,2.316044
2007-06-21,1.79692,1.104707,0.791619,1.880292
2007-06-22,1.632087,1.655617,0.820571,1.748566
2007-06-23,1.130281,1.182861,1.246667,1.685204
2007-06-24,0.556815,0.322034,2.240381,1.660749
2007-06-25,0.152256,0.007041,1.106095,1.612394
2007-06-26,16.085551,16.236339,0.950286,1.791919
2007-06-27,0.108333,0.0,0.353905,1.860839
2007-06-28,0.0,0.0,1.013714,1.62351
2007-06-29,0.0,0.0,1.832,1.542362
2007-06-30,0.0,0.0,2.361333,1.498453
2007-07-01,0.0,0.0,3.076191,1.458991
2007-07-02,0.0,0.0,2.628,1.424531
2007-07-03,0.0,0.0,3.151429,1.39952
2007-07-04,0.0,0.0,1.914667,1.380067
2007-07-05,0.0,0.0,1.94781,1.361725
2007-07-06,0.0,0.0,2.524762,1.337825
2007-07-07,0.0,0.0,3.053333,1.309479
2007-07-08,0.000195,0.0,2.680762,1.28558
2007-07-09,0.132275,0.012002,1.271048,1.268906
2007-07-10,0.000229,0.0,2.078095,1.252787
2007-07-11,0.0,0.0,2.374667,1.234446
2007-07-12,0.0,0.0,1.447238,1.229443
2007-07-13,0.0,0.0,2.608191,1.229443
2007-07-14,0.0,0.0,2.762095,1.217216
2007-07-15,0.000876,0.0,3.1,1.190537
2007-07-16,0.0,0.0,3.062476,1.177753
2007-07-17,0.0,0.0,3.312,1.170528
2007-07-18,0.248607,0.49752,3.390095,1.152186
2007-07-19,0.0,0.0,2.899238,1.121617
2007-07-20,0.004141,0.0,1.577143,1.073818
2007-07-21,0.0,0.0,2.246667,1.036023
2007-07-22,0.0,0.0,0.994286,1.018237
2007-07-23,2.895658,6.304928,2.416381,1.029353
2007-07-24,12.945361,11.541515,2.601333,1.118838
2007-07-25,4.810554,5.590443,1.487429,1.338937
2007-07-26,4.669786,7.706642,2.382476,1.248897
2007-07-27,1.380203,1.136331,2.656952,1.217771
2007-07-28,0.308158,0.029146,3.267619,1.104387
2007-07-29,0.95574,1.936362,3.824572,1.056032
2007-07-30,0.0,0.0,3.510667,1.004898
2007-07-31,0.0,0.0,3.268,0.95154
2007-08-01,0.0,0.0,3.02781,0.915413
2007-08-02,0.0,0.0,2.515238,0.901518
2007-08-03,0.495588,0.303769,2.556,0.893181
2007-08-04,0.582015,0.147393,3.565524,0.888178
2007-08-05,0.0,0.0,2.535619,0.867613
2007-08-06,0.0,0.0,2.607048,0.829263
2007-08-07,3.3e-05,0.0,2.670286,0.80314
2007-08-08,0.174116,0.0,3.030667,0.798693
2007-08-09,1.912137,0.507394,1.857714,0.813144
2007-08-10,4.14769,3.14621,1.811238,0.860944
2007-08-11,0.907072,0.262984,3.135048,0.856497
2007-08-12,0.110056,0.016557,4.259048,0.815368
2007-08-13,3.5e-05,0.0,4.333905,0.798693
2007-08-14,5.2e-05,0.0,3.835048,0.765901
2007-08-15,0.091737,0.010271,2.381905,0.756452
2007-08-16,3.403326,1.019334,3.146857,0.777017
2007-08-17,8.041159,5.472555,3.198667,0.948205
2007-08-18,0.116417,0.026826,2.28781,0.968214
2007-08-19,7.915699,5.040301,1.806286,0.806475
2007-08-20,4.646203,4.33996,2.07581,1.093271
2007-08-21,0.001363,0.0,2.688952,0.925417
2007-08-22,0.0,0.0,3.333143,0.798693
2007-08-23,0.0,0.0,3.602095,0.74478
2007-08-24,0.001812,0.0,3.887429,0.720325
2007-08-25,0.0,0.0,4.676762,0.70643
2007-08-26,0.250813,0.261279,4.486095,0.68253
2007-08-27,0.044691,0.010271,4.008571,0.669191
2007-08-28,5.180869,5.689875,3.014095,0.668635
2007-08-29,2.452344,1.03096,2.343619,0.75812
2007-08-30,1.904758,0.39217,2.716,0.715323
2007-08-31,2.583503,1.445118,3.299619,0.685309
2007-09-01,0.012537,0.001712,4.048571,0.686976
2007-09-02,0.416843,0.064165,3.525333,0.660298
2007-09-03,0.540977,0.138992,3.406476,0.646403
2007-09-04,0.016778,0.005326,3.268952,0.650849
2007-09-05,9.577952,9.371003,3.397524,0.694202
2007-09-06,2.724944,1.871738,3.871048,0.74478
2007-09-07,0.230225,0.014265,4.106286,0.864834
2007-09-08,0.002972,0.0,4.702667,0.763122
2007-09-09,0.000666,0.0,4.742286,0.656963
2007-09-10,0.000947,0.0,4.268952,0.634731
2007-09-11,5e-05,0.0,4.147429,0.611387
2007-09-12,0.0,0.0,4.422476,0.574704
2007-09-13,0.0,0.0,5.424381,0.541911
2007-09-14,0.0,0.0,4.933524,0.508563
2007-09-15,0.0,0.0,4.774476,0.48633
2007-09-16,0.002731,0.0,5.226667,0.466321
2007-09-17,0.000456,0.0,5.059048,0.454649
2007-09-18,0.0,0.0,4.260953,0.433529
2007-09-19,0.027733,0.023394,5.585333,0.404071
2007-09-20,0.0,0.0,5.381524,0.407406
2007-09-21,0.000312,0.0,5.158667,0.402959
2007-09-22,0.0,0.0,4.919048,0.393511
2007-09-23,0.0,0.0,5.096191,0.387397
2007-09-24,5.664129,14.305286,4.548381,0.445201
2007-09-25,0.236248,0.109297,4.649905,0.6892
2007-09-26,0.000712,0.0,5.985524,0.482996
2007-09-27,0.0,0.0,4.768762,0.419634
2007-09-28,0.000813,0.0,5.203429,0.404071
2007-09-29,0.00037,0.0,5.746476,0.40018
2007-09-30,0.0,0.0,5.11181,0.395178
2007-10-01,0.0,0.0,4.151429,0.390732
2007-10-02,9.726979,11.434064,2.169905,0.40685
2007-10-03,9.331014,7.705705,4.055048,0.810921
2007-10-04,0.010045,0.0,5.090476,0.574148
2007-10-05,0.0,0.0,5.770667,0.445757
2007-10-06,0.0,0.0,5.284952,0.406294
2007-10-07,5e-05,0.0,5.598667,0.393511
2007-10-08,3.9e-05,0.0,5.588762,0.379616
2007-10-09,0.0,0.0,6.145905,0.364053
2007-10-10,0.0,0.0,6.396,0.357383
2007-10-11,5.2e-05,0.0,6.235429,0.362386
2007-10-12,1.112424,3.19292,4.855429,0.37906
2007-10-13,22.174315,22.328707,4.595619,0.988223
2007-10-14,0.014639,0.0,5.130667,0.721436
2007-10-15,0.151659,0.0,4.052953,0.446312
2007-10-16,0.000932,0.0,5.216953,0.40018
2007-10-17,6.7e-05,0.0,5.183619,0.385174
2007-10-18,0.003413,0.0,4.252191,0.381839
2007-10-19,4.93175,2.80931,3.619619,0.377948
2007-10-20,10.256836,9.193436,4.430095,0.948205
2007-10-21,5.738026,9.78569,4.444762,0.84427
2007-10-22,1.43925,2.359208,4.547429,0.873727
2007-10-23,0.295065,0.767606,5.846667,0.650293
2007-10-24,0.0,0.0,5.636953,0.514677
2007-10-25,0.0,0.0,5.185714,0.45854
2007-10-26,0.0,0.0,5.6,0.439087
2007-10-27,0.000316,0.0,5.348762,0.422413
2007-10-28,0.159211,0.072707,6.047429,0.404627
2007-10-29,0.0,0.0,5.969333,0.40018
2007-10-30,1.046628,0.738418,4.713714,0.397957
2007-10-31,0.000316,0.0,5.060571,0.587487
2007-11-01,0.278019,0.201672,5.121333,0.481328
2007-11-02,0.01133,0.0,5.171048,0.403515
2007-11-03,0.0,0.0,5.724953,0.36572
2007-11-04,0.0,0.0,5.460952,0.33793
2007-11-05,0.0,0.0,5.652572,0.370167
2007-11-06,0.0,0.0,3.436,0.345711
2007-11-07,0.891812,0.629105,5.578476,0.329037
2007-11-08,0.002959,0.0,5.572,0.321812
2007-11-09,0.033082,0.0293,5.174476,0.318477
2007-11-10,0.252839,0.051963,6.124191,0.329037
2007-11-11,2.375333,3.601679,4.635048,0.335707
2007-11-12,5.345467,6.778247,3.838857,0.638066
2007-11-13,10.730281,14.851191,4.340191,0.704762
2007-11-14,19.398901,25.534252,3.885333,1.240004
2007-11-15,8.757396,6.826805,4.593524,1.731892
2007-11-16,1.768484,0.754659,4.317333,1.515128
2007-11-17,10.49159,15.139571,3.005714,1.033244
2007-11-18,2.828964,1.601811,4.155429,1.422864
2007-11-19,6.391084,5.874082,4.894095,1.036023
2007-11-20,5.896663,5.864508,5.099048,1.207211
2007-11-21,0.224061,0.119973,5.535048,1.041581
2007-11-22,0.047567,0.001712,6.231048,0.784798
2007-11-23,0.062532,0.0,5.585714,0.674749
2007-11-24,6.258523,4.817286,5.893143,0.645291
2007-11-25,0.0,0.0,5.674095,0.631396
2007-11-26,0.123108,0.003994,5.173143,0.570257
2007-11-27,0.020298,0.0,5.145333,0.543023
2007-11-28,3.201871,2.4403,5.071048,0.530795
2007-11-29,0.017872,0.016737,5.364191,0.536909
2007-11-30,3.018523,1.512371,5.481905,0.518011
2007-12-01,4.902595,8.038032,6.777333,0.586931
2007-12-02,0.0,0.0,6.936952,0.540799
2007-12-03,4.849775,4.758777,3.177905,0.497447
2007-12-04,29.702705,27.118055,4.585333,2.376627
2007-12-05,0.595392,0.0293,4.686667,1.393406
2007-12-06,9.56628,5.857632,5.252191,0.832598
2007-12-07,0.942251,0.745842,5.807048,0.762566
2007-12-08,0.000251,0.0,5.933905,0.780908
2007-12-09,0.000573,0.0,6.493714,0.657519
2007-12-10,0.0,0.0,5.552,0.60305
2007-12-11,0.0,0.0,5.498667,0.56859
2007-12-12,0.000543,0.0,5.299048,0.560808
2007-12-13,0.0,0.0,5.215048,0.534686
2007-12-14,0.668929,0.499968,4.799429,0.523569
2007-12-15,3.661114,6.256323,4.724,0.563587
2007-12-16,4.444494,3.448133,6.215048,1.084378
2007-12-17,0.607693,0.829859,6.628381,0.833709
2007-12-18,0.005737,0.0,6.377905,0.661965
2007-12-19,0.020735,0.0,5.306857,0.59638
2007-12-20,0.405437,0.04929,5.80819,0.564143
2007-12-21,5.062439,8.462466,5.340762,0.625282
2007-12-22,2.54542,5.815146,5.068762,1.241115
2007-12-23,0.043951,0.012553,5.905333,0.867613
2007-12-24,2.048547,0.31714,5.891429,0.718102
2007-12-25,0.0,0.0,3.680571,0.648626
2007-12-26,9.027517,18.618982,3.184381,0.696981
2007-12-27,90.495515,79.823962,4.960381,14.467635
2007-12-28,16.922697,10.690038,3.236381,30.656046
2007-12-29,8.412215,10.686245,3.33981,4.917217
2007-12-30,3.858895,1.529276,4.325334,2.850174
2007-12-31,0.082956,0.097265,6.127048,2.274359
2008-01-01,0.086717,0.087722,5.981905,1.947545
2008-01-02,0.0,0.0,5.080952,1.776912
2008-01-03,0.011051,0.0,5.068762,1.676867
2008-01-04,0.086479,0.086252,5.471429,1.600722
2008-01-05,11.858372,6.029302,5.955238,1.600166
2008-01-06,5.928088,13.201874,4.733905,1.853058
2008-01-07,11.717176,11.250037,3.577143,2.078715
2008-01-08,54.679732,48.631044,2.010286,5.703127
2008-01-09,94.52718,108.010955,3.535429,27.058868
2008-01-10,36.542772,20.630446,4.267619,47.356354
2008-01-11,7.053168,0.744525,4.896191,14.938959
2008-01-12,21.403785,23.141104,5.067619,11.05165
2008-01-13,11.707398,9.760139,3.442667,12.552327
2008-01-14,23.5884,25.641046,2.776191,11.791984
2008-01-15,66.297039,59.707203,3.797333,20.706004
2008-01-16,1.117902,0.44626,4.736381,14.833355
2008-01-17,1.368155,0.615016,4.644953,8.294296
2008-01-18,2.04803,0.533451,4.830095,6.048283
2008-01-19,11.524621,6.351589,3.98419,5.077845
2008-01-20,0.004993,0.0,5.716762,4.514258
2008-01-21,0.0,0.0,5.80781,3.952894
2008-01-22,0.014111,0.0,4.817714,3.648868
2008-01-23,3.397891,0.902409,4.416762,4.017367
2008-01-24,8.426583,3.195568,4.968762,3.48824
2008-01-25,4.493292,5.13767,4.846476,3.270919
2008-01-26,1.775967,0.699204,6.929334,3.118629
2008-01-27,0.157766,0.0,6.259429,2.774029
2008-01-28,0.007788,0.0,6.040381,2.441101
2008-01-29,1.529051,0.527586,5.24,2.279361
2008-01-30,30.317669,50.937094,3.656191,7.603984
2008-01-31,37.942506,31.752509,4.358286,8.880115
2008-02-01,16.818263,15.657251,4.805333,7.818526
2008-02-02,3.372067,1.033286,5.19981,6.347862
2008-02-03,4.4009,2.372334,5.702476,4.944452
2008-02-04,2.076605,3.574437,5.279048,4.467014
2008-02-05,1.481801,1.723197,6.319429,4.128528
2008-02-06,2.174615,0.033876,5.239048,3.632193
2008-02-07,10.378588,4.589863,4.575238,3.945668
2008-02-08,9.359235,5.170439,4.370095,3.862297
2008-02-09,0.029051,0.003994,4.743048,3.304824
2008-02-10,19.092972,30.983397,1.95581,6.098861
2008-02-11,35.929208,36.520354,2.675429,8.004165
2008-02-12,1.271282,1.835333,2.889714,7.760166
2008-02-13,1.952046,0.576729,4.440571,5.463019
2008-02-14,15.522201,16.032338,3.747619,5.423001
2008-02-15,1.809621,1.387944,3.372,4.859413
2008-02-16,32.286055,20.637864,2.834095,5.841523
2008-02-17,82.990117,72.128341,3.609714,21.149537
2008-02-18,10.478095,6.62243,2.398286,20.211892
2008-02-19,21.285913,14.905268,4.620381,13.394373
2008-02-20,7.030452,5.07097,4.292762,11.470172
2008-02-21,2.651097,3.80909,5.760762,9.747729
2008-02-22,0.001611,0.0,6.086476,7.050401
2008-02-23,1.7e-05,0.0,6.841524,5.877095
2008-02-24,0.0,0.0,6.528762,5.176779
2008-02-25,0.0,0.0,4.496952,4.724908
2008-02-26,33.731559,24.911961,3.090095,5.032269
2008-02-27,36.568996,28.366366,3.026857,8.342651
2008-02-28,6.004767,5.837453,2.871048,12.396145
2008-02-29,20.048039,23.742819,4.242286,11.72362
2008-03-01,0.002863,0.0,4.626476,8.05252
2008-03-02,47.815489,46.130408,2.276762,11.612459
2008-03-03,54.256949,43.449083,2.480952,33.508443
2008-03-04,29.581892,13.746387,2.260762,18.690095
2008-03-05,68.187591,36.056337,2.867238,35.270905
2008-03-06,7.283996,2.980515,3.854667,24.268165
2008-03-07,9.629567,3.027536,4.102667,17.63184
2008-03-08,1.675188,0.388522,3.79619,15.030667
2008-03-09,1.290489,0.220552,4.258667,11.332888
2008-03-10,2.180891,0.576144,4.096191,9.291412
2008-03-11,1.894846,0.47483,4.835048,7.727373
2008-03-12,0.717186,0.162979,3.249524,6.70469
2008-03-13,18.119401,10.412293,3.092952,6.217804
2008-03-14,73.464965,77.913649,3.444381,16.970986
2008-03-15,27.35308,31.530823,3.373143,25.759949
2008-03-16,13.487191,25.031789,3.615238,18.751789
2008-03-17,11.962208,8.191016,4.835048,13.690062
2008-03-18,3.188707,0.960118,4.623238,10.692044
2008-03-19,6.81976,3.682438,4.5,8.676135
2008-03-20,0.73936,0.116134,5.308572,7.327749
2008-03-21,0.874983,0.206017,5.151048,6.440126
2008-03-22,0.155233,0.011987,5.166095,5.890434
2008-03-23,0.283411,0.02511,4.944762,5.47747
2008-03-24,3.302295,0.615359,4.661143,5.480805
2008-03-25,2.18284,0.95331,5.537143,5.101189
2008-03-26,0.0,0.0,4.948,4.746585
2008-03-27,0.000813,0.0,4.94,4.465347
2008-03-28,0.0,0.0,4.459048,4.238022
2008-03-29,0.965409,0.172342,2.953333,4.059608
2008-03-30,22.601077,24.46813,2.831238,4.181886
2008-03-31,8.582145,7.252348,3.681524,4.164656
2008-04-01,0.514433,0.199172,3.369714,3.894534
2008-04-02,5.531897,4.017846,3.302476,3.787819
2008-04-03,1.634704,0.887755,4.118286,3.867855
2008-04-04,0.487969,0.191927,4.828381,3.53993
2008-04-05,0.002799,0.0,5.344,3.294819
2008-04-06,0.026382,0.0,5.29581,3.114182
2008-04-07,0.916259,0.184529,3.832,2.952998
2008-04-08,3.429524,3.43635,3.470667,2.911869
2008-04-09,0.287128,0.555956,4.683238,2.889081
2008-04-10,1.083038,0.878263,4.610095,2.6851
2008-04-11,0.019957,0.012553,4.93581,2.574494
2008-04-12,0.0,0.0,4.857524,2.477228
2008-04-13,0.357654,0.182652,3.858667,2.402194
2008-04-14,0.003717,0.0,3.297905,2.348837
2008-04-15,0.0,0.0,3.803429,2.26491
2008-04-16,0.03083,0.02511,3.868,2.200992
2008-04-17,6.235266,3.976868,3.540571,2.193767
2008-04-18,3.113311,0.958824,3.244,2.256017
2008-04-19,0.148454,0.032728,4.090476,2.075936
2008-04-20,0.910592,0.25331,4.028381,2.024246
2008-04-21,1.715874,0.209919,3.779238,2.002014
2008-04-22,0.651946,1.219937,4.685143,1.973112
2008-04-23,0.371581,0.219785,4.647429,1.905859
2008-04-24,0.072483,0.003994,4.053143,1.843609
2008-04-25,0.0,0.0,3.086095,1.750789
2008-04-26,0.0,0.0,4.063619,1.650744
2008-04-27,0.0,0.0,4.425905,1.569041
2008-04-28,0.0,0.0,3.900572,1.510125
2008-04-29,0.003384,0.0,3.51181,1.421196
2008-04-30,0.002673,0.0,4.013905,1.351721
2008-05-01,0.0,0.0,3.535238,1.333935
2008-05-02,0.329565,0.51901,3.077714,1.293917
2008-05-03,2.636914,2.57991,3.819619,1.304477
2008-05-04,0.059256,0.096828,4.497333,1.238892
2008-05-05,0.085316,0.187177,3.853333,1.184979
2008-05-06,3.94646,3.532722,3.153905,1.191648
2008-05-07,0.997405,0.145864,3.801714,1.177753
2008-05-08,0.090826,0.0,4.017524,1.101608
2008-05-09,0.009741,0.0,2.4,1.047139
2008-05-10,0.225368,0.0,2.656,1.023795
2008-05-11,2.235286,1.249914,3.622476,1.052697
2008-05-12,1.663237,1.25095,3.785333,1.211657
2008-05-13,0.523358,0.49979,2.898286,1.111612
2008-05-14,9.149916,4.955575,2.569905,1.314482
2008-05-15,14.538806,10.833627,3.044,2.252127
2008-05-16,0.307563,0.343558,3.754667,1.420641
2008-05-17,0.000977,0.0,3.865143,1.143293
2008-05-18,0.001267,0.0,2.684571,1.067148
2008-05-19,5.2e-05,0.0,2.337143,0.983777
2008-05-20,0.000193,0.0,2.867619,0.938201
2008-05-21,0.000993,0.0,3.608762,0.933199
2008-05-22,7.470433,13.968931,2.838476,0.923194
2008-05-23,3.886747,3.614611,2.594286,1.015458
2008-05-24,8.449907,13.171208,2.762286,1.213325
2008-05-25,3.445286,3.800143,2.168572,1.094938
2008-05-26,5.529029,5.913076,2.382476,1.138291
2008-05-27,7.198793,4.223776,2.164571,1.480668
2008-05-28,1.400831,1.206607,2.744381,1.325042
2008-05-29,0.812067,0.287402,2.641333,1.218327
2008-05-30,0.022567,0.0,1.612571,1.086601
2008-05-31,0.0,0.0,0.751619,0.963212
2008-06-01,0.00072,0.0,2.521905,0.927641
2008-06-02,0.001775,0.0,3.222476,0.915969
2008-06-03,1.7e-05,0.0,3.4,0.899294
2008-06-04,0.038562,0.0,2.688952,0.888734
2008-06-05,0.094544,0.0,3.799619,0.900962
2008-06-06,0.066994,0.011987,3.502095,0.898739
2008-06-07,0.061261,0.0,3.422095,0.884288
2008-06-08,0.003092,0.001712,2.525714,0.847604
2008-06-09,3.696438,1.716871,2.608762,0.846493
2008-06-10,6.033088,2.146838,2.771429,0.978775
2008-06-11,5.714916,2.616131,3.131048,0.973217
2008-06-12,3.488817,0.812109,2.367429,0.903185
2008-06-13,6.458542,2.799403,2.512762,1.091048
2008-06-14,0.039879,0.0,3.325143,0.95154
2008-06-15,0.089401,0.0,2.108572,0.831486
2008-06-16,0.0,0.0,1.372571,0.802584
2008-06-17,0.434719,0.238418,2.118476,0.802584
2008-06-18,1.824648,0.768117,2.655238,0.818147
2008-06-19,0.207102,0.007041,3.156381,1.040469
2008-06-20,8.4e-05,0.0,3.393714,0.981554
2008-06-21,0.0,0.0,2.868952,0.907076
2008-06-22,0.074578,0.030449,1.323619,0.853718
2008-06-23,0.058158,0.012553,2.26,0.814812
2008-06-24,0.0,0.0,1.773905,0.787577
2008-06-25,0.351252,0.216334,1.998667,0.824816
2008-06-26,0.487861,0.069488,1.279238,0.793691
2008-06-27,0.074016,0.02511,1.921905,0.745892
2008-06-28,0.277751,0.02511,1.896571,0.715878
2008-06-29,1.861081,0.41923,2.214667,0.721992
2008-06-30,1.18399,0.260338,3.014095,0.756452
2008-07-01,0.014286,0.001712,3.444381,0.736443
2008-07-02,0.062401,0.012553,3.455238,0.702539
2008-07-03,0.0,0.0,3.173905,0.674749
2008-07-04,0.0,0.0,3.296381,0.653072
2008-07-05,0.0,0.0,3.148952,0.631952
2008-07-06,0.0,0.0,2.591048,0.630284
2008-07-07,7.245404,5.529064,1.450476,0.685865
2008-07-08,1.863452,0.809479,1.0,0.914857
2008-07-09,0.42675,0.158789,0.400381,0.71699
2008-07-10,0.0,0.0,1.931619,0.654184
2008-07-11,0.0,0.0,3.063048,0.608608
2008-07-12,0.000567,0.0,3.3,0.595268
2008-07-13,0.002106,0.0,3.378095,0.60305
2008-07-14,0.066866,0.030449,3.290095,0.684197
2008-07-15,10.022887,4.701302,1.160952,0.69309
2008-07-16,33.903255,28.215162,1.398667,1.596275
2008-07-17,5.147987,6.490812,2.303048,2.024802
2008-07-18,0.252982,0.026826,2.780952,1.172195
2008-07-19,0.010666,0.0,2.958667,0.895404
2008-07-20,0.043493,0.001712,2.552381,0.803696
2008-07-21,19.210978,16.386855,1.15581,0.789801
2008-07-22,6.809036,6.360148,1.134667,1.458991
2008-07-23,32.606702,22.034992,1.501905,1.412304
2008-07-24,50.418609,54.929309,2.283238,4.701565
2008-07-25,0.002288,0.0,3.354667,3.108068
2008-07-26,0.187007,0.098784,3.598286,1.712439
2008-07-27,5e-05,0.0,3.54381,1.348386
2008-07-28,0.006518,0.0,3.306857,1.172751
2008-07-29,0.0,0.0,1.197333,1.07215
2008-07-30,0.0,0.0,2.612572,1.001563
2008-07-31,0.0,0.0,3.514286,0.963768
2008-08-01,0.0,0.0,4.088381,0.938201
2008-08-02,0.0,0.0,3.940952,0.902073
2008-08-03,0.0,0.0,3.544381,0.913745
2008-08-04,0.0,0.0,4.057714,0.830374
2008-08-05,0.0,0.0,4.077524,0.805363
2008-08-06,0.0,0.0,3.044,0.788689
2008-08-07,0.0,0.737686,3.839238,0.76868
2008-08-08,0.251222,0.285493,3.941143,0.792024
2008-08-09,0.0,0.0,3.881143,0.754229
2008-08-10,0.0,0.0,3.656762,0.798138
2008-08-11,0.0,0.0,3.715619,0.774238
2008-08-12,0.0,0.0,2.284,0.755896
2008-08-13,1.7e-05,0.0,3.156571,0.738666
2008-08-14,0.0,0.0,2.925333,0.729218
2008-08-15,0.0,0.0,3.584762,0.725327
2008-08-16,0.0,0.0,4.231429,0.719213
2008-08-17,0.0,0.0,2.025524,0.695869
2008-08-18,0.0,0.0,1.921524,0.672525
2008-08-19,0.0,0.0,2.872381,0.64807
2008-08-20,0.0,0.0,2.563238,0.634175
2008-08-21,0.111722,0.01885,2.401333,0.639733
2008-08-22,0.148071,0.011987,2.422095,0.643068
2008-08-23,8.4e-05,0.0,0.409905,0.634731
2008-08-24,0.0,0.0,1.749524,0.604717
2008-08-25,0.30006,0.06606,1.892762,0.583596
2008-08-26,3.907176,1.572887,1.311048,0.602494
2008-08-27,0.610459,0.080961,1.757714,0.660298
2008-08-28,0.645115,0.965274,3.348381,0.631952
2008-08-29,0.740649,0.407719,4.048952,0.598047
2008-08-30,0.083735,0.033876,3.584952,0.560808
2008-08-31,1.557578,2.709295,4.819048,0.54469
2008-09-01,0.053131,0.008559,4.464381,0.560253
2008-09-02,0.079464,0.0,4.547619,0.507451
2008-09-03,0.007096,0.0,3.587429,0.483551
2008-09-04,0.903077,0.157518,4.501524,0.476882
2008-09-05,0.2879,0.091614,4.745905,0.469656
2008-09-06,0.00128,0.0,4.388762,0.464654
2008-09-07,0.026427,0.0,3.760762,0.443533
2008-09-08,2.211674,1.375811,2.946286,0.45187
2008-09-09,17.196868,10.732694,2.090286,0.722548
2008-09-10,7.356788,8.824739,2.311619,1.264459
2008-09-11,5.122016,2.355765,1.968762,0.798138
2008-09-12,7.260225,17.675936,4.36781,0.705318
2008-09-13,0.133648,0.096492,4.96,0.646958
2008-09-14,0.11697,0.044185,5.374476,0.567478
2008-09-15,0.0,0.0,4.863048,0.519679
2008-09-16,0.005753,0.0,5.196381,0.485219
2008-09-17,0.0,0.0,5.560572,0.466321
2008-09-18,0.0,0.0,5.713333,0.450759
2008-09-19,0.0,0.0,5.290095,0.440199
2008-09-20,0.175673,0.522804,4.827619,0.42408
2008-09-21,0.008205,0.0,5.150286,0.40685
2008-09-22,0.510884,0.001712,5.216,0.404627
2008-09-23,0.0,0.0,5.528952,0.392399
2008-09-24,0.004816,0.0,5.131048,0.391843
2008-09-25,11.174626,6.964378,4.478095,0.394622
2008-09-26,0.23623,0.035765,4.477524,0.426859
2008-09-27,0.043949,0.003994,3.538857,0.371279
2008-09-28,0.035259,0.034071,5.660381,0.370167
2008-09-29,0.000299,0.0,5.876762,0.373502
2008-09-30,0.0,0.0,5.020381,0.362941
2008-10-01,0.0,0.0,5.257333,0.347935
2008-10-02,0.028878,0.0,4.828381,0.349046
2008-10-03,17.153421,15.729293,4.851238,0.39629
2008-10-04,19.942543,23.935967,5.566667,3.288705
2008-10-05,0.92178,0.987567,5.088381,2.541146
2008-10-06,0.024539,0.001712,5.030095,0.973217
2008-10-07,0.0,0.0,6.143429,0.789245
2008-10-08,0.0,0.0,5.912572,0.696981
2008-10-09,0.000472,0.0,5.377714,0.625282
2008-10-10,0.154823,0.0,5.372,0.578594
2008-10-11,0.051176,0.001712,4.972381,0.556362
2008-10-12,0.928067,1.532681,4.871429,0.563587
2008-10-13,5.261784,7.235749,4.401714,0.660854
2008-10-14,0.703302,0.882208,3.687048,0.679751
2008-10-15,0.08223,0.096946,4.858667,0.590822
2008-10-16,0.048209,0.001712,5.544381,0.55136
2008-10-17,1.836769,4.004282,4.987048,0.526348
2008-10-18,1.861683,2.016922,4.588952,0.538576
2008-10-19,14.976998,16.764556,3.186476,0.652516
2008-10-20,5.042766,4.839517,3.277524,1.363948
2008-10-21,1.13189,1.051719,4.241524,0.969882
2008-10-22,0.29577,0.071597,6.338095,0.790912
2008-10-23,0.0,0.0,5.275048,0.71032
2008-10-24,0.0,0.0,4.328381,0.628617
2008-10-25,0.000316,0.0,5.475429,0.571369
2008-10-26,0.0,0.0,5.628,0.537465
2008-10-27,0.0,0.0,4.617714,0.513565
2008-10-28,0.001125,0.0,5.071619,0.489109
2008-10-29,0.0,0.0,5.821524,0.474658
2008-10-30,0.000244,0.0,6.475048,0.466321
2008-10-31,0.0,0.0,5.699238,0.457428
2008-11-01,4.567377,4.797473,5.230095,0.45854
2008-11-02,0.10689,0.0,5.549143,0.628061
2008-11-03,0.368635,0.70607,5.548572,0.495779
2008-11-04,0.0,0.0,6.075048,0.460208
2008-11-05,0.0,0.0,6.200381,0.439643
2008-11-06,0.0,0.0,6.090286,0.427415
2008-11-07,0.001635,0.0,6.108762,0.412408
2008-11-08,0.001397,0.0,5.656572,0.401292
2008-11-09,23.16426,21.090264,4.950857,0.511898
2008-11-10,1.536265,0.16589,4.51219,0.843714
2008-11-11,4.828917,7.054186,5.757334,0.541911
2008-11-12,0.573943,1.465113,5.564,0.614166
2008-11-13,0.0,0.0,6.437333,0.518567
2008-11-14,0.000342,0.0,6.515429,0.467989
2008-11-15,0.019423,0.0,6.098286,0.446868
2008-11-16,0.053253,0.0,6.438667,0.427971
2008-11-17,0.0,0.0,5.713714,0.415187
2008-11-18,1.849736,3.977658,4.342667,0.422413
2008-11-19,13.28114,8.321132,4.182857,1.240004
2008-11-20,0.794885,0.209112,4.893143,0.857053
2008-11-21,17.521946,14.855414,6.768381,0.731441
2008-11-22,0.185268,0.193672,6.211429,0.648626
2008-11-23,0.0,0.0,4.551238,0.506339
2008-11-24,0.0,0.0,6.574286,0.444645
2008-11-25,0.000928,0.0,5.680381,0.409629
2008-11-26,6.558715,4.687191,5.907048,0.411297
2008-11-27,0.606592,0.151774,5.508381,0.455761
2008-11-28,0.295718,0.201721,2.811429,0.578594
2008-11-29,36.867493,41.505302,3.796191,1.219995
2008-11-30,4.139842,3.45009,3.420572,0.805363
2008-12-01,8.198464,7.274269,6.299429,0.791468
2008-12-02,2.720162,0.411399,6.074286,0.698648
2008-12-03,0.931174,0.177496,6.002095,0.569701
2008-12-04,1.7e-05,0.0,6.946476,0.531351
2008-12-05,0.0,0.0,6.516381,0.48244
2008-12-06,0.413497,0.086096,7.009524,0.455205
2008-12-07,1.7e-05,0.0,6.670286,0.446312
2008-12-08,0.348863,0.054658,5.841143,0.442978
2008-12-09,9.560897,8.571569,6.762857,0.471324
2008-12-10,2.504247,2.248702,5.353714,0.62028
2008-12-11,0.0,0.0,6.960191,0.508007
2008-12-12,0.003685,0.0,6.19581,0.470212
2008-12-13,0.271138,0.265288,7.026095,0.437419
2008-12-14,1.120664,0.0,6.149143,0.405183
2008-12-15,22.188078,26.766005,6.475429,0.75812
2008-12-16,0.0,0.0,5.486667,1.03769
2008-12-17,3.430357,3.1194,5.059809,0.558585
2008-12-18,13.086272,15.616013,5.77581,4.111854
2008-12-19,0.0,0.0,3.694286,1.17553
2008-12-20,4.708975,3.352295,5.064952,0.84816
2008-12-21,0.0,0.0,6.368571,0.75145
2008-12-22,4.58364,10.268529,5.303048,0.704206
2008-12-23,8.630329,12.254641,5.308572,0.931531
2008-12-24,0.374448,0.060929,6.287048,1.041581
2008-12-25,0.000716,0.0,7.178095,0.818147
2008-12-26,0.0,0.0,5.70381,0.736999
2008-12-27,5.515459,4.532286,5.044191,0.69976
2008-12-28,5.734128,6.176319,5.27981,0.965991
2008-12-29,0.691395,0.227204,4.384,1.860839
2008-12-30,3.730564,1.950262,4.504952,1.152186
2008-12-31,20.258051,21.572139,4.552953,1.611282
2009-01-01,13.315193,18.638415,3.313333,3.119184
2009-01-02,41.284092,33.336337,5.16381,2.939103
2009-01-03,12.817217,14.361258,4.90381,2.705665
2009-01-04,5.615048,1.56376,4.082857,2.050369
2009-01-05,33.605272,33.509463,4.072953,4.033485
2009-01-06,7.830774,8.291938,3.368,2.871295
2009-01-07,3.837189,20.03444,3.368,2.646749
2009-01-08,0.588047,1.756885,3.812571,3.446554
2009-01-09,20.260975,16.460523,2.756,2.869627
2009-01-10,49.026071,60.755022,3.806476,8.332091
2009-01-11,21.488292,22.699782,2.300191,12.8369
2009-01-12,31.47183,38.36621,2.025143,11.123905
2009-01-13,98.75276,65.919019,3.465333,60.186028
2009-01-14,2.492556,0.822044,6.767048,20.056822
2009-01-15,0.0,0.0,6.037905,9.641014
2009-01-16,15.658064,5.652369,4.839429,7.197134
2009-01-17,37.193503,64.639021,5.121905,23.592305
2009-01-18,5.869874,9.259405,5.001524,16.600819
2009-01-19,11.970653,3.044687,4.478286,10.310761
2009-01-20,7.470272,5.390792,4.760381,7.993049
2009-01-21,3.0212,2.820508,5.646286,6.351197
2009-01-22,0.599745,0.604316,5.696191,5.520267
2009-01-23,4.299548,1.095954,3.856762,5.180669
2009-01-24,0.137785,0.105092,5.031048,4.552608
2009-01-25,35.313352,32.212316,5.393714,9.882234
2009-01-26,45.689503,44.159589,4.690667,23.476697
2009-01-27,11.636079,15.617299,2.838667,19.308151
2009-01-28,18.306557,9.535006,2.392381,9.590436
2009-01-29,51.547351,43.292303,3.127429,11.432933
2009-01-30,77.414122,54.924691,1.822667,20.44533
2009-01-31,77.72667,65.850836,2.003429,74.890993
2009-02-01,25.628622,15.977628,2.119048,31.723194
2009-02-02,96.998071,68.419896,3.099048,52.184643
2009-02-03,22.861549,15.97273,2.378095,60.003168
2009-02-04,51.502037,40.647543,2.172762,58.285727
2009-02-05,18.492342,6.721297,3.389714,28.744073
2009-02-06,48.59181,25.970444,2.379238,21.892094
2009-02-07,227.102896,213.446629,2.276952,166.487296
2009-02-08,78.567351,64.107723,2.839619,134.305562
2009-02-09,17.259503,20.07462,4.46781,48.819236
2009-02-10,5.309712,2.730243,4.804952,30.098572
2009-02-11,1.676763,1.850799,5.512191,22.918112
2009-02-12,14.906101,33.070412,5.653524,23.859092
2009-02-13,18.347455,19.611777,5.259429,21.135086
2009-02-14,9.123971,7.284839,2.475048,17.267231
2009-02-15,1.070655,0.609251,5.440953,14.901164
2009-02-16,16.824295,15.562829,6.194095,15.802681
2009-02-17,1.119133,0.776495,6.291429,12.172711
2009-02-18,0.016711,0.001712,5.444,9.7833
2009-02-19,0.0,0.0,5.849714,8.272619
2009-02-20,0.001185,0.0,5.672381,7.215476
2009-02-21,0.007894,0.0,5.513333,6.547397
2009-02-22,11.88372,11.851969,3.060762,7.297179
2009-02-23,42.060283,56.258212,2.595048,23.622319
2009-02-24,25.02774,27.354401,4.013524,17.838599
2009-02-25,8.408609,6.051366,4.518476,15.002321
2009-02-26,0.652883,0.110858,4.192191,11.164479
2009-02-27,6.798395,11.943242,5.625714,10.88602
2009-02-28,0.829596,0.18111,5.661714,10.091773
2009-03-01,0.0,0.0,6.244,7.719036
2009-03-02,0.0,0.0,6.284953,6.627433
2009-03-03,0.0,0.0,6.030095,6.026051
2009-03-04,0.500324,0.073645,5.673905,5.59141
2009-03-05,0.518638,0.201672,6.169524,5.274601
2009-03-06,0.273981,0.0,3.339048,4.963349
2009-03-07,18.307833,14.72943,3.452381,5.258482
2009-03-08,2.686313,1.216552,4.7,4.759368
2009-03-09,0.046081,0.033304,5.716762,4.412545
2009-03-10,9.82369,16.375773,5.310286,4.605966
2009-03-11,11.560184,11.360559,4.629714,4.67433
2009-03-12,20.79521,13.755011,4.538476,4.647651
2009-03-13,3.289191,0.482073,5.678476,4.884981
2009-03-14,1.848028,1.953687,4.749143,4.19189
2009-03-15,1.859643,0.843569,5.901333,4.010142
2009-03-16,0.0,0.0,5.712,3.813386
2009-03-17,1.7e-05,0.0,5.031429,3.632193
2009-03-18,0.0,0.0,4.665143,3.48157
2009-03-19,30.583478,32.53845,4.236381,8.562194
2009-03-20,3.810512,1.350212,4.671429,5.599747
2009-03-21,5.109102,9.113881,4.940381,4.182997
2009-03-22,0.261408,0.064485,5.373714,3.801714
2009-03-23,0.575205,0.118451,4.587048,3.566608
2009-03-24,1.480119,0.235958,4.872,3.327612
2009-03-25,0.291144,0.069488,3.536,3.134747
2009-03-26,0.738354,0.323531,4.215048,2.989681
2009-03-27,0.958899,0.163154,3.370286,2.834056
2009-03-28,0.767666,0.651976,4.328572,2.706776
2009-03-29,4.469753,2.740897,4.836762,2.608954
2009-03-30,0.002671,0.012553,5.556,2.525583
2009-03-31,0.0,0.0,4.800762,2.412755
2009-04-01,0.000296,0.0,4.834286,2.314377
2009-04-02,0.000123,0.0,5.634095,2.224336
2009-04-03,0.0,0.0,4.909143,2.14041
2009-04-04,0.0,0.0,5.172762,2.062041
2009-04-05,0.0,0.0,4.64,2.015909
2009-04-06,0.587874,0.143949,5.360953,2.014797
2009-04-07,0.204907,0.0,4.656572,1.995344
2009-04-08,4.693136,2.351947,3.914476,1.971445
2009-04-09,36.41731,16.558619,3.416381,2.160419
2009-04-10,37.510688,39.067753,3.16,3.431547
2009-04-11,14.066038,11.472498,3.341714,4.241357
2009-04-12,13.017799,9.444883,4.179048,3.324833
2009-04-13,18.095499,9.024109,3.626286,3.487128
2009-04-14,20.57883,17.996891,4.029143,4.031818
2009-04-15,7.798411,10.568905,4.674286,4.958347
2009-04-16,0.007377,0.038809,3.197905,4.073504
2009-04-17,2.156399,3.331583,4.284762,4.059608
2009-04-18,2.587453,1.653272,3.958667,3.59551
2009-04-19,0.0,0.0,4.548762,3.081389
2009-04-20,0.0,0.0,3.524952,2.760134
2009-04-21,0.34907,0.187753,4.636762,2.562822
2009-04-22,0.000296,0.0,4.6,2.412755
2009-04-23,0.0,0.0,4.828191,2.296035
2009-04-24,0.203637,0.117675,4.546286,2.189321
2009-04-25,0.0,0.0,3.798286,2.111508
2009-04-26,0.0,0.0,4.428953,2.042588
2009-04-27,0.0,0.0,3.908381,1.972556
2009-04-28,0.0,0.0,4.426286,1.908638
2009-04-29,0.0,0.0,4.316381,1.8475
2009-04-30,0.0,0.0,4.270095,1.818042
2009-05-01,0.0,0.0,4.128571,1.768575
2009-05-02,0.246821,0.065478,3.491048,1.714662
2009-05-03,0.500002,0.171742,2.721905,1.688539
2009-05-04,4.400275,2.617104,2.323619,1.670753
2009-05-05,3.12494,0.594432,2.477524,1.701879
2009-05-06,3.6233,0.798025,1.795048,1.626289
2009-05-07,14.154581,7.697659,2.199048,1.787473
2009-05-08,6.85665,3.547922,1.948952,2.132628
2009-05-09,8.204541,2.833665,2.142667,1.773022
2009-05-10,9.939581,6.591774,1.407429,2.093722
2009-05-11,3.548856,0.728343,1.48019,2.055927
2009-05-12,10.016172,11.270676,3.012952,2.164309
2009-05-13,8.477597,10.9725,2.682286,2.626184
2009-05-14,0.768793,0.662453,3.286667,2.490568
2009-05-15,2.474139,0.537871,2.736762,2.015353
2009-05-16,0.135329,0.003428,2.574667,1.858616
2009-05-17,0.018761,0.001712,2.902095,1.711327
2009-05-18,0.003832,0.0,3.52381,1.611838
2009-05-19,0.007189,0.001712,3.044381,1.550699
2009-05-20,0.006363,0.0,3.712381,1.509014
2009-05-21,6.7e-05,0.0,1.575048,1.460659
2009-05-22,0.0,0.0,2.369333,1.391183
2009-05-23,0.0,0.0,2.892381,1.356723
2009-05-24,5.2e-05,0.0,3.592381,1.337825
2009-05-25,0.117831,0.012553,2.862667,1.321707
2009-05-26,21.453173,17.584309,2.163429,1.492895
2009-05-27,4.992426,2.237302,3.056,2.108729
2009-05-28,1.795802,1.227018,3.913143,1.561815
2009-05-29,0.011574,0.0,3.107619,1.436203
2009-05-30,0.000246,0.0,2.874095,1.371174
2009-05-31,0.932941,0.85827,2.408572,1.325598
2009-06-01,2.207042,0.017312,2.85181,1.336158
2009-06-02,8.639639,0.53881,2.942286,1.470107
2009-06-03,0.725024,0.0,3.14,1.486782
2009-06-04,0.508136,0.0,3.425333,1.355611
2009-06-05,0.006633,0.0,3.672,1.290582
2009-06-06,0.325199,0.003614,3.806476,1.251676
2009-06-07,0.0,0.0,3.211429,1.226108
2009-06-08,0.0,0.0,2.491429,1.199986
2009-06-09,0.000683,0.0,2.635048,1.168305
2009-06-10,0.0,0.0,2.817333,1.132177
2009-06-11,0.0,0.0,2.812381,1.103275
2009-06-12,0.000381,0.0,2.306095,1.084934
2009-06-13,0.0,0.0,3.535619,1.074929
2009-06-14,0.0,0.0,3.281714,1.069371
2009-06-15,0.0,0.0,2.364,1.064925
2009-06-16,0.000735,0.0,2.029714,1.043804
2009-06-17,0.0,0.0,2.332,1.015458
2009-06-18,0.164397,0.0,2.597905,1.005453
2009-06-19,0.330102,0.010271,1.89181,1.013235
2009-06-20,0.005089,0.0,2.667238,1.005453
2009-06-21,0.0,0.0,2.406857,0.987668
2009-06-22,0.00255,0.0,2.295048,0.978219
2009-06-23,0.769548,0.0,3.296572,0.980442
2009-06-24,0.000381,0.0,3.335429,0.974328
2009-06-25,0.0,0.0,3.407048,0.955987
2009-06-26,0.032254,0.0,3.296,0.941536
2009-06-27,0.0,0.0,2.852381,0.93042
2009-06-28,0.0,0.0,2.888762,0.91319
2009-06-29,5.2e-05,0.0,2.463429,0.899294
2009-06-30,0.0,0.0,2.761905,0.890402
2009-07-01,0.0,0.0,3.424762,0.882064
2009-07-02,0.246176,0.196333,2.633333,0.873172
2009-07-03,0.0,0.0,1.201333,0.852607
2009-07-04,0.0,0.0,0.858667,0.824816
2009-07-05,0.0,0.0,2.396952,0.811477
2009-07-06,0.0,0.0,2.953905,0.816479
2009-07-07,0.000314,0.0,3.530286,0.823705
2009-07-08,0.0,0.0,2.958667,0.823705
2009-07-09,1.877409,0.406652,2.822095,0.829819
2009-07-10,0.457824,0.640132,3.46,0.847049
2009-07-11,0.002487,0.0,2.794857,0.823705
2009-07-12,0.0,0.0,2.460571,0.805363
2009-07-13,0.010151,0.0,3.190095,0.802584
2009-07-14,0.0,0.0,3.343048,0.798693
2009-07-15,0.0,0.0,2.333333,0.780352
2009-07-16,0.0,0.0,1.571619,0.750338
2009-07-17,0.0,0.0,2.223619,0.728106
2009-07-18,0.0,0.0,2.757714,0.723104
2009-07-19,0.0,0.0,3.24781,0.711988
2009-07-20,0.0,0.0,3.131429,0.714211
2009-07-21,1.721882,0.365126,2.046667,0.720881
2009-07-22,0.152145,0.057116,2.451429,0.724771
2009-07-23,0.003406,0.0,3.858667,0.714211
2009-07-24,1.7e-05,0.0,3.660381,0.698093
2009-07-25,0.430977,0.015985,3.142857,0.686421
2009-07-26,0.502831,0.149881,2.521524,0.681974
2009-07-27,0.195376,0.022845,3.865714,0.707541
2009-07-28,5.2e-05,0.0,2.508571,0.701427
2009-07-29,0.345123,0.088003,1.913333,0.688644
2009-07-30,0.253341,0.031953,2.373524,0.668079
2009-07-31,0.245543,0.03314,2.804762,0.648626
2009-08-01,0.000452,0.0,2.804191,0.612498
2009-08-02,0.003132,0.0,2.44,0.567478
2009-08-03,0.041626,0.099036,2.414286,0.54469
2009-08-04,2.043235,1.58335,2.942667,0.545802
2009-08-05,0.023026,0.0,3.961714,0.563032
2009-08-06,0.241118,0.0,2.822286,0.549692
2009-08-07,0.04165,0.001712,3.582286,0.553027
2009-08-08,0.001365,0.0,4.156572,0.562476
2009-08-09,0.0,0.0,3.578286,0.544134
2009-08-10,0.0,0.0,3.637143,0.516344
2009-08-11,0.0,0.0,3.609143,0.516344
2009-08-12,0.003311,0.0,4.162476,0.510786
2009-08-13,0.000614,0.0,4.40381,0.501337
2009-08-14,0.0,0.0,3.284,0.482996
2009-08-15,0.0,0.0,2.936191,0.453538
2009-08-16,0.0,0.0,4.490095,0.434085
2009-08-17,0.0,0.0,4.388762,0.415743
2009-08-18,5.2e-05,0.027017,4.321334,0.40018
2009-08-19,0.001135,0.0,3.724952,0.387953
2009-08-20,0.084505,0.010271,3.687429,0.37906
2009-08-21,0.018839,0.0,4.740381,0.371279
2009-08-22,0.053471,0.0,4.649524,0.36572
2009-08-23,0.0,0.0,4.834095,0.439643
2009-08-24,0.000938,0.0,3.830095,0.426859
2009-08-25,0.0,0.0,4.351429,0.415187
2009-08-26,0.0,0.0,4.500762,0.412408
2009-08-27,0.0,0.0,4.898667,0.466321
2009-08-28,0.0,0.0,4.615619,0.453538
2009-08-29,0.0,0.0,4.752952,0.442422
2009-08-30,0.0,0.0,4.893714,0.43075
2009-08-31,0.056929,0.0,4.846476,0.424636
2009-09-01,0.0,0.0,4.317334,0.417966
2009-09-02,0.0,0.0,4.506476,0.411852
2009-09-03,1.459308,2.11388,4.256953,0.40685
2009-09-04,2.701786,4.491157,3.604762,0.566922
2009-09-05,0.0,0.0,4.856762,0.584152
2009-09-06,0.0,0.0,4.868952,0.472991
2009-09-07,0.0,0.0,4.665143,0.449091
2009-09-08,0.0,0.0,3.88019,0.427971
2009-09-09,0.0,0.0,3.088381,0.412964
2009-09-10,0.0,0.0,4.406476,0.382395
2009-09-11,0.0,0.0,5.057905,0.364609
2009-09-12,0.0,0.0,3.584952,0.364609
2009-09-13,0.0,0.0,2.90781,0.352937
2009-09-14,0.077093,0.0293,3.844952,0.356828
2009-09-15,0.378791,0.732139,4.839048,0.360162
2009-09-16,0.041765,0.001712,4.047048,0.370167
2009-09-17,0.603824,0.242028,4.965905,0.34849
2009-09-18,0.497204,0.063226,3.719429,0.330149
2009-09-19,0.383259,0.705477,5.451238,0.362386
2009-09-20,0.001148,0.0,5.085714,0.40018
2009-09-21,0.000316,0.0,4.644381,0.359607
2009-09-22,1.7e-05,0.0,5.287048,0.330705
2009-09-23,0.0,0.0,4.964762,0.321256
2009-09-24,0.0,0.0,1.693714,0.310696
2009-09-25,0.0,0.0,4.711238,0.278459
2009-09-26,1.7e-05,0.0,4.750667,0.26901
2009-09-27,0.0,0.0,2.892381,0.274568
2009-09-28,0.0,0.0,2.672762,0.262341
2009-09-29,0.0,0.0,5.595619,0.249001
2009-09-30,0.0,0.0,4.811619,0.249001
2009-10-01,0.0,0.0,4.503048,0.255671
2009-10-02,0.0,0.0,5.465714,0.248445
2009-10-03,0.001297,0.0,3.938667,0.24122
2009-10-04,0.0,0.0,2.470095,0.237885
2009-10-05,0.0,0.0,2.017714,0.226213
2009-10-06,1.7e-05,0.0,5.304381,0.20676
2009-10-07,0.000171,0.0,5.631048,0.198423
2009-10-08,0.0,0.0,4.768381,0.208983
2009-10-09,0.0,0.0,4.201715,0.21343
2009-10-10,0.01615,0.0,3.337905,0.212874
2009-10-11,0.054894,0.001712,4.204,0.217876
2009-10-12,0.0,0.0,4.669333,0.227325
2009-10-13,0.0,0.0,5.43981,0.22399
2009-10-14,0.0599,0.0,4.829714,0.208983
2009-10-15,0.0,0.0,4.607429,0.199534
2009-10-16,0.0,0.0,3.399048,0.18286
2009-10-17,0.0,0.0,3.194286,0.164519
2009-10-18,0.0,0.0,5.432,0.15507
2009-10-19,3.067599,3.718988,3.980952,0.164519
2009-10-20,2.269289,1.69914,3.967619,0.37906
2009-10-21,0.993908,0.718589,4.353905,0.31014
2009-10-22,0.528452,1.280004,4.144,0.221767
2009-10-23,1.190242,1.544519,5.228953,0.231771
2009-10-24,0.411021,0.069488,4.773143,0.245666
2009-10-25,0.0,0.0,5.595429,0.220099
2009-10-26,0.0,0.0,5.989333,0.218432
2009-10-27,0.0,0.0,5.374095,0.20009
2009-10-28,13.539159,9.564534,3.656,0.227881
2009-10-29,19.531765,37.630449,4.629714,0.901518
2009-10-30,2.864671,1.254405,4.178286,0.961545
2009-10-31,3.687731,4.739573,4.414667,0.54469
2009-11-01,4.55699,4.226646,4.774667,0.504116
2009-11-02,0.078136,0.020566,4.240381,0.519123
2009-11-03,1.036336,0.199959,5.248381,0.374613
2009-11-04,0.77314,0.899528,6.087619,0.395734
2009-11-05,0.000863,0.0,5.645714,0.399069
2009-11-06,1.085792,2.806808,4.215429,0.32737
2009-11-07,8.175268,7.377489,4.885714,0.455205
2009-11-08,10.870188,5.962012,4.231048,0.599715
2009-11-09,3.452746,3.167804,5.034667,0.700872
2009-11-10,7.744541,6.480537,4.325333,0.631396
2009-11-11,15.738235,5.188187,4.648762,0.726994
2009-11-12,17.449922,5.876333,2.500381,0.765901
2009-11-13,6.547593,7.214415,4.465333,0.929864
2009-11-14,0.354077,0.233642,5.314286,0.724771
2009-11-15,0.000123,0.0,5.79581,0.511342
2009-11-16,0.0,0.0,5.925524,0.408518
2009-11-17,0.0,0.0,6.497714,0.367388
2009-11-18,1.7e-05,0.0,6.336762,0.334595
2009-11-19,0.666382,0.0,6.125143,0.312919
2009-11-20,0.0,0.0,5.588762,0.294577
2009-11-21,0.349567,0.09676,3.570667,0.272901
2009-11-22,8.655539,14.197267,5.271048,0.459096
2009-11-23,0.002359,0.0,5.168572,0.456873
2009-11-24,0.0,0.0,5.171619,0.317365
2009-11-25,2.505471,1.41823,3.767619,0.272345
2009-11-26,33.943478,47.104329,5.380381,6.020493
2009-11-27,0.0,0.0,5.688762,2.348281
2009-11-28,0.0,0.0,5.061714,0.926529
2009-11-29,0.0,0.0,4.644381,0.720325
2009-11-30,1.430344,0.220327,5.706667,0.657519
2009-12-01,0.0,0.0,5.126095,0.601938
2009-12-02,0.0,0.0,6.487048,0.506895
2009-12-03,0.011352,0.0,6.374476,0.459652
2009-12-04,0.006019,0.0,5.291238,0.440754
2009-12-05,0.006194,0.0,5.443619,0.416299
2009-12-06,0.0,0.0,4.896,0.384618
2009-12-07,0.120035,0.011987,5.575048,0.36572
2009-12-08,1.143417,1.211375,5.819048,0.389064
2009-12-09,0.011127,0.0,5.433714,0.412964
2009-12-10,0.1596,0.010271,5.268952,0.37239
2009-12-11,1.087558,3.028142,6.455048,0.369055
2009-12-12,0.017985,0.003994,5.909333,0.38295
2009-12-13,0.0033,0.0,5.017333,0.357939
2009-12-14,0.0,0.0,5.29181,0.340709
2009-12-15,0.474604,0.244182,5.878476,0.325702
2009-12-16,8.130497,13.228166,4.255619,0.338486
2009-12-17,10.687848,30.119568,4.712381,0.766457
2009-12-18,5.021146,9.891358,5.382667,0.708097
2009-12-19,0.0,0.0,5.479048,0.636398
2009-12-20,0.0,0.0,5.149524,0.461319
2009-12-21,0.000977,0.0,5.826667,0.391843
2009-12-22,0.049232,0.158605,5.575429,0.357383
2009-12-23,0.054122,0.151346,4.875429,0.332372
2009-12-24,0.231568,0.596163,5.725333,0.338486
2009-12-25,0.050616,0.086252,3.80381,0.329037
2009-12-26,1.015058,2.029141,2.731048,0.312919
2009-12-27,7.527865,5.884337,5.189334,0.332372
2009-12-28,0.310932,1.815559,5.909143,0.376837
2009-12-29,0.801743,1.435804,5.415048,0.357383
2009-12-30,2.895154,1.836309,4.448,0.342377
2009-12-31,12.040119,9.721397,2.729714,0.391843
2010-01-01,62.542984,52.970439,3.742286,2.026469
2010-01-02,9.004258,5.508506,4.403429,3.937887
2010-01-03,12.14779,12.745497,6.356381,1.559592
2010-01-04,1.727896,1.03311,6.082286,1.815263
2010-01-05,2.746187,5.218801,5.374095,0.998228
2010-01-06,3.874436,3.998607,5.300381,0.915969
2010-01-07,1.219805,0.68093,6.007429,0.835933
2010-01-08,0.720513,0.472906,4.340191,0.742557
2010-01-09,15.062126,6.481686,3.444,0.701983
2010-01-10,17.725876,7.902965,4.635048,0.87206
2010-01-11,13.684866,9.309684,5.191048,1.393406
2010-01-12,10.178793,5.71251,6.181333,1.174418
2010-01-13,3.824963,2.177507,5.875048,0.965991
2010-01-14,0.011131,0.0,6.560381,0.788133
2010-01-15,0.0,0.0,6.385333,0.69309
2010-01-16,0.1545,0.021133,5.198667,0.635286
2010-01-17,5.401518,3.652329,5.316,0.603606
2010-01-18,2.057664,2.048008,4.368952,0.591378
2010-01-19,0.138646,0.0,4.246095,0.605829
2010-01-20,0.0,0.0,1.39619,0.545246
2010-01-21,5.512723,3.215891,3.410286,0.5169
2010-01-22,7.655772,1.689862,2.238286,0.590822
2010-01-23,18.950649,11.901829,2.834857,0.687532
2010-01-24,8.682388,4.832713,2.578667,0.928752
2010-01-25,41.167312,26.467569,2.306095,3.74002
2010-01-26,19.756964,9.553644,2.428381,7.929687
2010-01-27,23.730264,16.023795,3.832571,7.617324
2010-01-28,20.47221,5.987926,3.14,4.668216
2010-01-29,7.940565,8.0577,2.24781,3.562162
2010-01-30,42.330299,33.307788,2.101143,4.644872
2010-01-31,7.788663,4.943564,3.862286,7.526727
2010-02-01,0.000184,0.0,4.016,4.237466
2010-02-02,0.000102,0.0,5.0,3.015804
2010-02-03,0.001674,0.0,5.902286,2.272691
2010-02-04,0.009942,0.0,5.905714,1.85139
2010-02-05,1.295069,1.02204,6.658667,1.58238
2010-02-06,13.854652,19.637852,6.487048,1.815263
2010-02-07,10.632857,5.887956,5.904191,1.541806
2010-02-08,4.29442,4.795941,4.793524,1.473998
2010-02-09,0.000787,0.005144,4.518667,1.549588
2010-02-10,13.830608,11.727423,5.506476,2.063708
2010-02-11,23.711217,21.922826,4.396572,2.361065
2010-02-12,15.934297,9.855017,5.144952,2.271024
2010-02-13,2.70178,0.97057,5.090286,1.83416
2010-02-14,5.024762,5.39654,5.445334,1.741341
2010-02-15,11.967837,6.433638,5.388952,2.647861
2010-02-16,2.384016,2.110457,4.723429,3.615519
2010-02-17,24.780686,26.496142,5.326476,3.758917
2010-02-18,28.065941,22.707734,2.879619,4.759924
2010-02-19,9.554144,4.723975,2.725333,7.541734
2010-02-20,22.86697,17.793455,3.596,5.037827
2010-02-21,5.969905,5.145279,5.88,5.102301
2010-02-22,23.909349,30.405264,4.928,4.593182
2010-02-23,11.225567,9.224936,4.619238,13.604468
2010-02-24,5.603458,7.215393,5.547429,7.91468
2010-02-25,0.865221,1.859777,5.958667,5.605305
2010-02-26,29.682301,27.068558,4.145714,4.78827
2010-02-27,21.452081,17.463003,3.715048,8.320419
2010-02-28,9.12274,8.203929,3.796,7.505607
2010-03-01,24.379418,22.363577,5.148381,7.211029
2010-03-02,2.156045,0.243596,3.012,5.481361
2010-03-03,0.001017,0.0,5.238667,4.590959
2010-03-04,0.0,0.0,5.627619,3.9918
2010-03-05,0.0,0.0,5.198286,3.627191
2010-03-06,0.0,0.0,5.352381,3.228122
2010-03-07,0.0,0.0,4.778857,2.940771
2010-03-08,0.0,0.0,5.301714,2.736234
2010-03-09,0.036626,0.0,3.778095,2.520025
2010-03-10,42.466233,30.874422,3.540381,3.221453
2010-03-11,25.63035,25.682806,5.321524,4.80161
2010-03-12,8.944542,7.8308,4.737334,3.811719
2010-03-13,12.272472,3.630228,4.347429,3.841177
2010-03-14,33.927833,22.806636,3.776952,5.209571
2010-03-15,4.087509,1.578972,4.586667,5.257927
2010-03-16,5.577892,4.938629,4.877333,4.184109
2010-03-17,2.995649,1.515212,3.895048,3.776703
2010-03-18,0.781998,0.143,3.108953,3.346509
2010-03-19,3.229161,2.406078,3.343238,3.119184
2010-03-20,0.699838,0.238813,2.662476,3.001353
2010-03-21,0.831516,0.96321,3.119429,2.725118
2010-03-22,2.683584,0.868341,4.094476,2.588945
2010-03-23,37.588043,34.958635,4.317714,3.579948
2010-03-24,9.779064,6.502435,4.521143,5.626426
2010-03-25,1.020097,0.32893,3.535048,4.318614
2010-03-26,18.366864,10.47823,2.736572,4.19189
2010-03-27,12.655166,8.51657,3.328,4.634868
2010-03-28,10.23067,3.513294,3.321333,4.862193
2010-03-29,20.223787,29.285485,3.832381,4.79494
2010-03-30,23.286847,33.95979,4.346095,25.741608
2010-03-31,3.417368,2.622035,1.640381,13.371585
2010-04-01,22.019254,21.230825,1.904762,12.831897
2010-04-02,5.28625,7.470997,1.664952,11.062766
2010-04-03,5.291583,4.355736,2.848381,8.131444
2010-04-04,16.761283,12.49516,2.106095,7.90801
2010-04-05,6.748313,8.24336,2.995238,9.226383
2010-04-06,49.410164,49.617478,2.478667,17.87695
2010-04-07,4.322439,2.135912,4.454857,27.671923
2010-04-08,1.827292,1.252525,4.345143,14.60881
2010-04-09,0.599678,0.0,5.278476,10.109559
2010-04-10,0.0,0.0,4.974095,7.899673
2010-04-11,6.7e-05,0.0,5.234667,6.562404
2010-04-12,0.0,0.0,5.252571,5.854307
2010-04-13,0.0,0.0,4.682095,5.340742
2010-04-14,7.125567,8.132384,3.438857,4.992807
2010-04-15,0.176888,0.153647,4.014286,4.676553
2010-04-16,1.973153,0.613677,3.794286,4.278596
2010-04-17,10.632865,3.67234,4.151238,4.140756
2010-04-18,34.898536,21.877303,2.964191,5.787054
2010-04-19,21.115061,14.354781,1.751429,7.124324
2010-04-20,2.563836,2.110776,3.584,5.538053
2010-04-21,1.59792,1.01953,3.2,4.958903
2010-04-22,1.302264,0.54735,2.903619,4.39198
2010-04-23,7.241838,3.679352,3.426857,4.142979
2010-04-24,9.971179,4.083767,3.442857,4.130196
2010-04-25,10.941696,5.649842,3.365143,4.586513
2010-04-26,6.562126,7.727175,4.645524,4.320281
2010-04-27,2.699224,0.028538,3.43181,3.842844
2010-04-28,8.195485,8.394215,1.693714,3.887308
2010-04-29,2.970694,1.003748,3.472762,4.520372
2010-04-30,0.515625,0.026826,3.378095,3.899536
2010-05-01,2.655627,0.503221,3.48019,3.793377
2010-05-02,0.354507,0.11112,2.677143,3.521588
2010-05-03,1.557331,0.218255,3.277143,3.36096
2010-05-04,11.763183,3.565305,3.970667,3.473233
2010-05-05,1.330729,0.35251,3.774667,3.365406
2010-05-06,2.911469,5.619932,4.264762,3.183658
2010-05-07,0.705824,0.0,3.846095,3.025809
2010-05-08,0.03104,0.007041,2.923619,2.907422
2010-05-09,0.503597,0.132154,1.571619,2.807933
2010-05-10,2.611657,2.199989,3.723619,2.786256
2010-05-11,0.803062,0.159938,3.760381,2.757354
2010-05-12,2.173428,0.462959,2.851048,2.677874
2010-05-13,1.519892,1.046818,3.270667,2.618959
2010-05-14,1.050512,2.117513,3.331048,2.548371
2010-05-15,0.603953,0.191939,3.481143,2.470003
2010-05-16,1.7e-05,0.0,3.488952,2.39608
2010-05-17,6.191244,3.911363,1.716191,2.330495
2010-05-18,4.64247,4.769679,2.8,2.581164
2010-05-19,0.634399,0.08601,2.333143,2.387743
2010-05-20,0.0,0.0,2.275048,2.24768
2010-05-21,0.0,0.0,2.798095,2.1443
2010-05-22,0.258131,0.190613,3.440381,2.114287
2010-05-23,0.0,0.0,3.091429,2.043699
2010-05-24,0.009725,0.0,3.593905,2.00257
2010-05-25,0.017971,0.0,4.113524,1.966442
2010-05-26,0.0,0.0,3.288952,1.930315
2010-05-27,3.799794,1.688343,1.64781,1.924201
2010-05-28,0.005476,0.0,2.910857,1.854725
2010-05-29,0.0,0.0,2.540571,1.813596
2010-05-30,0.0,0.0,1.958667,1.776357
2010-05-31,0.0,0.0,1.601905,1.701879
2010-06-01,0.0,0.0,2.495619,1.643519
2010-06-02,5.2e-05,0.0,2.132952,1.602945
2010-06-03,6.7e-05,0.0,2.730095,1.583492
2010-06-04,0.355309,0.100371,2.732381,1.573487
2010-06-05,0.006124,0.0,1.710857,1.570708
2010-06-06,0.0,0.0,2.597905,1.511237
2010-06-07,1.7e-05,0.0,2.804381,1.449543
2010-06-08,5.2e-05,0.0,2.904,1.429534
2010-06-09,5.2e-05,0.0,3.099619,1.422864
2010-06-10,0.2992,0.261089,3.492952,1.408413
2010-06-11,1.7e-05,0.0,2.382857,1.386736
2010-06-12,0.000117,0.0,3.038667,1.364504
2010-06-13,0.0,0.0,2.270286,1.338381
2010-06-14,5.2e-05,0.0,1.705714,1.308924
2010-06-15,0.0,0.0,1.963619,1.300586
2010-06-16,2.883415,0.91197,2.459619,1.264459
2010-06-17,2.224888,0.921473,3.006286,1.30281
2010-06-18,0.238374,0.047947,3.205333,1.265015
2010-06-19,0.000567,0.0,2.962667,1.196095
2010-06-20,2.68635,0.817484,1.814667,1.16886
2010-06-21,0.291378,0.26738,0.742095,1.198874
2010-06-22,0.088411,0.037676,1.719619,1.136068
2010-06-23,2.060212,0.814467,1.751619,1.135512
2010-06-24,0.51256,0.10949,2.108572,1.158856
2010-06-25,2.057154,1.317115,2.645905,1.108833
2010-06-26,16.772087,8.774056,2.349143,1.328933
2010-06-27,1.090716,0.129635,3.103048,1.585159
2010-06-28,0.0,0.0,3.432762,1.19276
2010-06-29,0.0,0.0,3.014667,1.123284
2010-06-30,0.115694,0.02511,2.873905,1.098273
2010-07-01,0.000348,0.0,2.831429,1.092159
2010-07-02,1.165041,0.213265,1.744952,1.058811
2010-07-03,1.365385,0.3285,1.911048,1.095494
2010-07-04,1.049901,0.233292,0.811048,1.091603
2010-07-05,3.371174,1.280912,1.708952,1.103831
2010-07-06,2.78386,1.322043,2.684952,1.136068
2010-07-07,0.427465,0.681709,2.503429,1.128287
2010-07-08,2.538932,0.584464,2.754857,1.112168
2010-07-09,2.606869,1.112719,2.292191,1.137735
2010-07-10,1.702945,0.517124,1.814667,1.097161
2010-07-11,1.162881,0.048341,2.542857,1.097717
2010-07-12,4.060026,1.968893,2.659048,1.100496
2010-07-13,4.300175,2.585473,2.608762,1.100496
2010-07-14,1.011497,0.980754,2.985333,1.419529
2010-07-15,0.104308,0.012553,3.180762,1.177198
2010-07-16,0.838962,0.115532,2.433714,1.074929
2010-07-17,0.072865,0.014265,2.914667,1.019349
2010-07-18,1.777976,0.614799,2.452191,0.992114
2010-07-19,2.450964,1.393503,3.297714,1.004342
2010-07-20,0.058421,0.02511,3.753143,0.979886
2010-07-21,0.003268,0.0,1.706095,0.94765
2010-07-22,2.881146,1.319744,1.522667,0.965991
2010-07-23,0.101572,0.0,1.685714,0.957654
2010-07-24,7.101563,2.27881,1.867238,0.914857
2010-07-25,3.46183,0.724533,2.043238,1.08271
2010-07-26,11.529254,2.854824,1.572,1.275019
2010-07-27,15.237256,4.689642,1.902286,1.253343
2010-07-28,15.777786,6.226004,3.265905,2.493902
2010-07-29,1.302506,0.122983,3.268952,2.246569
2010-07-30,0.11715,0.02511,3.821905,1.50957
2010-07-31,0.0,0.0,3.319048,1.292805
2010-08-01,0.007041,0.0,4.26381,1.18609
2010-08-02,0.30798,0.265453,3.70781,1.113836
2010-08-03,0.0,0.0,1.815238,1.064369
2010-08-04,0.0,0.0,2.443238,1.006009
2010-08-05,0.0,0.0,2.512571,0.965435
2010-08-06,0.065692,0.055798,3.672762,0.954875
2010-08-07,0.066109,0.003994,2.781333,0.932643
2010-08-08,0.0,0.0,2.862476,0.908187
2010-08-09,0.003709,0.001712,2.577524,0.904852
2010-08-10,1.735711,2.769714,2.324572,0.910966
2010-08-11,11.72127,13.160884,2.012571,1.165526
2010-08-12,0.077297,0.038071,1.293905,1.161079
2010-08-13,0.0,0.0,2.138286,0.91319
2010-08-14,0.0,0.0,3.549143,0.870392
2010-08-15,0.0,0.0,4.315048,0.853718
2010-08-16,0.0,0.0,3.525333,0.846493
2010-08-17,0.0,0.0,4.081333,0.82704
2010-08-18,0.026336,0.003428,3.184,0.818703
2010-08-19,3.510309,3.649062,3.503619,0.847604
2010-08-20,0.040882,0.001712,4.113143,1.014346
2010-08-21,0.434609,0.842471,4.002667,0.870392
2010-08-22,0.047401,0.012553,4.335048,0.863167
2010-08-23,0.112035,0.069092,4.940381,0.837044
2010-08-24,0.0,0.0,5.024762,0.812589
2010-08-25,0.173291,0.0,4.151619,0.795359
2010-08-26,0.0,0.0,2.826857,0.785354
2010-08-27,2.213265,1.961439,1.511048,0.794247
2010-08-28,0.085724,0.001712,1.432762,0.825372
2010-08-29,5.95072,2.458437,1.730286,0.807031
2010-08-30,24.249051,26.054606,2.442667,1.239448
2010-08-31,8.959063,4.792316,3.591238,1.336714
2010-09-01,8.61032,4.226571,3.446667,1.609059
2010-09-02,4.034116,3.917877,5.04381,1.916976
2010-09-03,0.0,0.0,4.474476,1.448987
2010-09-04,4.47277,5.047351,3.304,1.172751
2010-09-05,1.446667,1.768355,3.948952,1.588494
2010-09-06,11.816529,8.317117,2.980952,1.749122
2010-09-07,3.166968,3.643944,4.922286,2.155416
2010-09-08,1.624669,1.454622,4.512571,1.755792
2010-09-09,2.168817,1.838222,4.052,1.85139
2010-09-10,0.168004,0.043205,5.392191,1.728001
2010-09-11,0.0,0.0,5.690286,1.40619
2010-09-12,0.0,0.0,4.847619,1.245006
2010-09-13,1.455279,1.675759,4.759048,1.240559
2010-09-14,0.573032,0.832331,5.757333,1.176642
2010-09-15,0.0,0.0,5.661524,1.153854
2010-09-16,0.002377,0.0,5.368762,1.058255
2010-09-17,0.0,0.0,4.463429,1.007121
2010-09-18,3.436773,3.388121,4.035429,0.988223
2010-09-19,28.854788,48.62188,2.584952,3.586617
2010-09-20,44.150625,71.027206,1.323238,6.322851
2010-09-21,13.921025,10.387519,3.428,14.160274
2010-09-22,3.952734,3.236347,4.492381,4.775487
2010-09-23,12.308616,14.678823,5.160381,4.71935
2010-09-24,2.540999,2.404011,4.064,3.960119
2010-09-25,0.941834,1.563346,5.079048,3.468786
2010-09-26,0.362411,0.1914,4.08781,2.914092
2010-09-27,5.650556,10.087173,5.259429,2.695104
2010-09-28,0.0,0.001712,5.266857,2.819049
2010-09-29,6.489148,6.763947,5.532381,2.689546
2010-09-30,5.518683,5.320679,4.463619,2.507798
2010-10-01,1.337174,1.248919,4.576381,2.334386
2010-10-02,4.072997,1.688707,4.249143,2.231562
2010-10-03,10.806698,6.952092,4.717714,2.300482
2010-10-04,2.726964,0.396192,5.425334,2.321047
2010-10-05,0.000212,0.0,6.468762,2.045923
2010-10-06,0.627169,0.078042,5.776381,1.90975
2010-10-07,4.038491,2.597267,5.578857,1.848611
2010-10-08,2.094568,3.165093,3.741333,2.015909
2010-10-09,1.447753,2.389488,4.19981,2.286031
2010-10-10,7.871665,5.666808,2.862095,2.221002
2010-10-11,25.162794,14.73806,3.983429,2.369958
2010-10-12,2.422902,0.354246,5.632762,2.658421
2010-10-13,1.15909,0.201823,4.367429,2.204327
2010-10-14,57.863235,41.4476,2.307429,2.992461
2010-10-15,19.529195,32.360514,5.145333,15.866043
2010-10-16,0.724513,0.268123,1.886857,7.950252
2010-10-17,0.012221,0.0,1.250286,4.784935
2010-10-18,0.0,0.0,2.246857,3.715009
2010-10-19,0.56984,0.026826,3.601714,3.27481
2010-10-20,0.000205,0.0,3.198286,2.979121
2010-10-21,20.067174,16.140357,2.261143,3.039704
2010-10-22,16.350558,13.157445,3.561143,4.031262
2010-10-23,5.26011,0.655807,5.382286,3.389862
2010-10-24,0.065547,0.02951,5.897333,3.010246
2010-10-25,0.0262,0.001712,6.473524,2.815714
2010-10-26,0.0,0.0,6.059429,2.641191
2010-10-27,0.0,0.0,5.655619,2.511688
2010-10-28,0.057487,0.003994,4.404381,2.415534
2010-10-29,0.0,0.0,5.715429,2.288254
2010-10-30,0.0,0.0,5.593524,2.175981
2010-10-31,0.0,0.0,6.088762,2.093722
2010-11-01,0.001252,0.0,5.204,2.04092
2010-11-02,0.0,0.0,5.093905,1.967554
2010-11-03,2.323932,0.865097,2.368381,1.898078
2010-11-04,35.373132,42.866996,3.222095,3.02692
2010-11-05,0.238116,0.0,5.269143,2.77125
2010-11-06,0.054401,0.0,6.174095,2.180983
2010-11-07,0.061641,0.003428,2.833143,1.970889
2010-11-08,0.0,0.491551,3.831048,1.866953
2010-11-09,0.598116,0.224555,4.900953,1.900301
2010-11-10,6.839364,2.164719,4.514095,1.814151
2010-11-11,17.597881,23.540381,4.859429,2.154861
2010-11-12,0.683557,1.89329,4.010476,2.408308
2010-11-13,20.303573,25.666246,5.022095,4.910548
2010-11-14,8.086283,4.924887,2.83581,3.423766
2010-11-15,31.958185,40.851966,5.301905,14.680509
2010-11-16,3.161635,3.248133,5.010095,6.368983
2010-11-17,3.513594,6.953315,5.610476,5.247366
2010-11-18,1.178878,0.923773,4.001524,4.189111
2010-11-19,9.754859,11.517881,3.657714,3.765587
2010-11-20,4.55984,3.342192,3.983429,3.540485
2010-11-21,36.435126,47.326424,3.31581,6.002707
2010-11-22,7.155711,4.072103,4.485333,6.133321
2010-11-23,8.620037,4.435385,4.066286,5.58085
2010-11-24,18.991572,12.935964,5.088381,6.591861
2010-11-25,17.967396,8.312108,4.945334,6.840863
2010-11-26,19.88976,14.404293,3.391619,6.471251
2010-11-27,6.972781,4.04853,4.415048,7.253271
2010-11-28,1.60591,2.816897,4.979048,5.997705
2010-11-29,32.268612,22.727526,4.744,6.88366
2010-11-30,13.00675,6.97922,6.177905,6.563515
2010-12-01,28.893534,32.416898,5.740191,9.405908
2010-12-02,0.998095,1.128573,5.310095,7.859655
2010-12-03,11.957238,7.2161,5.016762,6.134989
2010-12-04,4.459488,2.055591,6.087429,5.670335
2010-12-05,0.515861,0.010271,6.988,5.004479
2010-12-06,0.125943,0.590624,4.76,4.507588
2010-12-07,4.364384,0.635946,5.677143,4.200227
2010-12-08,0.697705,0.729839,5.823048,4.048492
2010-12-09,21.121462,28.546223,5.765524,7.04262
2010-12-10,8.70936,14.362248,5.510667,6.571297
2010-12-11,1.008692,0.08719,5.743238,6.452354
2010-12-12,21.218564,19.993676,4.199238,5.793168
2010-12-13,8.194591,9.349098,5.5,6.222806
2010-12-14,18.782573,38.192753,6.15181,16.161732
2010-12-15,15.264654,9.627587,6.175429,14.918394
2010-12-16,9.339353,16.350851,6.440191,14.524883
2010-12-17,0.344206,0.165888,6.219619,9.390345
2010-12-18,10.24574,23.434429,5.244762,10.440263
2010-12-19,0.704795,0.434851,4.175619,7.443356
2010-12-20,1.090921,0.7384,3.753905,6.237813
2010-12-21,10.301341,7.604686,3.029905,5.974916
2010-12-22,32.56928,38.573895,2.784762,9.847774
2010-12-23,54.721496,37.619705,2.456381,19.979565
2010-12-24,12.505495,12.353081,1.928,41.298067
2010-12-25,162.320954,134.965671,2.244762,42.605879
2010-12-26,17.236784,10.651022,3.438476,101.169509
2010-12-27,3.285765,3.610665,3.832,25.341983
2010-12-28,16.900606,9.968023,4.277334,20.119628
2010-12-29,10.406326,14.98488,4.363429,17.954763
2010-12-30,4.594098,9.680171,6.162095,17.551803
2010-12-31,0.358328,0.001712,4.616762,13.731192
2011-01-01,56.773735,70.121831,4.142667,22.180557
2011-01-02,21.797991,16.126986,2.269714,20.714896
2011-01-03,4.419338,5.168165,4.292762,18.797365
2011-01-04,16.273428,25.923027,6.072381,16.953756
2011-01-05,3.429946,3.850394,6.272762,13.699511
2011-01-06,3.484386,2.619956,6.247238,11.014967
2011-01-07,5.503696,3.296882,6.684953,9.477051
2011-01-08,0.002507,0.0,6.388381,8.128665
2011-01-09,0.018843,0.012553,5.284572,7.231594
2011-01-10,4.331522,1.99023,6.573333,7.372213
2011-01-11,2.140407,0.367217,4.426476,6.488481
2011-01-12,18.375417,21.305469,3.532762,10.008958
2011-01-13,23.897719,35.172944,4.537333,10.176811
2011-01-14,22.822368,20.460161,5.54381,11.305654
2011-01-15,18.497307,11.059395,4.256953,10.202378
2011-01-16,4.836369,5.417108,4.959048,12.858576
2011-01-17,2.262362,2.601086,3.877143,9.25584
2011-01-18,10.063962,4.087171,4.682667,8.290405
2011-01-19,20.162796,18.407223,4.870286,11.456833
2011-01-20,2.364892,2.036495,4.62,8.193139
2011-01-21,11.35974,10.486828,4.748191,13.039769
2011-01-22,49.023962,55.816538,3.163048,38.360631
2011-01-23,26.362362,17.665325,5.057714,24.551627
2011-01-24,0.650171,0.0,6.920381,17.330593
2011-01-25,0.000891,0.0,6.916381,13.086457
2011-01-26,0.049676,0.0,6.916,10.31743
2011-01-27,0.046535,0.0,5.488,8.613884
2011-01-28,0.543908,0.123189,6.046286,7.462254
2011-01-29,0.051735,0.0,5.513905,6.644663
2011-01-30,0.001038,0.0,4.086667,6.171116
2011-01-31,2.193367,1.007346,5.354667,5.953796
2011-02-01,0.429983,0.044324,5.890667,5.546946
2011-02-02,6.89072,2.926858,2.532,5.286273
2011-02-03,158.658145,149.149467,2.312191,63.613129
2011-02-04,21.226447,9.730481,2.678857,77.029735
2011-02-05,11.627584,9.487209,6.106476,89.6671
2011-02-06,0.016828,3.350426,4.609524,27.923147
2011-02-07,11.727879,3.437126,5.072572,21.954344
2011-02-08,5.88011,6.077869,6.335048,19.167532
2011-02-09,5.49026,8.537657,6.041524,17.23944
2011-02-10,20.572612,34.429503,3.648572,24.748382
2011-02-11,28.416291,31.13899,4.747429,34.613386
2011-02-12,42.014208,62.613094,6.101714,54.713561
2011-02-13,2.418934,3.671766,5.594095,38.022701
2011-02-14,2.666298,4.419415,6.150095,25.363104
2011-02-15,1.817161,0.992913,5.2,21.242912
2011-02-16,18.084178,19.65252,3.260762,20.765475
2011-02-17,5.447009,6.076715,5.444,20.573722
2011-02-18,2.554604,5.163738,5.326667,18.203208
2011-02-19,1.538737,0.640512,4.843619,16.112821
2011-02-20,4.035657,25.787569,5.373524,17.201646
2011-02-21,0.779247,1.228312,6.038857,14.912836
2011-02-22,0.000802,0.0,5.507619,12.654595
2011-02-23,0.610402,1.40089,4.751429,11.321216
2011-02-24,72.331568,56.052502,2.802857,15.895501
2011-02-25,45.214589,29.688923,3.356,29.947393
2011-02-26,22.526083,16.235175,1.936762,37.60807
2011-02-27,91.454974,99.363587,3.759048,90.266815
2011-02-28,114.77487,111.225686,2.77581,158.209675
2011-03-01,26.407599,12.22548,2.414857,70.00768
2011-03-02,21.612716,24.323724,3.798476,39.333292
2011-03-03,2.436589,1.410373,5.775429,30.572119
2011-03-04,0.018108,0.094811,5.850476,25.301409
2011-03-05,0.847719,0.182616,5.873333,21.665325
2011-03-06,18.779663,23.25402,3.590476,21.463567
2011-03-07,44.653594,62.384368,2.565333,71.067602
2011-03-08,71.622476,69.026405,2.064762,66.737316
2011-03-09,148.723408,159.716511,3.105905,164.936597
2011-03-10,46.273471,30.843985,1.101524,109.032499
2011-03-11,31.521285,40.785658,2.122667,88.32983
2011-03-12,26.998231,26.852896,2.076381,52.787137
2011-03-13,2.382587,2.946789,3.178095,40.280386
2011-03-14,15.413516,25.055197,4.341714,34.809586
2011-03-15,4.388802,3.477072,3.388952,28.756856
2011-03-16,36.246172,38.625819,2.12,32.821467
2011-03-17,49.885608,52.998816,4.708762,79.641468
2011-03-18,6.535047,3.097523,5.402095,36.396412
2011-03-19,0.164156,0.065047,5.403048,28.033197
2011-03-20,7.797928,2.693272,2.189143,23.837416
2011-03-21,29.680895,27.647921,4.841333,28.119902
2011-03-22,25.021416,38.174467,5.384,41.097977
2011-03-23,0.969018,0.09676,5.725714,25.238047
2011-03-24,0.003901,0.0,5.647429,20.969456
2011-03-25,2.34627,1.22704,4.141714,18.977446
2011-03-26,16.790738,12.357457,3.857714,18.677867
2011-03-27,6.329673,1.031767,2.236191,16.934859
2011-03-28,9.722128,2.587347,3.762667,15.771
2011-03-29,23.495445,15.661306,4.184762,15.176288
2011-03-30,6.063201,1.722859,4.382095,15.617042
2011-03-31,3.020115,3.914792,4.666476,14.269768
2011-04-01,7.831732,10.552513,2.544952,14.492646
2011-04-02,8.50388,4.627577,2.063238,15.26077
2011-04-03,2.59197,1.183722,1.821333,12.90971
2011-04-04,4.074128,2.310632,2.515048,12.173267
2011-04-05,15.58343,8.462657,1.921905,13.401599
2011-04-06,4.966226,1.407181,3.052,12.89915
2011-04-07,0.493222,0.091422,2.790667,11.071103
2011-04-08,7.036832,3.57861,2.436571,10.090661
2011-04-09,3.124857,0.602072,3.477714,9.822763
2011-04-10,1.446097,0.395394,4.321524,8.833428
2011-04-11,0.206025,0.0,4.747048,8.177576
2011-04-12,0.21527,0.001712,5.098857,7.607319
2011-04-13,0.070378,0.0,5.116762,7.132661
2011-04-14,0.064617,0.0,4.546286,6.761938
2011-04-15,0.0,0.0,4.715619,6.490149
2011-04-16,0.0,0.0,4.684381,6.249485
2011-04-17,0.065275,0.0,4.316381,6.04995
2011-04-18,0.796563,0.708728,3.473333,5.890434
2011-04-19,0.955932,0.079757,3.461333,5.752038
2011-04-20,0.457091,0.083748,3.604191,5.590299
2011-04-21,0.171942,0.096842,3.666857,5.484695
2011-04-22,0.005275,0.0,4.124953,5.323512
2011-04-23,0.0,0.0,5.070667,5.175111
2011-04-24,0.0,0.0,4.795048,5.04672
2011-04-25,0.442336,0.184923,3.253905,4.956124
2011-04-26,0.009053,0.0,2.319619,4.827733
2011-04-27,18.407383,6.220134,2.483048,5.013372
2011-04-28,16.548579,11.913457,2.22,5.577515
2011-04-29,1.318341,0.874064,3.701333,5.027267
2011-04-30,0.680441,0.09234,3.807238,4.734913
2011-05-01,0.30244,0.199168,4.568952,4.449229
2011-05-02,1.7e-05,0.0,3.963048,4.25692
2011-05-03,0.006224,0.0,3.892953,4.109075
2011-05-04,0.0,0.0,4.175048,3.995135
2011-05-05,1.368291,0.668741,4.470286,3.863409
2011-05-06,0.017868,0.0,3.104762,3.745022
2011-05-07,0.0,0.0,2.685905,3.588285
2011-05-08,0.967284,0.490805,2.90781,3.549378
2011-05-09,0.497212,0.239766,2.769333,3.506581
2011-05-10,3.169931,1.86832,0.622667,3.429324
2011-05-11,0.00232,0.0,1.860381,3.252022
2011-05-12,0.0,0.0,2.660381,3.169207
2011-05-13,0.085677,0.0,2.813714,3.08528
2011-05-14,0.0,0.0,3.050286,3.006911
2011-05-15,0.000188,0.0,3.304381,2.960224
2011-05-16,0.0,0.0,1.402286,2.914648
2011-05-17,4.391631,2.790069,2.509524,2.916871
2011-05-18,0.328365,0.099803,3.548381,2.864625
2011-05-19,5.518131,2.738195,1.785524,2.784033
2011-05-20,3.606737,2.730591,2.623619,2.812379
2011-05-21,6.24229,3.678619,2.981714,2.865737
2011-05-22,12.784269,6.111747,2.344762,3.029144
2011-05-23,3.620712,1.675538,3.662667,3.070273
2011-05-24,0.36841,0.257636,1.688952,2.784033
2011-05-25,0.002463,0.0,1.166667,2.601173
2011-05-26,0.087481,0.0,1.423619,2.362176
2011-05-27,0.0,0.0,2.38,2.283252
2011-05-28,0.0,0.0,2.994476,2.239343
2011-05-29,0.0,0.0,3.644,2.208218
2011-05-30,0.0,0.0,3.690095,2.180983
2011-05-31,0.0,0.0,3.007619,2.073157
2011-06-01,0.063344,0.0,2.180952,1.96811
2011-06-02,0.0,0.0,2.508381,1.90308
2011-06-03,0.0,0.0,2.940952,1.873067
2011-06-04,0.0,0.0,3.312762,1.835272
2011-06-05,0.0,0.0,2.709143,1.819154
2011-06-06,0.0,0.0,2.926095,1.805258
2011-06-07,0.016747,0.0,3.190667,1.77858
2011-06-08,0.003789,0.007041,2.858667,1.74412
2011-06-09,0.11231,0.0293,2.697905,1.719664
2011-06-10,0.008484,0.142632,1.17619,1.72022
2011-06-11,1.231153,1.391946,1.532952,1.719109
2011-06-12,0.154686,0.107217,1.412,1.709104
2011-06-13,0.0,0.0,1.584,1.630735
2011-06-14,5.2e-05,0.0,2.485333,1.582936
2011-06-15,0.0,0.0,2.270667,1.550699
2011-06-16,0.0,0.0,3.056381,1.542362
2011-06-17,0.0,0.0,3.220381,1.530134
2011-06-18,0.0,0.0,3.114667,1.508458
2011-06-19,0.0,0.0,2.742476,1.426754
2011-06-20,0.0,0.0,3.144,1.393962
2011-06-21,0.0,0.0,3.12781,1.386736
2011-06-22,0.0,0.0,2.873333,1.372285
2011-06-23,0.0,0.0,2.746476,1.310035
2011-06-24,0.0,0.0,3.057714,1.268906
2011-06-25,0.0,0.0,3.146095,1.245006
2011-06-26,0.002254,0.0,2.51619,1.235001
2011-06-27,10.711298,4.313865,2.037524,1.367839
2011-06-28,13.633322,5.66969,1.588,1.54403
2011-06-29,47.86535,24.256356,2.372571,3.588285
2011-06-30,18.779866,7.505279,1.844762,6.005486
2011-07-01,1.665789,0.624355,2.724762,4.001805
2011-07-02,0.014446,0.0,2.435048,2.386632
2011-07-03,4.006782,3.131523,2.533714,1.979782
2011-07-04,0.303493,0.193604,2.561333,1.845277
2011-07-05,0.050218,0.0,2.337143,1.690207
2011-07-06,0.001607,0.0,2.171619,1.604612
2011-07-07,0.0,0.0,2.610095,1.53069
2011-07-08,0.0,0.0,2.990286,1.465661
2011-07-09,0.0,0.0,2.270857,1.41675
2011-07-10,0.0,0.0,3.377333,1.387292
2011-07-11,0.0,0.0,3.545905,1.391183
2011-07-12,0.0,0.0,3.043048,1.396741
2011-07-13,0.0,0.0,2.764762,1.366727
2011-07-14,8.6e-05,0.0,2.279048,1.360614
2011-07-15,3.534003,1.397675,2.024762,1.34116
2011-07-16,1.643162,0.462799,3.008952,1.366172
2011-07-17,4.164606,2.57764,2.389714,1.400076
2011-07-18,2.015262,1.429266,3.36,1.436203
2011-07-19,0.060372,0.0,3.489333,1.336714
2011-07-20,0.001741,0.0,3.379048,1.276687
2011-07-21,0.0,0.0,2.888762,1.25112
2011-07-22,0.0,0.0,1.952952,1.205544
2011-07-23,0.0,0.0,1.756381,1.167193
2011-07-24,0.0,0.0,2.307619,1.14774
2011-07-25,0.0,0.0,3.318667,1.139958
2011-07-26,0.0,0.0,3.314667,1.129398
2011-07-27,0.095428,0.050052,3.634667,1.124396
2011-07-28,0.037907,0.001712,3.293333,1.104387
2011-07-29,0.003873,0.0,2.596572,1.086601
2011-07-30,0.064234,0.028538,3.292762,1.063257
2011-07-31,0.055091,0.02511,3.962095,1.057699
2011-08-01,0.0,0.0,3.985333,1.035467
2011-08-02,0.12838,0.069496,3.005524,1.004898
2011-08-03,0.008523,0.0,2.761714,0.994337
2011-08-04,0.281094,0.240184,2.224571,0.998228
2011-08-05,4.11133,2.161706,2.238286,1.046583
2011-08-06,11.228733,13.836923,2.755048,1.340049
2011-08-07,0.970876,0.283795,2.596572,1.3545
2011-08-08,0.210564,0.0,4.106476,1.129398
2011-08-09,0.000844,0.0,2.140762,1.067148
2011-08-10,0.0,0.0,2.090095,1.01657
2011-08-11,0.0,0.0,2.115429,0.988779
2011-08-12,0.0,0.0,2.248762,0.972105
2011-08-13,0.0,0.0,3.685333,0.950984
2011-08-14,0.0,0.0,4.112,0.96488
2011-08-15,0.231788,0.064551,3.160381,0.953763
2011-08-16,0.356003,0.311788,3.928762,0.954319
2011-08-17,0.0,0.0,3.761714,0.947094
2011-08-18,0.0,0.0,4.261714,0.931531
2011-08-19,0.000246,0.0,2.291048,0.91319
2011-08-20,0.0,0.0,2.468952,0.884288
2011-08-21,0.0,0.0,4.356572,0.876506
2011-08-22,0.0,0.0,3.404762,0.874283
2011-08-23,0.223465,0.083592,2.998286,0.866502
2011-08-24,0.089805,0.026826,3.588,0.860944
2011-08-25,0.189092,0.06777,4.011048,0.856497
2011-08-26,0.013164,0.0,4.216381,0.855942
2011-08-27,0.0,0.0,3.337143,0.84816
2011-08-28,0.637096,1.746992,3.86,0.840379
2011-08-29,0.030606,0.007041,3.225333,0.843158
2011-08-30,0.0,0.0,3.619238,0.834265
2011-08-31,0.131771,0.053878,4.377333,0.822593
2011-09-01,0.219576,0.054815,3.644381,0.828151
2011-09-02,0.300244,0.159007,3.696191,0.808142
2011-09-03,0.085288,0.0,2.94781,0.789245
2011-09-04,9.673594,4.206608,2.523619,0.798693
2011-09-05,4.404325,0.59214,3.486667,1.313926
2011-09-06,0.024258,0.0,4.088952,0.948761
2011-09-07,0.005128,0.0,4.944,0.841491
2011-09-08,0.0,0.0,4.371048,0.815368
2011-09-09,0.0,0.0,4.760381,0.779796
2011-09-10,0.0,0.0,1.104191,0.766457
2011-09-11,0.0,0.0,3.432762,0.72755
2011-09-12,0.0,0.0,2.532191,0.709209
2011-09-13,0.0,0.0,4.158286,0.704206
2011-09-14,0.0,0.0,3.818667,0.696425
2011-09-15,0.016148,0.0,3.611238,0.674749
2011-09-16,0.038876,0.0,4.075048,0.671414
2011-09-17,0.0,0.0,4.317714,0.667523
2011-09-18,0.0,0.0,4.142286,0.654184
2011-09-19,0.015186,0.0,4.390667,0.645847
2011-09-20,0.000326,0.0,4.702476,0.647514
2011-09-21,0.0,0.0,5.151238,0.644735
2011-09-22,0.0,0.0,5.050476,0.635286
2011-09-23,0.03202,0.0,4.569714,0.626394
2011-09-24,0.000171,0.0,5.459429,0.628061
2011-09-25,0.0,0.0,5.452953,0.620836
2011-09-26,0.0,0.0,4.821714,0.604717
2011-09-27,0.0,0.0,5.242667,0.587487
2011-09-28,0.0,0.0,4.824953,0.589155
2011-09-29,0.0,0.0,5.073143,0.586376
2011-09-30,1.7e-05,0.0,5.089143,0.583041
2011-10-01,0.0,0.0,4.336762,0.573592
2011-10-02,0.0,0.0,4.483619,0.56192
2011-10-03,0.0,0.0,4.624381,0.545802
2011-10-04,0.0,0.0,4.066095,0.550804
2011-10-05,0.0,0.0,3.915429,0.559697
2011-10-06,1.054425,1.375002,3.953905,0.574148
2011-10-07,1.021708,0.679203,5.250476,0.608608
2011-10-08,0.0,0.0,5.668572,0.580262
2011-10-09,0.0,0.0,5.440191,0.547469
2011-10-10,0.0,0.0,4.462476,0.530239
2011-10-11,0.0,0.0,4.977905,0.518567
2011-10-12,0.0,0.0,3.462667,0.513009
2011-10-13,0.0,0.0,5.304381,0.484663
2011-10-14,0.0,0.0,5.290095,0.477438
2011-10-15,0.120502,0.028733,4.911429,0.490221
2011-10-16,2.790164,5.698647,3.014667,0.59638
2011-10-17,0.685299,0.145501,3.299619,0.549137
2011-10-18,20.184812,23.332307,2.269905,0.546357
2011-10-19,72.97601,61.232337,2.271238,2.652307
2011-10-20,40.899641,34.796102,3.236,8.349321
2011-10-21,23.872751,10.300536,3.313333,6.131654
2011-10-22,17.931648,6.170771,3.830095,5.514153
2011-10-23,7.615774,9.270243,5.110667,5.306837
2011-10-24,4.478346,5.26375,5.272381,4.488135
2011-10-25,0.370603,0.06206,5.511048,3.5227
2011-10-26,1.7e-05,0.0,6.194476,2.576717
2011-10-27,1.7e-05,0.0,5.942667,2.095389
2011-10-28,0.0,0.0,5.629714,1.753013
2011-10-29,0.061073,0.0,5.390476,1.524021
2011-10-30,0.0,0.0,5.618476,1.367283
2011-10-31,0.001538,0.0,5.95981,1.283912
2011-11-01,0.205225,0.677873,4.762857,1.214992
2011-11-02,1.505738,0.916878,5.242667,1.213881
2011-11-03,0.045863,0.027017,5.508,1.146628
2011-11-04,0.0,0.0,4.133714,1.058811
2011-11-05,0.14263,0.067945,3.743048,1.03102
2011-11-06,21.43825,18.371939,3.602667,2.232118
2011-11-07,0.67692,0.244559,5.46,3.088615
2011-11-08,0.625056,1.390408,5.765143,1.712995
2011-11-09,0.856213,0.673702,5.496953,1.512349
2011-11-10,1.736555,2.041685,5.538667,1.281689
2011-11-11,1.142896,1.470619,6.425524,1.230555
2011-11-12,0.000554,0.0,5.444762,1.163302
2011-11-13,3.572515,7.139196,5.732381,1.121617
2011-11-14,0.003013,0.0,5.97581,1.457324
2011-11-15,0.000272,0.0,5.052,1.105499
2011-11-16,0.0,0.0,5.053143,1.024351
2011-11-17,0.002215,0.0,5.785524,0.993781
2011-11-18,0.357026,0.70376,4.718667,0.981554
2011-11-19,0.616611,0.930872,5.193333,0.987112
2011-11-20,0.341055,0.641267,4.881714,1.083266
2011-11-21,0.001663,0.0,5.560381,1.042692
2011-11-22,0.010095,0.001712,5.529143,0.901518
2011-11-23,0.038012,0.0,4.047238,0.847049
2011-11-24,6.847971,12.957825,4.237143,1.495119
2011-11-25,102.82232,123.02702,4.96381,37.702557
2011-11-26,9.454807,15.666085,4.378476,51.880061
2011-11-27,1.119509,0.498445,6.282095,10.89658
2011-11-28,0.141823,0.0,6.546476,6.417338
2011-11-29,0.009429,0.01885,6.074476,4.935003
2011-11-30,23.400725,21.764898,5.543619,4.697118
2011-12-01,5.46835,2.546235,5.945714,7.626772
2011-12-02,1.454862,1.147356,6.056572,5.61531
2011-12-03,1.581784,2.370803,2.884381,4.610968
2011-12-04,14.607775,22.216707,2.457143,5.023932
2011-12-05,11.553858,7.238645,3.414857,8.337649
2011-12-06,33.791427,21.97351,5.172952,8.147563
2011-12-07,3.960195,0.940198,6.450476,6.633547
2011-12-08,0.000365,0.0,5.060381,5.404104
2011-12-09,0.0,0.0,7.004,4.655988
2011-12-10,0.0,0.0,6.524572,4.268036
2011-12-11,1.377985,0.393439,5.128,3.999581
2011-12-12,12.611806,11.798045,5.557714,4.051827
2011-12-13,4.363705,8.959584,5.903048,3.753359
2011-12-14,0.0,0.0,6.560762,3.508804
2011-12-15,26.697357,38.048152,4.905714,4.064611
2011-12-16,10.015616,12.685471,4.886667,3.931773
2011-12-17,2.410727,1.982409,3.428381,4.290824
2011-12-18,6.01505,2.340713,3.808381,4.092957
2011-12-19,10.748441,12.182768,4.922857,5.13954
2011-12-20,1.855458,3.947388,4.417333,5.3463
2011-12-21,0.923891,2.562798,5.673714,4.362523
2011-12-22,0.0,0.0,4.419048,3.930106
2011-12-23,0.0,0.0,5.288,3.680549
2011-12-24,0.001436,0.0,6.254095,3.522144
2011-12-25,0.000645,0.0,6.348191,3.375967
2011-12-26,0.023823,0.012553,5.321143,3.224232
2011-12-27,3.019048,0.72943,4.610476,3.151977
2011-12-28,10.24314,4.808116,1.339429,3.163093
2011-12-29,8.098344,3.604723,2.352571,3.224787
2011-12-30,3.649727,4.274852,3.984953,3.385415
2011-12-31,5.41351,1.478051,5.418095,3.13697
2012-01-01,7.68729,10.647536,6.272,3.652202
2012-01-02,0.017591,0.003994,5.475048,3.215339
2012-01-03,0.022846,0.0,4.416762,3.000798
2012-01-04,3.288971,2.776117,6.144381,2.934101
2012-01-05,0.21514,0.026826,6.748762,2.988014
2012-01-06,0.003142,0.0,6.500762,2.818493
2012-01-07,0.0,0.0,6.901143,2.756243
2012-01-08,0.0,0.0,6.028,2.707888
2012-01-09,0.000893,0.0,6.575048,2.667314
2012-01-10,0.00364,0.0,6.757714,2.632854
2012-01-11,0.013929,0.0,6.865524,2.606731
2012-01-12,0.004619,0.0,6.577714,2.572827
2012-01-13,0.0,0.0,5.835429,2.538923
2012-01-14,0.879717,0.315578,2.562286,2.510021
2012-01-15,8.15402,8.650432,4.640381,2.710111
2012-01-16,36.127731,47.040507,3.617524,6.841974
2012-01-17,7.163847,4.582064,4.996953,3.74391
2012-01-18,16.728731,10.691945,3.516,6.395662
2012-01-19,17.402156,9.640555,4.757714,11.052206
2012-01-20,3.299606,2.919592,4.713714,5.926561
2012-01-21,0.267468,0.031789,5.789714,4.498695
2012-01-22,4.693082,3.075575,5.59181,4.911103
2012-01-23,1.651611,0.982837,3.867619,4.557055
2012-01-24,11.988973,19.152541,5.420381,15.017327
2012-01-25,40.138845,26.899369,3.54,12.167153
2012-01-26,10.70466,8.525082,3.667429,13.266538
2012-01-27,0.312733,0.568166,6.425524,8.412682
2012-01-28,1.506523,29.62568,4.928762,9.650463
2012-01-29,5.721311,9.773259,5.481143,6.927012
2012-01-30,0.029412,0.0,5.182476,5.638654
2012-01-31,16.787582,15.605861,2.890095,6.152774
2012-02-01,32.455489,49.112363,4.813333,20.184102
2012-02-02,23.115856,22.359188,5.653524,26.718159
2012-02-03,13.836576,8.24946,2.790095,16.545794
2012-02-04,99.375322,86.211201,1.115048,50.135941
2012-02-05,12.85077,12.693485,4.571429,36.932209
2012-02-06,0.003897,0.003994,6.818857,17.657962
2012-02-07,0.220666,0.562962,6.490476,13.011423
2012-02-08,2.995145,0.020741,6.484,10.639798
2012-02-09,0.037394,0.0,6.389714,8.945145
2012-02-10,0.016103,0.0,5.683429,7.863546
2012-02-11,0.754535,0.433305,6.187048,7.070966
2012-02-12,0.14514,0.005706,6.383429,6.415115
2012-02-13,3.9e-05,0.0,6.822476,5.971582
2012-02-14,0.0,0.0,6.580191,5.462463
2012-02-15,0.491395,0.202597,5.878476,5.17789
2012-02-16,9.700515,4.176009,5.443619,5.02949
2012-02-17,7.923452,3.622605,5.035238,4.952233
2012-02-18,0.102067,0.016737,5.136191,4.569838
2012-02-19,3.547186,6.718415,4.934857,4.359744
2012-02-20,0.417547,0.16,4.689524,4.47424
2012-02-21,2.091968,0.748882,4.630095,4.060164
2012-02-22,1.56489,0.465093,5.620762,4.035709
2012-02-23,5.765039,4.842779,5.38781,3.900092
2012-02-24,6.815309,4.916306,5.017333,3.834507
2012-02-25,5.024156,9.26089,4.393524,3.71612
2012-02-26,16.820463,12.43117,4.561524,4.798831
2012-02-27,47.309284,50.431952,2.217143,5.565843
2012-02-28,47.328276,46.194427,4.219048,19.042476
2012-02-29,40.721548,41.315041,4.474286,19.284251
2012-03-01,36.327814,46.794031,4.747429,65.806896
2012-03-02,32.755828,37.280299,3.57981,35.850055
2012-03-03,9.971442,9.43046,5.475429,23.532278
2012-03-04,0.227956,1.717867,6.356381,18.207099
2012-03-05,0.231961,0.14758,4.598095,14.048557
2012-03-06,17.253333,15.597851,6.417714,12.59957
2012-03-07,0.036036,0.0,4.776,10.670923
2012-03-08,11.240677,5.962392,2.539619,9.275294
2012-03-09,1.088914,0.042857,4.710476,8.636116
2012-03-10,18.266922,18.604297,3.288381,12.468956
2012-03-11,7.494933,4.033118,2.733333,9.275294
2012-03-12,6.629621,2.498797,4.875238,8.015281
2012-03-13,7.175372,3.502814,3.84781,7.595647
2012-03-14,4.507467,4.459766,1.931048,6.975923
2012-03-15,15.216579,13.742268,1.62381,9.018511
2012-03-16,43.601311,27.583184,2.229714,15.06068
2012-03-17,30.669258,31.978044,2.430095,18.361613
2012-03-18,9.813521,5.101486,1.25581,14.422059
2012-03-19,61.363051,65.437647,1.247429,21.333509
2012-03-20,68.732809,56.309863,1.281905,81.224404
2012-03-21,1.782653,0.837313,5.298095,30.492083
2012-03-22,0.335037,0.0,4.596571,18.350497
2012-03-23,0.000184,0.0,5.01981,14.347025
2012-03-24,4.614688,5.541472,4.484952,12.500637
2012-03-25,20.986103,19.586578,2.917714,11.781424
2012-03-26,42.983519,26.164728,2.326286,13.250419
2012-03-27,35.093036,22.17576,4.242286,23.248261
2012-03-28,3.069719,0.920143,3.877143,15.117928
2012-03-29,1.098411,0.187597,4.301333,12.084894
2012-03-30,0.562126,0.68052,4.325143,10.476391
2012-03-31,1.7e-05,0.0,5.293905,9.23472
2012-04-01,1.7e-05,0.0,5.258667,8.232045
2012-04-02,1.7e-05,0.0,5.502667,7.6868
2012-04-03,0.0,0.0,4.87981,7.114875
2012-04-04,0.0,0.0,4.020381,6.539616
2012-04-05,0.0,0.0,4.57181,6.086634
2012-04-06,0.0,0.0,4.885333,5.732585
2012-04-07,1.557294,0.567148,5.076762,5.496367
2012-04-08,0.101282,0.02511,5.321143,5.233471
2012-04-09,0.351308,0.17822,5.002667,4.91555
2012-04-10,0.467139,0.586673,4.701524,4.73269
2012-04-11,3.164154,1.221082,3.653905,4.638203
2012-04-12,16.877991,8.252544,2.023619,4.693227
2012-04-13,2.997539,0.800014,2.442286,4.944452
2012-04-14,3.346639,0.611768,2.2,4.358632
2012-04-15,3.567161,0.788111,2.301714,4.165767
2012-04-16,4.987396,1.907776,2.753143,4.037932
2012-04-17,0.939338,0.104528,4.144953,3.989021
2012-04-18,0.00255,0.0,3.828762,3.776147
2012-04-19,0.0,0.0,4.039048,3.620521
2012-04-20,0.116665,0.001712,3.845333,3.528258
2012-04-21,0.531685,0.096769,4.434476,3.449889
2012-04-22,0.008103,0.0,3.624952,3.328167
2012-04-23,0.0,0.0,4.263048,3.218674
2012-04-24,1.7e-05,0.0,4.036,3.156979
2012-04-25,1.7e-05,0.0,3.256381,3.088059
2012-04-26,1.386747,0.628334,2.585905,2.996351
2012-04-27,11.887,8.833058,1.411619,3.111959
2012-04-28,7.288114,8.582067,2.403238,3.911208
2012-04-29,1.253112,0.029512,3.111238,3.174765
2012-04-30,0.692273,0.224692,3.225905,3.043039
2012-05-01,3.403075,3.540164,3.123619,3.0058
2012-05-02,1.927894,0.883008,2.94,3.019139
2012-05-03,1.073121,0.298445,4.234476,2.921317
2012-05-04,0.014198,0.0,4.585143,2.796261
2012-05-05,0.0,0.0,4.469143,2.707888
2012-05-06,0.0,0.0,4.108952,2.648972
2012-05-07,1.7e-05,0.0,4.092952,2.583387
2012-05-08,0.000837,0.0,4.290667,2.54059
2012-05-09,0.007182,0.0,3.969714,2.473338
2012-05-10,0.0,0.0,2.835238,2.432764
2012-05-11,0.333359,0.05919,2.869714,2.420536
2012-05-12,2.768244,0.733837,2.536381,2.407197
2012-05-13,1.294634,0.251582,3.181524,2.372737
2012-05-14,0.483531,0.696337,3.510286,2.286587
2012-05-15,0.170785,0.0569,3.105524,2.16153
2012-05-16,5.2e-05,0.0,2.088,2.102059
2012-05-17,0.075413,0.021133,2.501905,2.029248
2012-05-18,10.585547,6.152504,2.170095,2.22656
2012-05-19,15.375138,16.408092,3.086095,2.927987
2012-05-20,2.452682,0.585684,2.268381,2.522248
2012-05-21,15.437796,7.021443,2.015048,2.432208
2012-05-22,8.150424,3.054998,3.012571,2.960224
2012-05-23,6.814769,4.575013,1.324952,2.54059
2012-05-24,2.941442,1.46317,2.651429,2.531141
2012-05-25,53.369468,56.886963,1.058857,10.687041
2012-05-26,3.598235,4.315209,0.957714,13.194283
2012-05-27,0.84141,0.95114,1.445714,5.051722
2012-05-28,0.012965,0.001712,0.664,3.908985
2012-05-29,0.0,0.0,0.60381,3.37152
2012-05-30,0.552018,0.146068,1.051429,3.126966
2012-05-31,13.764094,10.779722,1.587619,2.991905
2012-06-01,31.014831,27.082822,1.7,5.359639
2012-06-02,5.36072,3.47769,2.132,4.911659
2012-06-03,2.224628,1.539982,3.459048,4.079617
2012-06-04,0.000926,0.0,2.699619,3.574945
2012-06-05,0.0,0.0,2.398286,3.244797
2012-06-06,0.0,0.0,2.319429,3.036925
2012-06-07,0.0,0.0,2.816381,2.881299
2012-06-08,0.0,0.0,3.233524,2.783477
2012-06-09,0.0,0.0,3.175238,2.701218
2012-06-10,0.034505,0.001712,2.453905,2.630631
2012-06-11,0.0,0.0,2.920762,2.571159
2012-06-12,0.0,0.0,2.546286,2.500016
2012-06-13,0.0,0.0,2.387429,2.438878
2012-06-14,0.0,0.0,2.61581,2.389967
2012-06-15,8.6e-05,0.0,3.314857,2.342167
2012-06-16,0.0,0.0,3.346476,2.280473
2012-06-17,0.0,0.0,3.179238,2.204883
2012-06-18,0.0,0.0,3.248,2.143744
2012-06-19,0.295065,0.264711,3.137333,2.077604
2012-06-20,0.0,0.0,2.686095,2.004237
2012-06-21,0.0,0.0,2.810857,1.960328
2012-06-22,0.004771,0.025296,2.290095,1.932538
2012-06-23,1.474792,2.495025,1.734857,1.896411
2012-06-24,0.000459,0.0,1.481333,1.844165
2012-06-25,0.418668,0.26147,1.814857,1.78914
2012-06-26,4.032894,4.28511,1.872191,1.838607
2012-06-27,4.091287,3.737251,2.739048,2.06482
2012-06-28,1.078211,0.366434,2.475429,2.048702
2012-06-29,1.1379,1.119192,2.833714,1.898078
2012-06-30,0.000311,0.0,3.049714,1.873623
2012-07-01,0.076535,0.037659,2.509333,1.701879
2012-07-02,0.0,0.0,0.739619,1.639628
2012-07-03,0.012394,0.0,1.768571,1.552922
2012-07-04,0.016453,0.001712,1.227619,1.510125
2012-07-05,0.0,0.0,0.909905,1.462882
2012-07-06,0.0,0.0,0.935429,1.450098
2012-07-07,0.121674,0.027008,1.781333,1.425643
2012-07-08,10.164887,4.858027,1.483619,1.631847
2012-07-09,11.297759,4.659217,1.669905,2.277138
2012-07-10,59.204619,54.340535,1.586857,5.878206
2012-07-11,12.032219,16.115954,1.246667,7.23215
2012-07-12,4.147189,4.519215,2.778095,4.295826
2012-07-13,0.233151,0.111368,2.970286,3.356514
2012-07-14,1.110448,0.966423,1.869333,2.882967
2012-07-15,0.060843,2.978641,1.664952,2.739013
2012-07-16,0.010394,0.001712,1.692571,2.571159
2012-07-17,1.94359,2.544723,1.765905,2.493347
2012-07-18,0.075863,0.010271,2.927238,2.424982
2012-07-19,0.105255,0.001712,3.431619,2.292145
2012-07-20,0.079678,0.055612,2.634857,2.158195
2012-07-21,0.264442,0.279157,1.857905,2.020911
2012-07-22,0.09606,0.0,1.324952,1.906971
2012-07-23,0.0,0.0,2.408952,1.845277
2012-07-24,0.0,0.0,3.768,1.810261
2012-07-25,0.031412,0.021133,3.658667,1.762461
2012-07-26,0.0,0.0,3.043429,1.726334
2012-07-27,0.0,0.0,3.944,1.691318
2012-07-28,0.200119,0.044727,0.631048,1.650744
2012-07-29,0.0,0.0,2.548762,1.580157
2012-07-30,1.7e-05,0.0,3.369333,1.554034
2012-07-31,0.0,0.0,3.316381,1.521797
2012-08-01,0.0,0.0,3.374476,1.486782
2012-08-02,0.000631,0.0,3.957905,1.455656
2012-08-03,0.0,0.0,3.662476,1.435647
2012-08-04,0.0,0.0,3.876762,1.413971
2012-08-05,0.0,0.0,3.803048,1.380067
2012-08-06,0.057416,0.0,3.835048,1.350053
2012-08-07,5.2e-05,0.0,3.965333,1.324486
2012-08-08,0.166659,0.128522,4.116191,1.287803
2012-08-09,0.0,0.0,3.980381,1.261124
2012-08-10,0.0,0.0,4.249905,1.235001
2012-08-11,0.0,0.0,0.249905,1.210546
2012-08-12,0.0,0.0,2.593905,1.185535
2012-08-13,0.0,0.0,3.013333,1.173863
2012-08-14,0.000381,0.0,3.662286,1.167749
2012-08-15,0.004851,0.0,3.523619,1.161079
2012-08-16,0.0,0.0,4.178095,1.16497
2012-08-17,0.355378,0.295809,4.390095,1.172195
2012-08-18,0.0,0.0,4.597333,1.157188
2012-08-19,0.001096,0.0,1.537714,1.127731
2012-08-20,0.274394,0.315587,2.211619,1.113836
2012-08-21,0.114693,0.017139,2.614857,1.107722
2012-08-22,4.097552,4.991606,2.629524,1.14774
2012-08-23,3.773826,3.917839,4.130667,1.351721
2012-08-24,0.014116,0.005326,4.066476,1.263347
2012-08-25,0.064312,0.016557,5.126667,1.131066
2012-08-26,0.0,0.0,4.268381,1.079931
2012-08-27,0.002288,0.0,4.715619,1.056032
2012-08-28,0.199466,0.844161,3.985333,1.034911
2012-08-29,4.509606,1.437879,4.456,1.043804
2012-08-30,0.117653,0.026848,4.463048,1.12384
2012-08-31,0.000229,0.0,4.992571,1.02713
2012-09-01,1.7e-05,0.0,4.752,0.994893
2012-09-02,0.01596,0.005326,3.903619,0.976551
2012-09-03,0.0,0.0,3.610667,0.967659
2012-09-04,0.007029,0.0,3.700381,0.947094
2012-09-05,2.864306,4.215372,3.570286,0.942091
2012-09-06,0.475048,0.761123,4.075048,1.056032
2012-09-07,8.4e-05,0.0,3.846476,0.971549
2012-09-08,0.002533,0.0,5.144191,0.93431
2012-09-09,0.008462,0.0,4.641714,0.912634
2012-09-10,0.002113,0.0,2.296381,0.897627
2012-09-11,2.111259,1.802988,4.025333,0.887622
2012-09-12,0.394025,0.521535,3.972,0.987112
2012-09-13,0.238339,0.793275,4.263619,0.918748
2012-09-14,0.210612,0.026826,5.405524,0.898739
2012-09-15,0.0,0.0,5.324381,0.875395
2012-09-16,2.336525,5.593307,4.173334,0.854274
2012-09-17,3.270677,1.514197,4.316,0.929308
2012-09-18,0.157236,0.062806,5.359429,0.879841
2012-09-19,0.0,0.0,5.744,0.849828
2012-09-20,1.7e-05,0.0,5.916,0.834265
2012-09-21,0.0,0.0,5.606095,0.820926
2012-09-22,0.0,0.0,5.417333,0.802584
2012-09-23,0.002089,0.0,5.646286,0.783131
2012-09-24,1.7e-05,0.0,5.635429,0.779796
2012-09-25,0.0,0.0,5.453714,0.769792
2012-09-26,0.0,0.0,5.113333,0.758675
2012-09-27,0.0,0.0,4.448381,0.747004
2012-09-28,1.328655,3.251241,3.882286,0.765345
2012-09-29,0.13423,0.0569,4.252952,0.798693
2012-09-30,1.021557,0.001712,2.489905,0.76868
2012-10-01,0.112721,0.029104,3.924952,0.747559
2012-10-02,0.559581,1.393647,3.772952,0.748115
2012-10-03,12.665567,9.177069,3.814667,0.786466
2012-10-04,4.256124,8.472937,3.688952,1.576822
2012-10-05,0.935117,0.372178,4.192953,0.852051
2012-10-06,3.321949,3.395927,3.679238,0.742557
2012-10-07,1.433237,0.197289,5.774095,0.777017
2012-10-08,0.002325,0.0,6.013714,0.75145
2012-10-09,0.000381,0.0,5.809333,0.705318
2012-10-10,1.7e-05,0.0,6.393714,0.689755
2012-10-11,0.003134,0.0,4.476762,0.683086
2012-10-12,0.000456,0.0,2.288,0.676972
2012-10-13,0.0,0.0,2.857333,0.663633
2012-10-14,3.3e-05,0.0,4.148191,0.650849
2012-10-15,1.7e-05,0.0,4.603429,0.638621
2012-10-16,0.067383,0.0,4.492762,0.627505
2012-10-17,0.055286,0.0293,4.633333,0.612498
2012-10-18,0.01838,0.0,5.461714,0.600271
2012-10-19,0.151637,0.026826,5.072381,0.587487
2012-10-20,0.0,0.0,4.294095,0.576371
2012-10-21,1.7e-05,0.0,5.713905,0.569146
2012-10-22,0.000409,0.0,5.087048,0.564143
2012-10-23,0.0,0.0,2.906476,0.560253
2012-10-24,0.945753,1.159753,3.136571,0.554695
2012-10-25,0.000569,0.0,5.393905,0.557474
2012-10-26,0.0,0.0,6.737905,0.554695
2012-10-27,0.0,0.0,4.767048,0.540799
2012-10-28,0.0,0.0,5.774095,0.531351
2012-10-29,0.223501,0.026826,5.660191,0.528016
2012-10-30,0.540017,1.478803,4.47581,0.570813
2012-10-31,0.272052,0.72952,5.797714,0.57915
2012-11-01,0.003717,0.0,6.047429,0.560808
2012-11-02,8.6e-05,0.0,6.620952,0.535241
2012-11-03,0.0,0.0,5.901714,0.519679
2012-11-04,0.0,0.0,4.859429,0.506339
2012-11-05,0.004062,0.0,4.722286,0.496335
2012-11-06,4.215897,7.923778,5.507238,0.531351
2012-11-07,0.113328,0.0,5.482857,0.619168
2012-11-08,0.0,0.0,4.30381,0.513009
2012-11-09,0.0,0.0,4.800381,0.493556
2012-11-10,0.27077,0.239957,3.16819,0.483551
2012-11-11,0.158908,0.02511,5.268381,0.48633
2012-11-12,8.174431,11.315213,5.366286,0.536909
2012-11-13,3.588659,7.223385,4.610286,0.833709
2012-11-14,5.52596,8.084316,5.074857,0.634731
2012-11-15,0.143324,0.032161,4.802095,0.757564
2012-11-16,0.0,0.0,6.069333,0.541355
2012-11-17,0.0,0.0,6.534476,0.500781
2012-11-18,2.644788,3.596143,5.600762,0.495223
2012-11-19,1.4788,1.335913,6.115429,0.515788
2012-11-20,0.121557,0.099026,6.863429,0.491888
2012-11-21,0.216525,0.742655,6.226286,0.471324
2012-11-22,0.000352,0.0,5.780953,0.46521
2012-11-23,0.0017,0.0,6.016762,0.455205
2012-11-24,6.9e-05,0.0,5.720953,0.443533
2012-11-25,1.7e-05,0.0,5.672952,0.439087
2012-11-26,0.0,0.0,4.278667,0.440754
2012-11-27,1.7e-05,0.0,5.083429,0.443533
2012-11-28,0.005556,0.0,3.911429,0.436308
2012-11-29,0.0,0.0,5.695048,0.424636
2012-11-30,0.621678,1.476269,4.733714,0.420189
2012-12-01,8.041544,11.572863,5.754286,0.576927
2012-12-02,0.0,0.0,5.091619,0.80314
2012-12-03,0.0,0.0,6.786095,0.52079
2012-12-04,0.000854,0.0,6.101333,0.45187
2012-12-05,1.192885,0.782045,6.037905,0.428527
2012-12-06,0.0,0.0,7.038667,0.409629
2012-12-07,0.276648,0.091724,5.798857,0.387953
2012-12-08,0.010415,0.0,4.212953,0.394067
2012-12-09,1.7e-05,0.0,4.836191,0.373502
2012-12-10,0.0,0.0,4.448571,0.372946
2012-12-11,7.1e-05,0.0,4.303619,0.367944
2012-12-12,0.185543,0.563876,4.992191,0.371834
2012-12-13,1.376209,1.014221,4.802857,0.381283
2012-12-14,3.378123,9.000684,4.907048,0.472435
2012-12-15,0.0,0.0,5.10781,0.461319
2012-12-16,0.000977,0.0,2.371238,0.391288
2012-12-17,0.003012,0.0,4.794095,0.370723
2012-12-18,0.036163,0.0,7.017524,0.367944
2012-12-19,0.0,0.0,5.952,0.359607
2012-12-20,0.0,0.0,5.198667,0.367388
2012-12-21,0.0,0.0,5.761714,0.364053
2012-12-22,0.030136,0.0,4.095238,0.36183
2012-12-23,0.403285,0.622747,3.687619,0.356272
2012-12-24,20.809959,9.874834,3.932762,0.441866
2012-12-25,17.630621,24.533669,6.146095,0.902629
2012-12-26,5.342483,9.149073,5.711048,0.806475
2012-12-27,0.087111,0.075739,5.190286,0.670858
2012-12-28,0.000662,0.0,5.772762,0.471324
2012-12-29,1.7e-05,0.0,5.997905,0.427415
2012-12-30,0.0,0.0,5.668953,0.399625
2012-12-31,26.164648,11.20508,3.017714,0.442978
2013-01-01,55.206949,40.471579,5.627048,3.336505
2013-01-02,5.556034,9.233107,6.802857,1.98534
2013-01-03,0.781427,1.773275,6.654286,0.915969
2013-01-04,1.038529,0.19273,5.753714,0.645291
2013-01-05,0.288977,0.039379,4.485714,0.553027
2013-01-06,2.228836,4.151176,4.625333,0.519123
2013-01-07,14.825171,12.156149,5.513714,0.514121
2013-01-08,3.321998,1.292144,5.008,1.429534
2013-01-09,0.45545,0.061053,7.284953,0.668635
2013-01-10,0.0,0.0,7.092572,0.560253
2013-01-11,0.0,0.0,6.105143,0.511342
2013-01-12,0.735982,1.774983,5.985143,0.480217
2013-01-13,1.7e-05,0.0,6.52781,0.469656
2013-01-14,0.0,0.0,6.292,0.454094
2013-01-15,5.2e-05,0.0,4.614095,0.440754
2013-01-16,0.0,0.008559,3.982476,0.429638
2013-01-17,0.76016,1.215991,5.45981,0.420745
2013-01-18,0.000662,0.0,4.738095,0.434085
2013-01-19,7.916081,6.064697,2.360762,0.426303
2013-01-20,14.227072,17.701126,4.250095,1.213881
2013-01-21,33.504805,25.172545,3.518857,1.645186
2013-01-22,153.147935,129.168944,2.367048,20.898868
2013-01-23,177.499196,138.16852,1.421333,114.841785
2013-01-24,115.224983,82.753245,1.986667,135.932407
2013-01-25,5.157349,2.127198,5.012,28.306097
2013-01-26,0.150517,0.046438,4.018667,12.680162
2013-01-27,1.696317,1.964331,4.827429,8.091982
2013-01-28,0.52378,0.0,5.697524,5.910443
2013-01-29,2.283618,0.556928,5.706667,4.707123
2013-01-30,0.003581,0.0,7.278667,4.022925
2013-01-31,0.00381,0.0,7.081714,3.589396
2013-02-01,1.7e-05,0.0,6.484,3.321498
2013-02-02,0.418391,0.016557,5.025333,3.116961
2013-02-03,0.000296,0.0,6.010476,2.899085
2013-02-04,0.000262,0.0,6.805714,2.735678
2013-02-05,0.00159,0.0,5.376381,2.63341
2013-02-06,0.283097,0.074637,5.065524,2.523916
2013-02-07,1.687474,0.727023,5.965143,2.454996
2013-02-08,2.879946,3.434234,4.404762,2.393301
2013-02-09,8.488612,6.478604,4.986667,2.422203
2013-02-10,6.65322,4.971949,5.336762,2.476117
2013-02-11,17.038873,72.799562,5.787429,6.92868
2013-02-12,6.527349,10.408278,5.804762,3.318163
2013-02-13,0.778858,0.665093,5.565524,2.806265
2013-02-14,7.948852,8.040747,4.552381,2.704553
2013-02-15,20.959295,16.744789,4.77981,3.26814
2013-02-16,9.788233,8.144163,3.462095,3.148086
2013-02-17,6.219818,9.278984,2.80781,3.420987
2013-02-18,17.747046,14.402062,4.540381,3.913987
2013-02-19,29.090582,27.568749,5.551429,7.672349
2013-02-20,2.482496,2.619799,6.560762,6.41845
2013-02-21,3.010519,2.976158,5.945714,4.158542
2013-02-22,3.189373,5.905093,4.977524,3.458226
2013-02-23,0.199674,0.030449,4.800191,3.042483
2013-02-24,3.920902,2.756161,5.429333,2.830165
2013-02-25,0.052746,0.071788,6.059429,2.635077
2013-02-26,0.002906,0.0,5.899048,2.493902
2013-02-27,0.374994,0.10512,6.109143,2.445547
2013-02-28,0.001836,0.0,4.488381,2.323826
2013-03-01,6.391721,3.802016,4.731429,2.284363
2013-03-02,2.427154,3.49002,4.957905,2.320491
2013-03-03,21.610419,15.888723,4.104,2.472226
2013-03-04,22.92146,18.724765,3.744381,2.874074
2013-03-05,9.622839,15.510087,2.775048,5.563064
2013-03-06,10.830385,10.583157,5.049905,3.847846
2013-03-07,8.277974,7.449883,3.758667,3.458226
2013-03-08,3.821064,2.499393,4.2,3.135303
2013-03-09,6.511955,2.894593,3.737714,2.810712
2013-03-10,6.744464,3.250655,3.687429,2.707332
2013-03-11,0.883344,0.170014,4.074667,2.612845
2013-03-12,1.589038,0.494414,4.161714,2.435543
2013-03-13,2.941118,3.555187,3.076572,2.339388
2013-03-14,0.955223,0.164355,4.118476,2.351616
2013-03-15,0.159749,0.014265,6.123429,2.204883
2013-03-16,0.0,0.0,5.638857,2.125959
2013-03-17,0.002357,0.0,5.773333,2.070934
2013-03-18,0.0,0.0,4.386667,2.019244
2013-03-19,0.050206,0.001712,4.885333,1.961996
2013-03-20,0.003266,0.0,4.635048,1.949212
2013-03-21,25.142468,27.217497,4.727048,1.974779
2013-03-22,12.890565,9.208167,3.344952,5.867646
2013-03-23,38.814275,34.892535,3.46781,11.542983
2013-03-24,6.824195,2.759952,4.375048,9.304751
2013-03-25,0.247747,0.041148,4.699238,5.171221
2013-03-26,0.168026,0.021133,3.464571,3.93344
2013-03-27,0.926587,0.259235,3.128762,3.408204
2013-03-28,7.933287,3.616144,3.749333,3.308714
2013-03-29,4.21218,3.367013,5.375048,3.077499
2013-03-30,0.11753,0.0,5.189714,2.815714
2013-03-31,1.305906,2.007178,4.762667,2.672872
2013-04-01,0.0,0.001712,5.294095,2.596171
2013-04-02,0.236706,0.0,5.453143,2.463889
2013-04-03,0.0,0.0,3.403048,2.386632
2013-04-04,2.156486,0.63351,4.124952,2.466668
2013-04-05,7.61904,3.757852,3.692762,2.44388
2013-04-06,11.646639,5.469046,3.011619,2.625628
2013-04-07,9.320353,8.811557,2.702095,3.142528
2013-04-08,3.669355,2.078254,3.080952,2.824051
2013-04-09,3.584526,0.533708,1.773333,2.62007
2013-04-10,26.023878,13.805085,1.724952,2.778475
2013-04-11,43.571602,29.615907,1.746667,6.245038
2013-04-12,27.223817,14.903017,2.204381,7.705697
2013-04-13,5.732911,2.555788,3.430095,7.113763
2013-04-14,1.973819,1.325723,4.688762,4.959459
2013-04-15,0.00577,0.0,3.948952,4.05016
2013-04-16,9.115162,3.048117,3.585333,3.597733
2013-04-17,0.0,0.0,5.006095,3.268696
2013-04-18,0.0,0.0,5.270667,3.02303
2013-04-19,0.0,0.0,5.282286,2.846283
2013-04-20,0.0,0.0,4.561333,2.703997
2013-04-21,0.0,0.0,5.219619,2.593392
2013-04-22,0.000262,0.0,5.555429,2.501128
2013-04-23,0.124129,0.0,5.338667,2.417201
2013-04-24,1.7e-05,0.0,5.101333,2.346058
2013-04-25,0.000229,0.0,4.729333,2.284363
2013-04-26,0.0,0.0,4.222476,2.217111
2013-04-27,0.755707,0.211561,3.09619,2.216555
2013-04-28,1.496613,0.450226,3.695238,2.145412
2013-04-29,1.072714,0.301513,2.963619,2.084829
2013-04-30,4.673467,2.538246,2.865524,2.084273
2013-05-01,1.363043,0.405458,2.696,2.044255
2013-05-02,2.010329,0.51942,2.632191,2.113731
2013-05-03,2.217563,1.013281,3.388571,2.080383
2013-05-04,0.74651,0.153319,3.594857,2.004237
2013-05-05,3.799872,4.139423,3.258667,2.029804
2013-05-06,0.51667,1.348155,2.12019,1.982561
2013-05-07,0.500082,0.131799,2.916381,1.933094
2013-05-08,28.035361,19.735022,1.733333,2.387188
2013-05-09,21.257176,13.073885,2.140191,3.151977
2013-05-10,5.900874,1.852341,2.603619,2.917427
2013-05-11,26.109613,14.463953,3.289714,3.787263
2013-05-12,7.283525,2.39478,3.50381,3.851737
2013-05-13,1.025259,0.204892,3.697333,2.789591
2013-05-14,0.225513,0.051963,3.83981,2.497793
2013-05-15,3.30681,1.650837,3.065143,2.344946
2013-05-16,0.001367,0.025296,3.589905,2.261575
2013-05-17,6.926449,10.498239,2.396952,2.218222
2013-05-18,0.011992,0.007041,2.35181,2.22656
2013-05-19,13.596979,10.761866,2.125524,2.184874
2013-05-20,0.271401,0.033504,2.566667,2.244901
2013-05-21,0.04322,0.001712,3.133714,2.122068
2013-05-22,0.487824,0.723931,3.486476,2.092054
2013-05-23,0.0,0.0,2.787048,2.031472
2013-05-24,0.114444,0.035765,0.804762,1.943098
2013-05-25,0.025794,0.0,2.377524,1.865841
2013-05-26,0.0,0.0,2.226286,1.822488
2013-05-27,0.092256,0.008757,2.309524,1.791363
2013-05-28,0.375476,0.123786,2.708191,1.760238
2013-05-29,3.650603,1.115031,2.718857,1.736894
2013-05-30,2.726138,0.974274,2.942286,1.721332
2013-05-31,7.346948,3.184896,3.088952,1.739118
2013-06-01,2.601285,0.60474,2.925333,1.720776
2013-06-02,2.358973,0.72909,3.397524,1.73745
2013-06-03,0.000778,0.0,3.671238,1.660749
2013-06-04,1.123925,0.295756,2.484952,1.617952
2013-06-05,0.72356,0.151398,1.849905,1.590161
2013-06-06,4.321691,3.894415,2.879048,1.624066
2013-06-07,11.546881,8.062785,2.071238,1.882516
2013-06-08,0.749046,0.15845,2.582667,1.743008
2013-06-09,2.67045,1.00124,2.433333,1.625733
2013-06-10,5.316237,2.019985,2.831238,1.66464
2013-06-11,4.880335,0.979774,2.6,1.760238
2013-06-12,7.9234,4.907392,2.721524,1.894743
2013-06-13,1.834403,1.826015,3.647048,2.0198
2013-06-14,0.015225,0.0,3.335429,1.771354
2013-06-15,0.0,0.0,1.968381,1.68187
2013-06-16,0.0,0.0,1.380571,1.616284
2013-06-17,0.0,0.0,2.595048,1.601278
2013-06-18,5.2e-05,0.0,3.196952,1.574599
2013-06-19,0.0,0.0,1.810667,1.543474
2013-06-20,0.0,0.0,1.900762,1.516239
2013-06-21,0.022753,0.005326,1.48781,1.507902
2013-06-22,0.0,0.0,1.589714,1.503456
2013-06-23,0.0,0.0,1.944381,1.468996
2013-06-24,0.040076,0.0,2.621714,1.473998
2013-06-25,0.01333,0.0,2.64381,1.434536
2013-06-26,0.003207,0.0,2.590667,1.366172
2013-06-27,0.0,0.0,2.839048,1.336714
2013-06-28,0.0,0.0,3.319619,1.340605
2013-06-29,1.7e-05,0.0,3.460381,1.223329
2013-06-30,0.0,0.0,3.032571,1.201653
2013-07-01,0.000731,0.0,1.188381,1.179977
2013-07-02,1.7e-05,0.0,1.898095,1.128287
2013-07-03,0.0,0.0,2.399619,1.111057
2013-07-04,0.0,0.0,2.331048,1.114391
2013-07-05,0.307208,0.230201,2.687048,1.147184
2013-07-06,0.0,0.0,2.872762,1.1344
2013-07-07,6.203551,3.307959,2.833333,1.146628
2013-07-08,2.901942,2.578588,2.473714,1.456212
2013-07-09,1.596328,0.443345,1.742667,1.206099
2013-07-10,2.323205,0.84853,1.78381,1.174974
2013-07-11,3.461103,1.327009,1.836381,1.193316
2013-07-12,5.864053,2.839124,2.097905,1.215548
2013-07-13,12.101155,8.723198,2.057333,1.734115
2013-07-14,3.605978,1.23864,1.711238,1.701879
2013-07-15,7.231862,2.961092,2.270476,1.510125
2013-07-16,6.532976,4.930421,2.592381,1.572932
2013-07-17,11.65742,4.654202,3.02381,1.572932
2013-07-18,4.667267,2.269423,2.992572,1.579601
2013-07-19,16.685846,15.571954,1.628571,1.556813
2013-07-20,5.512375,6.880508,3.648762,2.826274
2013-07-21,0.202699,0.0,3.648762,1.836939
2013-07-22,0.0,0.0,2.792952,1.637961
2013-07-23,0.047039,0.0,1.434476,1.53736
2013-07-24,0.0,0.0,0.33581,1.46177
2013-07-25,0.0,0.0,1.106476,1.355055
2013-07-26,0.000255,0.0,1.718476,1.309479
2013-07-27,1.588158,0.261058,2.641905,1.301142
2013-07-28,4.17101,2.390953,3.095238,1.311147
2013-07-29,4.280169,3.617911,2.293143,1.411192
2013-07-30,0.189652,0.02093,3.676381,1.387848
2013-07-31,0.316243,0.233431,3.844,1.240559
2013-08-01,0.065632,0.0,3.152952,1.189981
2013-08-02,0.0,0.0,3.180381,1.164414
2013-08-03,0.216639,0.026848,3.01181,1.145517
2013-08-04,0.369617,0.961302,3.890095,1.159968
2013-08-05,0.0,0.0,3.680952,1.122173
2013-08-06,5.2e-05,0.0,4.046667,1.079931
2013-08-07,0.0,0.0,4.203619,1.014346
2013-08-08,0.0,0.0,3.656191,0.990447
2013-08-09,0.0,0.0,3.272952,0.969326
2013-08-10,0.0,0.0,4.448952,0.952652
2013-08-11,0.0,0.0,3.605333,0.935422
2013-08-12,0.002972,0.0,4.015048,0.932087
2013-08-13,5.2e-05,0.0,4.395619,0.915969
2013-08-14,0.00035,0.0,4.250667,0.902073
2013-08-15,1.7e-05,0.0,3.868952,0.884288
2013-08-16,5.2e-05,0.0,4.625333,0.873727
2013-08-17,0.000986,0.0,4.498667,0.864279
2013-08-18,0.0,0.0,4.749333,0.857609
2013-08-19,0.0,0.0,4.653905,0.838156
2013-08-20,0.0,0.0,4.460572,0.828707
2013-08-21,0.0,0.0,4.245714,0.818147
2013-08-22,0.014708,0.007998,3.494667,0.790912
2013-08-23,1.781925,0.588896,3.236952,0.814812
2013-08-24,0.457785,0.107779,4.950095,0.807586
2013-08-25,3.5e-05,0.0,4.382286,0.779796
2013-08-26,0.872388,0.947754,3.923238,0.764234
2013-08-27,1.678971,1.147588,4.284,0.77535
2013-08-28,1.113748,1.815408,4.015048,0.742557
2013-08-29,0.070231,0.0,4.041714,0.752006
2013-08-30,0.06583,0.025137,3.767238,0.730329
2013-08-31,1.378423,1.682579,4.484381,0.708097
2013-09-01,0.443512,0.776357,3.770095,0.715323
2013-09-02,0.0,0.0,4.574476,0.690311
2013-09-03,0.024375,0.0,1.912381,0.679195
2013-09-04,3.028936,2.660922,2.628762,0.683642
2013-09-05,2.985805,1.603403,3.50781,0.777017
2013-09-06,2.06559,0.565692,2.818286,0.764789
2013-09-07,9.559087,10.375371,3.786667,0.797026
2013-09-08,7.85083,5.411979,3.217524,1.064925
2013-09-09,0.897922,0.742266,4.798095,0.960989
2013-09-10,0.006767,0.0,4.810286,0.756452
2013-09-11,0.0,0.0,4.511048,0.709209
2013-09-12,0.0,0.0,5.043429,0.67197
2013-09-13,0.0,0.0,3.747048,0.642512
2013-09-14,0.0,0.0,5.054667,0.626949
2013-09-15,0.0,0.0,5.64381,0.620836
2013-09-16,0.0,0.0,5.140953,0.619724
2013-09-17,0.0,0.0,4.980952,0.602494
2013-09-18,0.0,0.0,5.004,0.601938
2013-09-19,0.009701,0.0,5.770095,0.600826
2013-09-20,0.0,0.0,4.12019,0.570257
2013-09-21,0.0,0.0,4.531429,0.554695
2013-09-22,0.0,0.0,5.022667,0.535797
2013-09-23,1.7e-05,0.0,5.235238,0.537465
2013-09-24,0.0,0.0,5.975048,0.531351
2013-09-25,0.0,0.0,4.929143,0.528572
2013-09-26,0.0,0.0,5.377524,0.518567
2013-09-27,0.0,0.0,5.642286,0.511898
2013-09-28,0.0,0.0,5.327619,0.513565
2013-09-29,0.0,0.0,5.380952,0.512453
2013-09-30,0.0,0.0,5.075048,0.509674
2013-10-01,0.139422,0.025296,4.707238,0.503005
2013-10-02,0.0,0.0,4.955619,0.502449
2013-10-03,0.0,0.0,4.853905,0.506339
2013-10-04,0.230236,0.0,6.021333,0.498002
2013-10-05,0.127208,0.021133,4.904762,0.498558
2013-10-06,0.0,0.0,5.425334,0.512453
2013-10-07,0.040504,0.0,5.62,0.511342
2013-10-08,0.014327,0.0,3.536,0.494668
2013-10-09,0.0,0.0,5.002476,0.470768
2013-10-10,0.0,0.0,5.075619,0.454649
2013-10-11,0.0,0.0,4.714095,0.457984
2013-10-12,0.0,0.0,4.872762,0.462987
2013-10-13,0.0,0.0,5.123619,0.45854
2013-10-14,0.000348,0.0,6.153714,0.441866
2013-10-15,0.121094,0.04832,5.507048,0.416855
2013-10-16,0.000763,0.0,3.795048,0.394067
2013-10-17,0.409338,0.695565,3.345524,0.428527
2013-10-18,0.005792,0.0,5.502286,0.504672
2013-10-19,0.0,0.0,4.970095,0.469656
2013-10-20,3.497747,4.700181,4.885333,0.434085
2013-10-21,0.628795,0.085122,5.301334,0.526348
2013-10-22,3.873921,5.327964,4.845333,0.559697
2013-10-23,2.525273,3.011947,5.819238,0.598047
2013-10-24,0.0,0.0,5.944572,0.539688
2013-10-25,0.0,0.0,5.525333,0.484663
2013-10-26,0.0,0.0,5.1,0.459652
2013-10-27,0.0,0.0,4.896,0.436308
2013-10-28,0.0,0.0,4.286667,0.431861
2013-10-29,0.0,0.0,4.88381,0.404627
2013-10-30,0.000316,0.0,5.805714,0.399625
2013-10-31,0.001935,0.0,5.497143,0.3685
2013-11-01,0.004756,0.0,5.411429,0.369611
2013-11-02,25.163711,33.023953,4.203048,0.470768
2013-11-03,7.08207,16.848155,4.891429,1.314482
2013-11-04,0.14332,0.029512,5.697333,0.763678
2013-11-05,0.000246,0.0,5.052,0.515788
2013-11-06,0.000619,0.0,5.36781,0.456873
2013-11-07,0.000318,0.001712,4.930095,0.431861
2013-11-08,0.0,0.0,4.965143,0.385729
2013-11-09,1.7e-05,0.0,5.24,0.3685
2013-11-10,0.000246,0.0,5.615429,0.324591
2013-11-11,0.0,0.0,5.600381,0.31014
2013-11-12,0.225324,0.399732,4.990095,0.321256
2013-11-13,21.382452,38.961097,4.470476,1.65797
2013-11-14,0.000229,0.0,4.028571,1.203876
2013-11-15,8.6e-05,0.0,6.590476,0.567478
2013-11-16,0.001656,0.0,5.742476,0.461875
2013-11-17,0.000578,0.0,4.997333,0.39629
2013-11-18,12.353815,18.386391,4.741714,0.657519
2013-11-19,1.014952,1.306418,3.719048,0.660854
2013-11-20,15.569012,14.8607,4.302095,0.614722
2013-11-21,1.280082,0.427435,4.632191,0.653628
2013-11-22,9.713852,9.846767,4.933143,0.623615
2013-11-23,14.203966,14.83104,4.340571,0.879285
2013-11-24,15.503551,10.429874,4.285333,0.900406
2013-11-25,4.239617,2.014001,2.770667,0.75145
2013-11-26,7.560551,6.085276,6.148762,0.673637
2013-11-27,0.0,0.0,5.421714,0.591934
2013-11-28,13.370859,6.363597,4.154095,0.514121
2013-11-29,17.176667,36.151534,4.434095,2.09261
2013-11-30,0.673622,1.031565,5.269714,1.296696
2013-12-01,9.673977,5.366085,4.914286,0.94765
2013-12-02,2.866726,2.402202,4.28,0.768124
2013-12-03,0.039944,0.032161,4.443429,0.702539
2013-12-04,5.2e-05,0.0,5.955619,0.597492
2013-12-05,0.0,0.0,5.280381,0.526348
2013-12-06,0.000313,0.0,4.383429,0.488554
2013-12-07,8.6e-05,0.0,5.486095,0.459652
2013-12-08,0.87638,1.225439,4.916191,0.435196
2013-12-09,3.190303,2.870073,5.553714,0.498558
2013-12-10,0.0,0.0,6.213714,0.575815
2013-12-11,5.2e-05,0.0,6.284,0.537465
2013-12-12,0.0,0.0,5.232191,0.515232
2013-12-13,12.450711,14.880718,5.345714,0.546913
2013-12-14,0.005871,0.0,5.84,0.696981
2013-12-15,1.772362,1.469881,5.441714,0.564699
2013-12-16,0.845499,0.16607,4.65181,0.52079
2013-12-17,0.112954,0.033868,4.865143,0.437975
2013-12-18,0.112673,0.066267,5.253334,0.427415
2013-12-19,1.89189,2.531366,4.798667,0.435752
2013-12-20,14.145716,10.670422,4.265905,0.53802
2013-12-21,2.246914,2.432357,5.272762,0.808698
2013-12-22,1.757234,2.141089,4.708381,0.638621
2013-12-23,3.598735,4.770397,5.393714,0.568034
2013-12-24,0.142307,0.01885,5.930857,0.684753
2013-12-25,0.03019,0.0,5.472,0.515232
2013-12-26,0.22843,0.622967,4.912381,0.449091
2013-12-27,0.0,0.0,4.452,0.425748
2013-12-28,0.0,0.0,5.581905,0.394622
2013-12-29,0.0,0.0,5.726286,0.354049
2013-12-30,0.0,0.0,6.645143,0.33126
2013-12-31,0.000229,0.0,6.07581,0.324591
2014-01-01,0.0,0.0,6.680762,0.319033
2014-01-02,0.404626,0.288693,6.131048,0.313475
2014-01-03,0.0001,0.0,7.015048,0.309584
2014-01-04,0.0,0.0,6.854095,0.29958
2014-01-05,2.020902,1.022597,7.104191,0.287908
2014-01-06,0.009063,0.0,6.088191,0.284017
2014-01-07,0.000703,0.0,5.984952,0.276236
2014-01-08,0.035247,0.538466,4.80781,0.280682
2014-01-09,2.283579,5.930812,4.919429,0.359051
2014-01-10,4.2442,5.009487,4.728,0.439087
2014-01-11,15.260244,10.801293,2.240381,0.533018
2014-01-12,38.976393,35.829463,4.49181,1.497898
2014-01-13,12.58824,20.227974,2.995429,1.516795
2014-01-14,9.647269,9.738616,2.297333,1.841386
2014-01-15,18.227946,29.715958,3.930095,3.828949
2014-01-16,10.221071,5.386596,3.569143,2.73012
2014-01-17,7.941698,6.847201,2.946095,1.934206
2014-01-18,2.54785,6.695382,5.459429,1.935873
2014-01-19,0.246371,0.156304,4.899048,1.419529
2014-01-20,0.0,0.0,5.812762,1.00323
2014-01-21,0.000472,0.0,5.619048,0.812033
2014-01-22,0.002333,0.0,5.801143,0.708653
2014-01-23,0.959686,1.219548,4.326667,0.650293
2014-01-24,8.498955,6.996907,5.902476,0.792024
2014-01-25,4.768112,3.003572,6.619048,0.878174
2014-01-26,2.104836,2.695178,5.254095,0.746448
2014-01-27,40.912796,30.812936,4.171429,1.367839
2014-01-28,19.743229,10.155389,3.994667,4.862193
2014-01-29,8.327327,2.880569,4.254667,3.345953
2014-01-30,0.13266,0.02511,2.008191,2.100392
2014-01-31,0.188711,0.221695,4.436762,1.626845
2014-02-01,0.018916,0.0,6.33181,1.340605
2014-02-02,14.20258,16.795033,4.275048,1.846388
2014-02-03,83.20268,101.755522,2.804571,23.374429
2014-02-04,4.513358,5.956704,4.227238,12.916936
2014-02-05,3.203506,2.948901,2.606857,4.994474
2014-02-06,13.156107,12.923927,2.356,4.362523
2014-02-07,52.734083,52.797496,2.561333,12.39559
2014-02-08,98.559764,102.671193,2.856191,107.851967
2014-02-09,142.518862,172.85102,3.609905,135.759551
2014-02-10,29.08165,28.306815,4.897143,50.830143
2014-02-11,2.998823,2.769655,5.993905,29.534985
2014-02-12,13.281864,8.645459,4.913333,17.93531
2014-02-13,1.239645,1.263183,4.794095,13.320451
2014-02-14,0.298315,0.587903,5.828762,10.174032
2014-02-15,0.000417,0.0,5.527429,7.894671
2014-02-16,0.000251,0.0,3.917714,6.476809
2014-02-17,4.067984,5.118967,4.599619,6.006597
2014-02-18,16.181177,12.230642,4.087048,5.674225
2014-02-19,8.737459,5.038831,3.590667,5.162328
2014-02-20,23.673945,22.6647,4.912762,6.214469
2014-02-21,3.746442,1.80093,5.665714,5.184004
2014-02-22,28.364859,49.273863,4.257524,18.711215
2014-02-23,7.686782,5.427951,4.9,16.302351
2014-02-24,16.986492,9.256309,4.744,12.270533
2014-02-25,2.184522,1.507148,5.590476,11.342337
2014-02-26,0.546181,0.124321,5.517333,7.833532
2014-02-27,0.639589,0.056571,4.722476,6.331744
2014-02-28,0.55208,0.033876,5.287429,5.634207
2014-03-01,1.190742,1.35821,4.199048,4.911659
2014-03-02,1.539096,0.647408,5.368191,4.597629
2014-03-03,0.871445,0.099036,3.947429,4.110187
2014-03-04,7.456352,4.723602,4.148762,4.015144
2014-03-05,10.765378,7.13767,4.885333,4.319726
2014-03-06,3.18426,0.525441,4.715048,3.846179
2014-03-07,0.28769,0.061124,3.84419,3.476568
2014-03-08,4.54505,3.888356,2.993714,3.300933
2014-03-09,0.538395,0.007041,2.521143,3.241462
2014-03-10,1.47316,1.514627,2.966667,3.081945
2014-03-11,1.946289,1.077847,1.784,2.985791
2014-03-12,1.467906,0.339775,3.46,2.914648
2014-03-13,3.038449,0.430461,5.204762,2.8574
2014-03-14,1.129377,0.160541,4.422476,2.682321
2014-03-15,0.008203,0.001712,6.134095,2.589501
2014-03-16,0.0,0.0,5.759238,2.462777
2014-03-17,0.0,0.0,6.252572,2.363844
2014-03-18,0.004792,0.0,5.654095,2.299926
2014-03-19,0.088371,0.007041,3.680571,2.245457
2014-03-20,7.89564,3.623721,2.885714,2.261575
2014-03-21,68.585934,62.687022,2.389714,4.998921
2014-03-22,76.570571,51.087545,4.284,12.338341
2014-03-23,22.093477,18.805082,4.012571,12.492856
2014-03-24,4.214639,1.62983,2.116381,7.405006
2014-03-25,30.108956,27.688515,2.692381,7.74905
2014-03-26,14.379529,13.56016,3.865714,6.793063
2014-03-27,53.58048,34.070032,3.965143,11.29287
2014-03-28,1.832801,1.237726,4.922095,10.315763
2014-03-29,1.426425,3.73633,4.964572,8.329311
2014-03-30,0.002563,0.0,4.621524,6.198906
2014-03-31,0.5104,0.615372,5.169333,5.153991
2014-04-01,0.356462,0.094044,5.115048,4.489802
2014-04-02,2.037716,0.363232,4.720571,4.065166
2014-04-03,1.303849,2.035025,5.258095,3.777259
2014-04-04,0.488224,0.131799,4.966667,3.499912
2014-04-05,2.637271,1.200922,4.173143,3.287594
2014-04-06,6.650722,5.097814,4.942857,3.245908
2014-04-07,0.512148,0.668151,4.866857,3.069718
2014-04-08,0.728382,0.218401,4.460381,2.870183
2014-04-09,5.43391,3.116527,4.276381,2.839614
2014-04-10,9.027567,5.749879,4.04781,3.130856
2014-04-11,2.071749,0.301653,2.068,2.814047
2014-04-12,36.460631,19.941273,0.970095,3.489351
2014-04-13,262.281118,191.728902,1.709524,128.798079
2014-04-14,5.969847,0.190409,4.412,49.35948
2014-04-15,0.03311,0.0,4.482667,13.863474
2014-04-16,0.023571,0.0,3.826286,10.370232
2014-04-17,1.120539,2.338816,4.238857,8.715041
2014-04-18,0.678581,0.674079,4.306476,7.531174
2014-04-19,2.6266,4.421289,4.037333,6.714695
2014-04-20,0.383891,0.352551,4.001524,5.937122
2014-04-21,1.215513,0.739401,1.761333,5.369088
2014-04-22,1.007511,1.243034,1.957333,5.110638
2014-04-23,1.918078,0.917437,2.769714,4.835514
2014-04-24,1.404855,0.105856,1.705905,4.493137
2014-04-25,14.847545,9.152128,3.708571,4.707678
2014-04-26,1.318558,0.342821,4.197333,4.195781
2014-04-27,0.931931,0.132167,4.162095,3.91621
2014-04-28,1.254842,2.428312,5.244,3.773368
2014-04-29,0.002613,0.0,4.770667,3.577169
2014-04-30,0.0,0.0,4.775429,3.428768
2014-05-01,0.0,0.0,4.956381,3.316496
2014-05-02,0.0,0.0,4.470095,3.210892
2014-05-03,0.0,0.0,2.288191,3.117517
2014-05-04,0.0,0.0,2.449714,2.978565
2014-05-05,0.0,0.0,2.486095,2.89186
2014-05-06,0.0,0.0,2.993905,2.855732
2014-05-07,1.7e-05,0.0,3.944381,2.811268
2014-05-08,1.7e-05,0.0,3.876762,2.73679
2014-05-09,0.422346,0.0,3.456381,2.663979
2014-05-10,2.868432,3.54609,3.358667,2.58172
2014-05-11,11.49548,11.731951,3.866667,3.027476
2014-05-12,14.623631,18.8163,2.54781,3.011914
2014-05-13,3.58133,1.334798,2.046286,3.375411
2014-05-14,13.673147,13.163579,2.868571,3.002465
2014-05-15,7.871211,2.719588,2.945905,2.864069
2014-05-16,8.594369,2.233127,2.638857,2.766247
2014-05-17,3.120551,0.495232,3.0,2.595615
2014-05-18,9.67357,4.933265,2.609905,2.701218
2014-05-19,18.814031,15.770603,3.208571,3.499356
2014-05-20,7.557807,2.33387,2.465905,3.669432
2014-05-21,0.667208,0.214827,3.350095,3.115849
2014-05-22,9.896332,5.646442,3.016381,2.944661
2014-05-23,5.482567,4.05652,2.013333,2.929654
2014-05-24,0.790856,0.471913,4.330095,3.052488
2014-05-25,0.0,0.0,3.947429,2.814047
2014-05-26,0.002595,0.0,2.902095,2.669537
2014-05-27,1.568917,1.345084,2.738857,2.56449
2014-05-28,1.134466,0.870765,3.377905,2.49946
2014-05-29,0.090257,0.014265,3.580572,2.380518
2014-05-30,0.765551,0.184736,2.581333,2.286031
2014-05-31,3.145794,2.61104,2.522667,2.297147
2014-06-01,5.662876,3.966418,2.324191,2.303261
2014-06-02,1.118482,1.163543,2.634095,2.301593
2014-06-03,0.308281,0.06495,3.385333,2.22656
2014-06-04,1.461663,1.813881,3.347429,2.138186
2014-06-05,0.432003,0.1754,3.183048,2.057039
2014-06-06,1.423748,0.448005,3.011619,2.022023
2014-06-07,0.308294,0.065883,0.835429,1.95088
2014-06-08,11.91356,13.461115,1.143429,1.938652
2014-06-09,17.520605,18.754982,1.16381,2.387188
2014-06-10,24.042766,26.673657,2.242095,3.077499
2014-06-11,2.540387,1.666236,1.956,2.699551
2014-06-12,0.553326,0.529674,1.737905,2.270468
2014-06-13,3.391311,1.477869,1.665905,2.158195
2014-06-14,4.768145,2.828931,1.262857,2.160419
2014-06-15,0.182385,0.064551,1.176381,2.134296
2014-06-16,0.663702,0.883745,0.6,2.004237
2014-06-17,2.279617,1.672949,0.964952,1.942543
2014-06-18,0.013406,0.001712,1.580191,1.88585
2014-06-19,0.00019,0.0,2.542667,1.855837
2014-06-20,0.016815,0.0,3.070667,1.822488
2014-06-21,0.2675,0.264711,3.516,1.766352
2014-06-22,1.7e-05,0.0,3.490095,1.717997
2014-06-23,3.5e-05,0.0,2.644952,1.678535
2014-06-24,0.00226,0.0,2.615238,1.645742
2014-06-25,0.000467,0.0,2.067048,1.609059
2014-06-26,0.005965,0.0,3.028,1.559036
2014-06-27,0.0,0.0,2.576952,1.501233
2014-06-28,1.7e-05,0.0,3.170095,1.470107
2014-06-29,0.0,0.0,1.717333,1.413415
2014-06-30,0.0,0.0,0.380952,1.308924
2014-07-01,0.0,0.0,0.558667,1.246673
2014-07-02,0.0,0.0,1.541905,1.237225
2014-07-03,0.118499,0.032161,2.468,1.237225
2014-07-04,8.882219,5.269278,2.255619,1.265015
2014-07-05,0.369803,0.068165,3.504762,1.309479
2014-07-06,0.063618,0.012553,3.210286,1.225553
2014-07-07,0.103082,0.0,2.466476,1.189425
2014-07-08,0.002,0.0,1.927429,1.155521
2014-07-09,1.7e-05,0.0,3.126476,1.140514
2014-07-10,5.2e-05,0.0,3.311429,1.128842
2014-07-11,0.0,0.0,1.245714,1.092715
2014-07-12,0.0,0.0,2.844381,1.071594
2014-07-13,0.0,0.0,2.702667,1.067704
2014-07-14,8.7e-05,0.0,0.811238,1.062701
2014-07-15,1.524449,1.925896,2.551429,1.055476
2014-07-16,5.3134,2.561838,3.190476,1.149963
2014-07-17,0.002158,0.0,3.411238,1.061034
2014-07-18,0.0,0.0,1.531048,1.008232
2014-07-19,0.0,0.0,1.78,0.967659
2014-07-20,0.0,0.0,2.81981,0.947094
2014-07-21,0.000381,0.0,3.130095,0.925417
2014-07-22,1.7e-05,0.0,3.771048,0.918192
2014-07-23,3.5e-05,0.0,3.374476,0.904852
2014-07-24,0.000381,0.0,2.916,0.895404
2014-07-25,3.086609,2.688367,2.894857,0.892069
2014-07-26,4.667744,2.236928,3.073714,1.114391
2014-07-27,0.392615,0.077099,2.802476,1.035467
2014-07-28,0.885138,1.038042,3.391048,1.009344
2014-07-29,0.083151,0.053896,3.991048,0.965435
2014-07-30,0.001332,0.0,2.877714,0.943759
2014-07-31,0.071778,0.026826,3.578095,0.948205
2014-08-01,0.000761,0.0,3.93181,0.933199
2014-08-02,0.000119,0.0,3.973714,0.914857
2014-08-03,0.546622,0.113078,3.182857,0.893181
2014-08-04,1.775428,1.245623,2.673524,0.891513
2014-08-05,2.365032,0.673667,2.927238,0.92375
2014-08-06,1.516436,0.650951,1.965143,0.91319
2014-08-07,0.098661,0.034071,2.872,0.887622
2014-08-08,0.129487,0.069881,2.619238,0.883732
2014-08-09,1.704909,0.748371,1.980952,0.88929
2014-08-10,6.061269,1.552553,2.354667,0.918748
2014-08-11,0.483891,0.244363,3.892571,0.973217
2014-08-12,0.060236,0.021133,4.160381,0.884288
2014-08-13,0.065173,0.014265,3.026286,0.848716
2014-08-14,7.763281,4.687583,2.229714,0.843714
2014-08-15,23.577807,39.508907,1.948381,1.224997
2014-08-16,3.202556,2.47971,4.122667,1.639072
2014-08-17,0.000435,0.0,3.131429,1.057143
2014-08-18,0.0,0.0,2.545333,0.929308
2014-08-19,0.0,0.0,3.386667,0.866502
2014-08-20,0.0,0.0,3.101714,0.843158
2014-08-21,5.2e-05,0.0,2.824381,0.835377
2014-08-22,0.002613,0.0,3.728,0.833153
2014-08-23,0.262599,0.112165,4.17581,0.836488
2014-08-24,0.0,0.0,4.099048,0.822037
2014-08-25,0.0,0.0,4.072762,0.803696
2014-08-26,0.0,0.0,4.219429,0.78591
2014-08-27,0.0,0.0,3.979238,0.777017
2014-08-28,0.0,0.0,2.918095,0.760899
2014-08-29,0.0,0.0,4.390667,0.741445
2014-08-30,0.0,0.0,3.046286,0.748671
2014-08-31,1.7e-05,0.0,4.547048,0.740334
2014-09-01,0.0,0.0,4.517714,0.729774
2014-09-02,1.90819,0.0,4.276191,0.724771
2014-09-03,0.0,0.0,2.559429,0.721436
2014-09-04,0.0,0.0,4.792571,0.70643
2014-09-05,0.0,0.0,4.440762,0.706985
2014-09-06,0.0,0.0,4.212381,0.700316
2014-09-07,0.0,0.0,4.344,0.691979
2014-09-08,0.0,0.0,4.542667,0.693646
2014-09-09,0.007387,0.0,4.145143,0.680307
2014-09-10,1.7e-05,0.0,5.072381,0.674193
2014-09-11,0.0,0.0,5.324381,0.672525
2014-09-12,0.0,0.0,5.548,0.657519
2014-09-13,0.0,0.0,4.63181,0.656407
2014-09-14,0.0,0.0,4.004381,0.651961
2014-09-15,0.003318,0.0,5.205714,0.65474
2014-09-16,0.0,0.0,5.215048,0.650849
2014-09-17,0.0,0.0,4.31581,0.640289
2014-09-18,0.0,0.0,2.969143,0.621391
2014-09-19,0.0,0.0,4.326667,0.603606
2014-09-20,1.7e-05,0.0,4.229333,0.600826
2014-09-21,0.0,0.0,2.837143,0.600271
2014-09-22,0.078517,0.010271,4.199429,0.602494
2014-09-23,1.914083,4.391181,3.682286,0.65474
2014-09-24,3.050766,3.09823,4.376762,0.818147
2014-09-25,0.381443,0.117116,5.36381,0.738666
2014-09-26,0.000246,0.0,5.287429,0.683086
2014-09-27,0.0,0.0,5.304,0.639177
2014-09-28,0.271514,0.18318,5.606476,0.621947
2014-09-29,6.9e-05,0.0,3.998667,0.60305
2014-09-30,0.005365,0.0,4.262476,0.59638
2014-10-01,5e-05,0.0,4.416381,0.590266
2014-10-02,1.7e-05,0.0,5.146476,0.584152
2014-10-03,0.0,0.0,4.335048,0.578594
2014-10-04,0.0,0.0,4.471048,0.570813
2014-10-05,1.7e-05,0.0,5.379048,0.562476
2014-10-06,1.7e-05,0.0,5.169905,0.565811
2014-10-07,1.7e-05,0.0,5.464953,0.565255
2014-10-08,0.0,0.0,6.251238,0.560253
2014-10-09,0.0,0.0,5.155619,0.554695
2014-10-10,1.7e-05,0.0,4.822667,0.545246
2014-10-11,0.0,0.0,4.765143,0.543023
2014-10-12,0.0,0.0,4.936191,0.53802
2014-10-13,0.000954,0.0,3.785714,0.528572
2014-10-14,1.331084,0.620518,6.016381,0.539132
2014-10-15,0.0,0.0,0.940952,0.541911
2014-10-16,0.0,0.0,5.054476,0.523569
2014-10-17,0.0,0.0,5.984381,0.513009
2014-10-18,0.000167,0.0,5.124381,0.512453
2014-10-19,0.026886,0.001712,3.680952,0.501893
2014-10-20,1.132565,2.78241,3.99181,0.508007
2014-10-21,0.987824,1.433445,3.65581,0.522458
2014-10-22,0.184182,0.086452,4.525333,0.526348
2014-10-23,1.376615,1.141478,4.514095,0.523569
2014-10-24,0.06979,0.01885,4.554095,0.529683
2014-10-25,0.0,0.0,5.097905,0.499114
2014-10-26,1.7e-05,0.0,6.074476,0.481884
2014-10-27,1.7e-05,0.0,5.722857,0.47577
2014-10-28,1.7e-05,0.0,5.857714,0.465766
2014-10-29,0.0,0.0,6.494286,0.464654
2014-10-30,0.0,0.0,6.422095,0.459096
2014-10-31,0.0,0.0,5.481333,0.449647
2014-11-01,0.0,0.0,5.880952,0.438531
2014-11-02,0.000136,0.0,5.704,0.427971
2014-11-03,0.0,0.0,5.162286,0.412964
2014-11-04,0.01402,0.0,3.714095,0.406294
2014-11-05,1.158408,2.020555,4.2,0.409629
2014-11-06,1.010588,2.805106,5.965143,0.483551
2014-11-07,0.002333,0.0,5.572,0.484663
2014-11-08,0.0,0.0,5.209143,0.429082
2014-11-09,0.013663,0.0,5.13581,0.377392
2014-11-10,0.000246,0.0,4.147238,0.351825
2014-11-11,0.098385,0.02511,5.644381,0.352381
2014-11-12,0.000279,0.0,5.441905,0.339042
2014-11-13,0.0,0.0,5.478667,0.341265
2014-11-14,6.9e-05,0.0,4.471048,0.325147
2014-11-15,3.5e-05,0.0,5.812762,0.317921
2014-11-16,0.000246,0.0,5.312762,0.305138
2014-11-17,0.0,0.0,5.850857,0.300691
2014-11-18,0.0,0.0,6.790667,0.294577
2014-11-19,0.001905,0.0,6.368952,0.288463
2014-11-20,0.000136,0.0,5.105143,0.29291
2014-11-21,0.0001,0.0,5.687238,0.287352
2014-11-22,0.0,0.0,5.928952,0.283461
2014-11-23,0.0,0.0,4.592191,0.27568
2014-11-24,0.0,0.0,6.301714,0.274568
2014-11-25,0.175757,0.134814,5.672762,0.301803
2014-11-26,4.260169,7.207014,4.747048,0.307361
2014-11-27,10.506682,16.434456,4.974476,0.490777
2014-11-28,0.002933,0.0,5.912381,0.526904
2014-11-29,0.208348,0.125654,4.236191,0.37906
2014-11-30,0.927191,2.052147,4.680381,0.360162
2014-12-01,0.980253,1.418052,5.81181,0.375725
2014-12-02,0.170567,0.100897,4.598667,0.390176
2014-12-03,1.69769,1.476359,5.345714,0.391288
2014-12-04,0.660277,0.942064,5.077524,0.409629
2014-12-05,0.009161,0.0,5.349143,0.381283
2014-12-06,0.761127,0.0,3.530476,0.339042
2014-12-07,31.938737,32.080741,5.647619,0.798693
2014-12-08,0.499167,0.0,5.648,0.715878
2014-12-09,0.069849,0.113299,6.272571,0.462987
2014-12-10,0.022104,0.0,5.704381,0.402959
2014-12-11,0.0,0.0,5.304,0.394067
2014-12-12,0.102971,0.0,2.492381,0.356828
2014-12-13,0.138679,0.098594,4.654286,0.353493
2014-12-14,0.00083,0.0,5.055619,0.326814
2014-12-15,0.018406,0.0,6.41181,0.306805
2014-12-16,1.7e-05,0.0,5.342095,0.304582
2014-12-17,1.7e-05,0.0,6.987048,0.312363
2014-12-18,0.0,0.0,6.86,0.302359
2014-12-19,0.002018,0.0,5.651048,0.277347
2014-12-20,0.624079,0.311789,4.497333,0.279015
2014-12-21,0.0,0.0,5.788,0.266787
2014-12-22,2.459829,1.791912,5.334095,0.280126
2014-12-23,0.230552,0.028538,4.361333,0.292354
2014-12-24,0.003826,0.0,5.309143,0.28624
2014-12-25,0.016103,0.001712,6.165333,0.266231
2014-12-26,0.0,0.0,6.165333,0.259561
2014-12-27,0.004948,0.0,5.875429,0.250113
2014-12-28,0.0,0.0,4.659048,0.246778
2014-12-29,0.002331,0.0,6.385905,0.249557
2014-12-30,0.011592,0.0,6.084572,0.255115
2014-12-31,0.000517,0.0,5.213714,0.240108
2015-01-01,1.988049,0.218464,4.661143,0.237885
2015-01-02,7.614368,5.986567,4.509905,0.249557
2015-01-03,18.994395,34.21212,3.71981,0.595824
2015-01-04,52.425772,67.986824,3.325333,2.177093
2015-01-05,7.898927,12.362856,4.001524,4.289156
2015-01-06,4.545599,5.390406,1.750095,1.221106
2015-01-07,13.484667,7.643978,2.05181,1.119949
2015-01-08,31.200538,23.286262,4.252571,1.991454
2015-01-09,3.459148,1.270053,3.706667,2.007572
2015-01-10,0.500125,0.145675,5.310286,1.088824
2015-01-11,0.170227,2.101484,4.158286,0.795914
2015-01-12,1.766605,0.276941,5.39581,0.706985
2015-01-13,2.311183,4.530076,5.96381,0.759231
2015-01-14,0.017455,0.0,5.874095,0.669191
2015-01-15,0.005921,0.007041,5.490095,0.58582
2015-01-16,2.754479,0.037304,4.138667,0.551916
2015-01-17,6.06271,12.748135,5.542857,0.858721
2015-01-18,0.0,0.0,4.848,0.692535
2015-01-19,15.784701,15.669079,6.639238,0.89596
2015-01-20,0.000854,0.0,5.248191,0.863167
2015-01-21,0.12479,0.160741,4.093143,0.625838
2015-01-22,8.140296,3.827743,3.416,0.601938
2015-01-23,4.353575,2.247767,5.977143,0.828151
2015-01-24,0.194118,0.430045,4.382857,0.635842
2015-01-25,24.461291,24.220549,6.016572,1.128842
2015-01-26,23.877158,22.533512,4.225334,1.731336
2015-01-27,1.213464,1.2607,4.819429,1.310591
2015-01-28,0.022826,0.0,5.468,0.847049
2015-01-29,1.7e-05,0.0,5.859048,0.696981
2015-01-30,0.050006,0.0,6.215429,0.627505
2015-01-31,18.501951,12.526465,6.2,0.77535
2015-02-01,0.741017,0.494792,6.764381,0.856497
2015-02-02,9.623099,9.306597,5.758667,0.663633
2015-02-03,0.007457,0.0,5.098286,0.704762
2015-02-04,0.0,0.0,6.699619,0.597492
2015-02-05,1.156064,0.334813,4.694667,0.569146
2015-02-06,11.816702,4.018267,4.260191,0.575259
2015-02-07,5.973672,7.51517,2.777714,0.627505
2015-02-08,34.732537,23.367587,2.434095,0.902073
2015-02-09,20.295839,7.3093,4.271238,2.578385
2015-02-10,0.200275,0.057501,4.258667,1.818042
2015-02-11,11.410677,6.289282,4.637524,1.198874
2015-02-12,3.430244,0.766039,4.843238,1.103275
2015-02-13,9.84816,2.457724,2.421333,0.960989
2015-02-14,39.455087,33.330412,3.977524,2.284363
2015-02-15,34.670811,19.390981,4.631048,5.70813
2015-02-16,8.653679,4.857331,3.784381,4.333621
2015-02-17,1.732059,1.351371,4.836381,3.218674
2015-02-18,2.862087,0.992365,5.455619,2.279361
2015-02-19,0.018506,0.0,4.69181,1.769131
2015-02-20,0.0,0.0,5.090476,1.39285
2015-02-21,0.0,0.0,6.268762,1.172751
2015-02-22,0.873705,0.580716,5.291429,1.046027
2015-02-23,0.462597,4.540777,5.994667,0.957098
2015-02-24,12.878218,3.850211,4.468762,0.897071
2015-02-25,0.481795,0.0,4.823619,0.892069
2015-02-26,4.710841,6.180143,6.311048,0.890957
2015-02-27,0.0,0.0,6.043429,0.810365
2015-02-28,0.11526,0.149296,6.502667,0.76201
2015-03-01,0.0,0.0,6.327048,0.720325
2015-03-02,0.000171,0.0,6.504762,0.691979
2015-03-03,0.000223,0.0,5.34781,0.668635
2015-03-04,1.679933,0.304917,5.415429,0.65863
2015-03-05,7.202723,7.765461,6.513714,0.68253
2015-03-06,0.006025,0.0,5.255619,0.671414
2015-03-07,0.0,0.0,5.466667,0.636954
2015-03-08,1.925147,5.091388,5.242286,0.638621
2015-03-09,0.000586,0.012553,5.045905,0.658075
2015-03-10,0.217143,0.005326,3.894286,0.619168
2015-03-11,75.192638,76.431953,2.406095,4.186332
2015-03-12,67.052284,67.10014,2.22381,7.288842
2015-03-13,62.41857,57.419922,2.368571,20.805493
2015-03-14,3.500446,1.598434,3.419429,14.976753
2015-03-15,0.429596,0.064551,5.846095,5.44301
2015-03-16,0.000348,0.0,5.776191,3.737241
2015-03-17,1.7e-05,0.0,4.81181,3.015249
2015-03-18,0.001626,0.0,5.437143,2.500016
2015-03-19,0.014362,0.0,5.210857,2.069822
2015-03-20,5.981962,8.544358,5.346476,1.931982
2015-03-21,0.000335,0.0,5.468762,1.827491
2015-03-22,3.3e-05,0.0,5.319048,1.547364
2015-03-23,1.7e-05,0.0,5.518476,1.411748
2015-03-24,8.4e-05,0.0,5.606476,1.307812
2015-03-25,0.0,0.0,6.022095,1.223329
2015-03-26,5.2e-05,0.0,5.916762,1.139403
2015-03-27,0.0,0.0,5.261714,1.076041
2015-03-28,0.465791,0.718424,5.674667,1.018793
2015-03-29,1.7e-05,0.0,4.300381,0.965435
2015-03-30,0.000285,0.0,4.154667,0.927641
2015-03-31,4.420791,6.538072,4.738667,0.938757
2015-04-01,0.269505,0.065478,4.283048,0.953208
2015-04-02,1.729697,1.59117,5.344381,0.925417
2015-04-03,0.007018,0.001712,5.430476,0.885399
2015-04-04,0.158942,0.168361,4.862476,0.839267
2015-04-05,0.001406,0.001712,4.374476,0.833153
2015-04-06,0.001403,0.0,4.660381,0.800917
2015-04-07,0.023166,0.0,4.949524,0.770903
2015-04-08,0.418105,0.15047,1.440952,0.767568
2015-04-09,5.081068,3.722419,4.336381,0.764789
2015-04-10,0.63692,0.238617,3.682667,0.774238
2015-04-11,0.04216,0.02511,4.479619,0.747559
2015-04-12,0.0037,0.259054,3.819048,0.735332
2015-04-13,0.006298,0.109685,4.305524,0.750338
2015-04-14,0.819935,1.785858,3.650857,0.742001
2015-04-15,3.15232,2.696881,3.977143,0.726994
2015-04-16,6.114632,5.116878,4.242667,0.816479
2015-04-17,7.158876,5.320676,3.810095,0.910966
2015-04-18,3.633856,1.152686,2.989333,0.87206
2015-04-19,19.406412,15.176909,3.999048,1.485114
2015-04-20,4.971285,2.318988,4.137714,1.403966
2015-04-21,1.552005,0.575012,2.416381,0.941536
2015-04-22,0.067904,0.0,1.667429,0.814812
2015-04-23,0.0,0.0,3.319429,0.754785
2015-04-24,0.0,0.0,4.147048,0.719769
2015-04-25,0.0,0.0,4.050095,0.696981
2015-04-26,0.0,0.0,2.405524,0.673637
2015-04-27,0.0,0.0,2.725524,0.65474
2015-04-28,0.0,0.0,4.059429,0.636954
2015-04-29,1.7e-05,0.0,4.522476,0.628617
2015-04-30,0.0,0.0,4.229333,0.630284
2015-05-01,0.0,0.0,4.617333,0.628617
2015-05-02,0.000765,0.0,4.046095,0.62417
2015-05-03,0.322094,0.219785,4.463048,0.614722
2015-05-04,0.0,0.0,4.846667,0.60305
2015-05-05,0.0,0.001712,4.259619,0.599159
2015-05-06,0.0,0.0,4.707619,0.590266
2015-05-07,0.0,0.0,4.540381,0.579706
2015-05-08,0.060372,0.001712,4.513333,0.571369
2015-05-09,0.018657,0.005326,3.965905,0.571369
2015-05-10,0.0,0.0,3.482857,0.560808
2015-05-11,1.7e-05,0.0,4.402667,0.553027
2015-05-12,0.0,0.0,4.144381,0.550804
2015-05-13,0.0,0.0,4.128381,0.545246
2015-05-14,0.0,0.0,0.3,0.540799
2015-05-15,0.028199,0.001712,0.332952,0.526348
2015-05-16,1.229583,0.331002,1.457714,0.516344
2015-05-17,11.750173,9.282022,1.726286,0.590266
2015-05-18,3.80053,1.036882,2.593143,0.780908
2015-05-19,2.654023,1.463399,3.202667,0.63084
2015-05-20,0.166075,0.0,3.930667,0.595824
2015-05-21,0.070805,0.0,4.040191,0.569701
2015-05-22,0.0,0.0,2.283238,0.549137
2015-05-23,0.000435,0.0,0.82419,0.528572
2015-05-24,0.0,0.0,2.475238,0.513565
2015-05-25,9.966869,3.995134,2.42,0.513009
2015-05-26,1.39167,0.437079,2.610286,0.608052
2015-05-27,0.930218,0.297291,2.785905,0.549137
2015-05-28,0.804929,0.290815,2.642286,0.528016
2015-05-29,3.00729,1.898011,2.916952,0.526348
2015-05-30,3.389334,2.542017,2.437143,0.631396
2015-05-31,15.497987,21.302629,2.708,1.03102
2015-06-01,0.0,0.0,1.916381,1.248897
2015-06-02,0.036306,0.003994,3.242476,0.684197
2015-06-03,2.839738,5.433043,3.068571,0.622503
2015-06-04,0.276695,0.703782,3.238095,0.629173
2015-06-05,0.0,0.0,3.188,0.579706
2015-06-06,0.0,0.0,2.865143,0.559697
2015-06-07,0.0,0.0,0.84,0.538576
2015-06-08,5.868192,6.765242,2.531619,0.548025
2015-06-09,4.070009,1.785868,2.437905,0.581929
2015-06-10,0.338607,0.222466,1.700952,0.548025
2015-06-11,3.962701,1.645876,1.242667,0.539132
2015-06-12,10.459952,4.896125,1.664952,0.609719
2015-06-13,12.837604,6.737689,2.230095,0.726439
2015-06-14,2.019792,0.384508,2.190667,0.818147
2015-06-15,7.98383,5.823374,2.729333,0.629728
2015-06-16,5.436682,5.727363,2.294286,1.42731
2015-06-17,5.392597,4.675758,3.382857,1.051585
2015-06-18,0.279355,0.249458,3.054476,0.94765
2015-06-19,0.0,0.0,2.802667,0.763122
2015-06-20,1.7e-05,0.0,1.178667,0.693646
2015-06-21,1.777829,0.97121,1.273524,0.653628
2015-06-22,0.001137,0.0,2.261524,0.653072
2015-06-23,8.763862,5.650609,2.003429,0.631952
2015-06-24,10.244913,5.43501,2.014667,0.752006
2015-06-25,0.578311,0.797892,3.341333,0.830374
2015-06-26,0.01293,0.003428,1.592952,0.690867
2015-06-27,0.00439,0.001712,1.666286,0.619724
2015-06-28,1.84856,0.562259,1.473333,0.590822
2015-06-29,14.691972,7.057093,1.976,0.614166
2015-06-30,63.339576,39.988533,2.328952,2.425538
2015-07-01,3.383531,4.953084,2.951619,5.226246
2015-07-02,0.126631,0.0,3.272381,2.109284
2015-07-03,0.0,0.0,3.3,1.464549
2015-07-04,0.0,0.0,2.381333,1.19276
2015-07-05,0.453464,0.199597,2.930286,1.038802
2015-07-06,0.440123,0.082473,3.544,0.988779
2015-07-07,0.062102,0.012553,3.790095,0.911522
2015-07-08,0.26928,0.242976,3.458667,0.853162
2015-07-09,0.0,0.0,2.118476,0.813144
2015-07-10,1.167855,0.339747,2.392762,0.79647
2015-07-11,0.578045,0.620888,3.031238,0.80314
2015-07-12,0.072766,0.008559,2.597905,0.773682
2015-07-13,0.0,0.0,0.269714,0.725883
2015-07-14,0.0,0.0,1.371429,0.683086
2015-07-15,0.000631,0.0,2.452,0.663077
2015-07-16,1.7e-05,0.0,3.649714,0.659186
2015-07-17,0.0,0.0,1.429333,0.655295
2015-07-18,0.265472,0.284159,1.431048,0.635286
2015-07-19,0.0,0.0,2.344381,0.616945
2015-07-20,0.237937,0.040711,1.715619,0.62417
2015-07-21,1.795428,1.204718,1.507429,0.646958
2015-07-22,3.18607,1.551972,2.904762,0.653628
2015-07-23,0.930638,1.011964,3.235429,0.719213
2015-07-24,0.723873,0.135772,3.519048,0.671414
2015-07-25,0.643153,0.033516,3.768952,0.643068
2015-07-26,0.025724,0.001712,3.635429,0.618056
2015-07-27,0.0,0.0,4.099048,0.601382
2015-07-28,0.000753,0.0,3.038476,0.589155
2015-07-29,0.295417,0.224344,1.852572,0.581929
2015-07-30,4.390562,1.541895,3.085714,0.585264
2015-07-31,0.110895,0.02511,3.623238,0.631952
2015-08-01,0.008384,0.0,3.400381,0.573592
2015-08-02,0.183012,0.02511,4.048,0.552471
2015-08-03,0.086858,0.014265,4.281333,0.545802
2015-08-04,1.7e-05,0.0,4.063429,0.538576
2015-08-05,0.0,0.0,1.745905,0.524681
2015-08-06,0.0,0.0,1.825333,0.518011
2015-08-07,0.0,0.0,3.275429,0.500226
2015-08-08,0.0,0.0,3.998667,0.487442
2015-08-09,0.000683,0.0,4.137524,0.489665
2015-08-10,0.0,0.0,4.244,0.486886
2015-08-11,0.0,0.0,4.090667,0.48633
2015-08-12,0.0,0.0,4.254286,0.476882
2015-08-13,0.0,0.0,2.252191,0.475214
2015-08-14,0.0,0.0,4.440762,0.445201
2015-08-15,0.0,0.0,5.045714,0.437419
2015-08-16,0.462241,0.825703,3.183238,0.449091
2015-08-17,0.0,0.0,4.371429,0.448536
2015-08-18,0.0,0.0,4.071048,0.448536
2015-08-19,0.0,0.0,4.376191,0.443533
2015-08-20,0.0,0.0,4.290667,0.432973
2015-08-21,0.0,0.0,4.257714,0.421857
2015-08-22,0.0,0.0,4.115048,0.419634
2015-08-23,2.644042,2.84106,3.442286,0.42408
2015-08-24,14.013464,19.950994,4.283429,0.79258
2015-08-25,0.743203,0.985613,4.115429,0.743113
2015-08-26,0.0,0.0,5.038476,0.601382
2015-08-27,0.0,0.0,4.432572,0.513565
2015-08-28,0.004849,0.0,4.770286,0.475214
2015-08-29,0.0,0.0,4.805714,0.448536
2015-08-30,1.7e-05,0.0,4.357333,0.440199
2015-08-31,0.0,0.0,4.870667,0.435196
2015-09-01,0.0,0.0,4.835048,0.425192
2015-09-02,0.0,0.0,5.18781,0.41741
2015-09-03,0.0,0.0,4.776381,0.404627
2015-09-04,1.7e-05,0.0,2.79181,0.398513
2015-09-05,0.0,0.0,4.528381,0.36572
2015-09-06,0.0,0.0,4.162095,0.353493
2015-09-07,0.046563,0.0,4.044762,0.360718
2015-09-08,0.003562,0.0,4.465143,0.3685
2015-09-09,1.7e-05,0.0,5.696381,0.352937
2015-09-10,0.0,0.0,3.860381,0.342377
2015-09-11,0.5729,0.134061,3.562095,0.330705
2015-09-12,4.176004,2.942644,4.075238,0.345711
2015-09-13,0.408285,0.050279,5.036572,0.360162
2015-09-14,4.497749,3.042426,3.614286,0.347379
2015-09-15,3.686801,2.821826,4.178857,0.392955
2015-09-16,0.309808,0.115566,4.835048,0.365165
2015-09-17,6.9e-05,0.0,5.496571,0.346267
2015-09-18,0.0,0.0,4.788191,0.319033
2015-09-19,0.0,0.0,5.591429,0.295689
2015-09-20,0.0,0.0,4.318476,0.287352
2015-09-21,0.000452,0.0,4.324,0.291242
2015-09-22,0.0,0.0,5.028381,0.291242
2015-09-23,0.0,0.0,4.053714,0.291798
2015-09-24,0.0,0.0,4.483238,0.271233
2015-09-25,1.956594,1.582602,4.220191,0.26901
2015-09-26,2.003372,5.281249,4.886095,0.31403
2015-09-27,0.000804,0.0,3.60381,0.315698
2015-09-28,0.000519,0.0,4.460381,0.285684
2015-09-29,5e-05,0.0,4.067619,0.271233
2015-09-30,0.001574,0.0,5.808762,0.266231
2015-10-01,0.0,0.0,5.279048,0.261229
2015-10-02,0.000136,0.0,5.141714,0.252336
2015-10-03,0.059399,0.001712,4.234857,0.242332
2015-10-04,1.227063,0.414605,3.929714,0.238997
2015-10-05,3.882039,5.082413,4.723238,0.255115
2015-10-06,2.576094,2.887408,4.415048,0.31014
2015-10-07,1.078717,0.487387,4.427619,0.317365
2015-10-08,0.005255,0.0,5.563048,0.281794
2015-10-09,7.166146,7.124001,3.786667,0.270122
2015-10-10,11.177809,4.703564,4.543619,0.481884
2015-10-11,20.71524,24.358209,5.378857,0.543023
2015-10-12,7.576791,6.480526,4.636762,1.264459
2015-10-13,1.097145,0.866816,5.672381,0.659742
2015-10-14,5e-05,0.0,5.642667,0.46521
2015-10-15,0.008984,0.0,5.883238,0.360718
2015-10-16,0.068395,0.031424,5.325905,0.322368
2015-10-17,1.287249,0.158989,4.766667,0.307361
2015-10-18,1.590452,0.860952,5.786286,0.322923
2015-10-19,1.063339,0.812181,4.862476,0.323479
2015-10-20,2.467783,1.829859,5.294667,0.298468
2015-10-21,0.929756,0.59349,5.748953,0.295133
2015-10-22,5.2e-05,0.0,5.922476,0.289019
2015-10-23,0.0,0.0,4.749143,0.262896
2015-10-24,1.514343,0.675532,6.811619,0.261229
2015-10-25,0.117148,0.065479,6.252,0.260117
2015-10-26,0.016308,0.0,6.832952,0.256782
2015-10-27,1.7e-05,0.0,6.805143,0.254003
2015-10-28,0.0,0.0,6.765333,0.246222
2015-10-29,1.7e-05,0.0,6.030857,0.237329
2015-10-30,0.0,0.0,5.461333,0.221767
2015-10-31,0.000154,0.0,5.060762,0.219543
2015-11-01,2.465218,5.539779,4.915429,0.22399
2015-11-02,0.701224,0.371923,4.990476,0.556362
2015-11-03,0.0,0.0,5.941333,0.412964
2015-11-04,0.0,0.0,6.617333,0.297356
2015-11-05,0.001449,0.0,4.806095,0.259006
2015-11-06,0.341925,0.001712,5.761714,0.240664
2015-11-07,0.009029,0.0,6.040381,0.23455
2015-11-08,0.008093,0.038071,6.98781,0.225657
2015-11-09,0.0,0.0,5.856953,0.213985
2015-11-10,0.250631,0.206467,5.763048,0.213985
2015-11-11,0.016287,0.025296,6.113905,0.219543
2015-11-12,0.016656,0.0,5.285714,0.225102
2015-11-13,0.000201,0.0,4.870476,0.219543
2015-11-14,4.297029,3.586038,4.890857,0.208983
2015-11-15,0.654185,0.561891,5.287048,0.196755
2015-11-16,8.77324,5.840896,5.012952,0.210651
2015-11-17,0.439221,0.311615,5.882095,0.221767
2015-11-18,2.002281,3.756706,5.754667,0.216209
2015-11-19,1.329083,1.989134,4.941714,0.240664
2015-11-20,0.0,0.0,5.628572,0.21343
2015-11-21,0.195921,0.025137,5.158286,0.201202
2015-11-22,0.041951,0.0,5.765714,0.204537
2015-11-23,8.320329,16.579925,5.765524,0.221211
2015-11-24,2.799567,8.232372,6.527619,0.775905
2015-11-25,5.2e-05,0.0,5.570667,0.422969
2015-11-26,0.0,0.0,6.774476,0.271233
2015-11-27,0.0,0.0,7.306667,0.242332
2015-11-28,1.7e-05,0.0,6.553905,0.224546
2015-11-29,0.0,0.0,5.312762,0.216764
2015-11-30,0.00056,0.0,6.586476,0.219543
2015-12-01,0.04271,0.016737,5.533714,0.219543
2015-12-02,1.7e-05,0.0,5.709333,0.221767
2015-12-03,17.308486,44.090456,5.798286,0.494668
2015-12-04,0.067751,0.003994,6.438095,2.138742
2015-12-05,0.77258,1.816894,5.570476,0.509674
2015-12-06,0.0005,0.0,5.859048,0.340709
2015-12-07,0.179624,0.10303,6.268191,0.28624
2015-12-08,0.047271,0.0,5.665905,0.266787
2015-12-09,0.0,0.0,4.932762,0.25845
2015-12-10,0.567706,0.380939,5.986667,0.240108
2015-12-11,0.00056,0.0,5.748762,0.232327
2015-12-12,0.750491,0.0,5.352572,0.23066
2015-12-13,7.043694,6.919963,5.075048,0.238997
2015-12-14,12.485035,17.625448,5.119238,0.328481
2015-12-15,2.188676,2.547749,6.001714,0.738666
2015-12-16,0.045298,0.0,5.211619,0.409073
2015-12-17,1.438586,2.42241,3.659048,0.30347
2015-12-18,0.033047,0.023394,3.462667,0.294577
2015-12-19,0.617379,0.098268,4.053143,0.272345
2015-12-20,10.402924,15.609422,5.491048,0.614166
2015-12-21,2.268813,2.167781,5.379048,1.046583
2015-12-22,1.269853,1.602982,4.945905,0.588043
2015-12-23,4.332065,4.525094,4.656381,0.516344
2015-12-24,11.049276,9.228748,4.006667,1.511793
2015-12-25,3.101347,1.741291,5.223429,1.01379
2015-12-26,5.352409,3.827188,4.882857,0.728662
2015-12-27,11.276775,2.424912,5.721714,0.888178
2015-12-28,24.224386,15.934044,3.396,0.849272
2015-12-29,4.254645,1.802237,2.758667,1.023239
2015-12-30,44.047654,46.465662,3.59181,2.852953
2015-12-31,0.882108,0.719963,3.317333,6.120538
2016-01-01,0.567122,0.545114,4.503238,2.198769
2016-01-02,0.887147,0.856736,5.082476,1.332267
2016-01-03,7.31878,11.875751,5.399238,2.034251
2016-01-04,2.298447,0.310626,5.656572,1.479556
2016-01-05,0.0,0.0,4.725905,1.016014
2016-01-06,0.000275,0.0,6.053905,0.817591
2016-01-07,0.0,0.0,4.988762,0.71032
2016-01-08,0.0,0.0,7.068381,0.642512
2016-01-09,0.000534,0.0,6.572381,0.60694
2016-01-10,2.204163,1.194792,5.692762,0.587487
2016-01-11,5.090387,7.859774,6.328762,0.626949
2016-01-12,0.524224,1.073649,6.173333,0.972105
2016-01-13,1.7e-05,0.0,7.065143,0.626394
2016-01-14,0.322109,0.119593,6.291048,0.565255
2016-01-15,0.629952,0.619431,6.962857,0.551916
2016-01-16,0.23968,0.142059,6.561714,0.539132
2016-01-17,0.062176,0.0,6.390667,0.521902
2016-01-18,3.662749,3.665306,6.274095,0.531907
2016-01-19,7.844401,6.23383,5.865143,0.636398
2016-01-20,1.66542,1.41462,6.259048,0.628617
2016-01-21,0.000419,0.0,6.290286,0.589155
2016-01-22,0.01997,0.064898,5.843048,0.553583
2016-01-23,0.0,0.0,6.088762,0.558585
2016-01-24,0.0,0.0,5.016381,0.53413
2016-01-25,0.0,0.0,5.225143,0.525793
2016-01-26,20.262121,12.675594,4.896762,0.518011
2016-01-27,1.826068,1.314248,5.140191,0.634175
2016-01-28,4.816618,3.514818,4.965905,0.597492
2016-01-29,9.510893,3.434427,5.559238,0.688088
2016-01-30,18.220439,29.489279,6.174857,5.38465
2016-01-31,0.0,0.0,4.126095,2.05426
2016-02-01,3.61162,17.197685,5.361905,2.096501
2016-02-02,0.118292,0.0,6.589333,1.414527
2016-02-03,2.625936,1.670791,4.848952,0.989335
2016-02-04,0.824808,0.723975,4.842476,0.826484
2016-02-05,5.026354,10.450621,4.440381,0.876506
2016-02-06,19.404511,14.739198,6.095238,2.05426
2016-02-07,0.009844,0.025137,6.076953,2.049813
2016-02-08,1.980722,3.638061,6.635048,1.202765
2016-02-09,22.440815,16.710807,6.240571,2.065932
2016-02-10,11.096536,11.511017,4.925524,1.979782
2016-02-11,5.731226,7.185883,5.525333,1.559036
2016-02-12,0.45995,0.074418,6.569334,1.269461
2016-02-13,0.115471,0.0,6.520762,1.049362
2016-02-14,0.117913,0.0,6.217333,0.888734
2016-02-15,0.117913,0.0,5.626476,0.793135
2016-02-16,0.0,0.0,6.644953,0.739222
2016-02-17,0.0,0.0,6.522095,0.692535
2016-02-18,2.932522,1.831939,4.894857,0.664188
2016-02-19,0.001494,0.0,6.553333,0.651405
2016-02-20,0.0,0.0,7.729905,0.621947
2016-02-21,1.7e-05,0.0,6.300381,0.594157
2016-02-22,0.0,0.0,4.481143,0.582485
2016-02-23,12.113205,9.757126,5.176762,0.624726
2016-02-24,11.386793,8.780931,5.606095,1.117726
2016-02-25,0.126895,0.108743,6.573714,0.821482
2016-02-26,0.114557,0.073678,7.532762,0.695314
2016-02-27,0.00035,0.0,5.458095,0.659186
2016-02-28,0.001847,0.0,6.597714,0.609164
2016-02-29,0.0,0.0,6.348381,0.595268
2016-03-01,35.581581,39.532555,5.235048,0.63084
2016-03-02,0.021548,0.0,5.434095,4.034041
2016-03-03,19.741295,14.942238,4.929905,1.311703
2016-03-04,51.764937,34.058799,4.080952,2.979121
2016-03-05,28.21753,53.055022,4.540572,7.956921
2016-03-06,7.627626,10.378404,5.061333,7.107649
2016-03-07,17.811103,23.476697,5.655048,6.136656
2016-03-08,8.641602,8.62698,5.082857,8.817865
2016-03-09,24.326004,14.646244,3.776762,7.207695
2016-03-10,14.792948,14.595985,3.797524,10.264073
2016-03-11,57.694881,52.201492,4.940191,12.403371
2016-03-12,12.37162,13.907789,2.916381,18.479444
2016-03-13,25.984023,20.643952,5.456381,12.670158
2016-03-14,0.548385,0.162041,5.624,12.749082
2016-03-15,9.650458,8.414075,4.212,10.866011
2016-03-16,15.001109,14.730413,1.655048,9.137454
2016-03-17,98.337602,111.4733,2.044,54.260023
2016-03-18,45.723519,28.412337,4.630476,30.568784
2016-03-19,3.128685,0.788735,5.602667,16.237322
2016-03-20,0.000167,0.0,6.247429,10.87935
2016-03-21,0.784474,1.903719,5.101333,8.656126
2016-03-22,0.098417,0.065883,6.072191,7.117654
2016-03-23,0.167509,0.090256,4.738667,6.04606
2016-03-24,0.228856,0.084333,5.316762,5.305726
2016-03-25,4.419215,3.010835,5.296762,4.92222
2016-03-26,0.0,0.0,5.789714,4.430887
2016-03-27,0.0,0.0,6.164381,4.06739
2016-03-28,0.037342,0.0,5.86,3.808384
2016-03-29,0.0,0.0,6.084,3.601624
2016-03-30,6.9e-05,0.0,5.769714,3.424878
2016-03-31,0.000229,0.0,5.576762,3.267585
2016-04-01,0.0,0.0,5.897524,3.133635
2016-04-02,0.000435,0.0,5.746095,3.02303
2016-04-03,0.0,0.0,5.017714,2.886302
2016-04-04,0.0,0.0,4.985333,2.759022
2016-04-05,0.0,0.0,4.845333,2.655086
2016-04-06,0.0,0.0,5.115048,2.55782
2016-04-07,3.109282,0.410677,3.980191,2.473338
2016-04-08,38.406176,40.487395,4.652381,2.931322
2016-04-09,4.960664,6.622788,4.44,4.025148
2016-04-10,7.991403,5.457299,4.510286,2.976898
2016-04-11,5.619927,2.692728,4.604,2.956333
2016-04-12,2.048168,1.278241,5.500762,2.770138
2016-04-13,0.057872,0.02511,4.829333,2.483342
2016-04-14,7.008962,6.261875,3.736381,2.417757
2016-04-15,11.115675,4.288113,3.985333,2.600061
2016-04-16,54.7563,35.836871,3.442286,5.924894
2016-04-17,1.226464,0.413136,4.575429,5.599747
2016-04-18,5.614422,4.743559,4.788762,3.724457
2016-04-19,4.037429,22.754966,4.176381,4.129084
2016-04-20,5.251862,2.689286,4.396,3.293707
2016-04-21,18.158369,9.117631,3.966667,3.370409
2016-04-22,9.473798,9.724919,3.996952,3.462673
2016-04-23,0.342347,0.558632,4.169143,3.133079
2016-04-24,0.0,0.0,3.182667,2.877964
2016-04-25,0.846927,0.246987,2.899238,2.708444
2016-04-26,1.771278,0.303421,3.244,2.602285
2016-04-27,0.909373,0.726796,3.478857,2.553374
2016-04-28,7.320789,5.585698,4.028381,2.555041
2016-04-29,5.254859,1.436326,4.459048,2.60284
2016-04-30,8.979591,6.183583,3.534095,2.883522
2016-05-01,0.389518,0.686966,4.238667,2.68899
2016-05-02,2.0537,3.052926,4.644,2.49557
2016-05-03,0.0,0.0,4.273714,2.284919
2016-05-04,0.000472,0.0,3.172762,2.164309
2016-05-05,0.01779,0.0,4.233334,2.07538
2016-05-06,1.684689,1.610426,3.996762,2.020911
2016-05-07,8.024725,10.78512,3.793524,2.03036
2016-05-08,4.585854,5.503232,4.021143,2.737345
2016-05-09,9.834686,16.37505,3.688762,2.824051
2016-05-10,0.324862,1.420533,4.161524,2.759578
2016-05-11,0.98883,0.186866,0.580571,2.323826
2016-05-12,0.06401,0.012553,0.877143,2.137075
2016-05-13,0.0,0.0,2.073524,2.02369
2016-05-14,0.088199,0.003428,3.650286,1.98923
2016-05-15,0.044371,0.026826,3.162095,1.929759
2016-05-16,0.026858,0.02511,2.59981,1.873067
2016-05-17,9.609193,7.188513,4.019048,1.921422
2016-05-18,2.477993,1.343191,3.515619,2.043699
2016-05-19,2.165272,2.52758,3.875429,1.889185
2016-05-20,0.107347,0.089624,2.756,1.77191
2016-05-21,13.017394,11.107401,2.858286,1.76135
2016-05-22,73.783289,75.35117,1.850476,5.982142
2016-05-23,24.931311,22.666564,2.155619,16.818695
2016-05-24,14.129946,12.08891,2.503238,9.402573
2016-05-25,0.216988,0.112836,3.691238,6.427899
2016-05-26,0.100485,0.001712,4.132381,4.919441
2016-05-27,0.002182,0.0,4.058095,4.162988
2016-05-28,0.000173,0.0,3.82419,3.705004
2016-05-29,0.0,0.0,3.388952,3.355958
2016-05-30,0.638456,0.56321,2.290095,3.151977
2016-05-31,11.500551,20.158621,3.300381,3.403757
2016-06-01,10.781315,6.432333,2.974095,4.69823
2016-06-02,10.802578,9.271981,2.285905,3.718343
2016-06-03,3.897375,3.310837,2.810095,3.390974
2016-06-04,0.030154,0.001712,2.71981,3.325944
2016-06-05,0.0,0.0,1.948381,2.976898
2016-06-06,0.0,0.0,2.41181,2.751796
2016-06-07,0.0,0.0,2.931048,2.613401
2016-06-08,0.0,0.0,3.718667,2.502239
2016-06-09,0.0,0.0,3.77581,2.390522
2016-06-10,0.0,0.0,3.679238,2.28881
2016-06-11,0.0001,0.0,3.931429,2.217111
2016-06-12,0.468363,0.329827,2.628191,2.17487
2016-06-13,7.590385,4.958617,2.363619,2.158751
2016-06-14,17.796825,14.738826,1.912762,2.326605
2016-06-15,11.959338,7.075203,2.605714,3.077499
2016-06-16,6.377249,3.284903,2.046095,2.491679
2016-06-17,8.68136,3.849232,2.820381,2.502239
2016-06-18,6.533666,8.417662,2.384381,2.553374
2016-06-19,20.546775,23.963903,1.757333,2.578385
2016-06-20,2.116572,1.226981,3.135238,3.919545
2016-06-21,0.155033,0.102788,1.888952,2.851842
2016-06-22,1.7e-05,0.0,1.987429,2.540034
2016-06-23,0.0,0.0,2.767429,2.398304
2016-06-24,0.0,0.0,3.291048,2.292145
2016-06-25,0.000259,0.0,2.445333,2.153193
2016-06-26,0.033713,0.029146,2.441333,2.047034
2016-06-27,2.061735,2.451558,2.804191,2.090943
2016-06-28,1.417507,0.349459,2.376191,2.015909
2016-06-29,0.080895,0.0,0.537905,1.927536
2016-06-30,5.2e-05,0.0,2.679048,1.815819
2016-07-01,0.268774,0.291901,2.478667,1.775245
2016-07-02,0.011187,0.0,2.162667,1.707437
2016-07-03,0.023438,0.026826,1.789714,1.64741
2016-07-04,0.410534,0.115583,2.298095,1.602945
2016-07-05,0.303207,0.115583,3.093905,1.614617
2016-07-06,0.0,0.0,2.954667,1.54792
2016-07-07,0.0,0.0,1.998095,1.463438
2016-07-08,0.0,0.0,2.386476,1.417862
2016-07-09,0.0,0.0,2.699619,1.378399
2016-07-10,0.0,0.0,1.940381,1.349497
2016-07-11,0.229652,0.03772,3.329333,1.34783
2016-07-12,0.280329,0.065478,2.972191,1.403411
2016-07-13,0.297952,0.262042,3.295429,1.329488
2016-07-14,1.905742,0.379971,0.945333,1.27891
2016-07-15,32.105493,31.697425,0.945905,1.611282
2016-07-16,5.731912,3.959381,1.147238,2.102059
2016-07-17,0.003903,0.001712,0.898286,1.45788
2016-07-18,34.388376,23.619541,1.363238,1.366172
2016-07-19,49.705805,54.710036,1.259619,3.193107
2016-07-20,37.653746,54.89193,1.905333,24.957921
2016-07-21,13.542307,8.502444,2.482476,16.001104
2016-07-22,2.805731,0.958011,3.705714,9.199148
2016-07-23,0.05157,0.0,2.895429,6.486814
2016-07-24,0.091244,0.0,4.114095,5.036716
2016-07-25,0.0,0.0,4.052762,4.235243
2016-07-26,0.002212,0.0,3.768191,3.736129
2016-07-27,0.262747,0.26738,2.941524,3.414873
2016-07-28,0.006283,0.0,2.468952,3.160314
2016-07-29,0.0,0.0,0.632952,2.956889
2016-07-30,0.0,0.0,3.924572,2.802375
2016-07-31,0.001256,0.0,3.464952,2.632298
2016-08-01,0.0,0.0,2.944952,2.531697
2016-08-02,0.0,0.0,4.010857,2.472226
2016-08-03,0.0,0.0,2.687048,2.369402
2016-08-04,0.0,0.0,2.371429,2.236008
2016-08-05,0.0,0.0,2.271619,2.138742
2016-08-06,1.366974,1.280867,3.016952,2.08205
2016-08-07,6.536014,2.392088,2.157143,2.149303
2016-08-08,1.750807,0.903955,3.001333,2.074269
2016-08-09,3.11479,2.781094,3.564952,2.039809
2016-08-10,0.000569,0.0,3.942476,2.028693
2016-08-11,0.018637,0.043223,3.661714,1.934206
2016-08-12,5e-05,0.0,4.014667,1.867509
2016-08-13,0.0,0.0,4.234286,1.790808
2016-08-14,0.237848,0.028538,3.241333,1.741897
2016-08-15,6.811654,3.9171,2.870095,1.697988
2016-08-16,14.886615,7.95443,1.746857,1.953659
2016-08-17,10.351278,6.597083,2.685524,2.44388
2016-08-18,3.168687,0.71654,2.088762,2.059818
2016-08-19,0.83271,1.125125,2.997524,1.888629
2016-08-20,7.038504,9.345702,3.516762,2.074269
2016-08-21,1.825742,2.51114,1.926667,1.913641
2016-08-22,1.403754,0.291962,4.221714,1.724111
2016-08-23,0.47141,0.861497,4.771048,1.645742
2016-08-24,5.2e-05,0.0,5.178095,1.589606
2016-08-25,0.0,0.0,2.041333,1.481779
2016-08-26,4.140095,3.889675,4.659619,1.456768
2016-08-27,0.0,0.0,0.890857,1.481223
2016-08-28,0.0,0.0,3.747048,1.339493
2016-08-29,0.0,0.0,2.812,1.319484
2016-08-30,0.012489,0.012553,3.605905,1.305589
2016-08-31,0.300809,0.091941,2.746095,1.298919
2016-09-01,0.990458,0.295002,3.690667,1.284468
2016-09-02,0.929589,1.034446,3.52381,1.26168
2016-09-03,0.000318,0.0,3.553714,1.245006
2016-09-04,0.023923,0.007998,4.565333,1.227776
2016-09-05,0.523836,0.260301,3.266476,1.202209
2016-09-06,5e-05,0.0,4.058476,1.191648
2016-09-07,0.0,0.0,3.133714,1.170528
2016-09-08,2.119182,0.727409,2.670667,1.158856
2016-09-09,2.662197,4.287713,3.3,1.156077
2016-09-10,0.0,0.0,4.791429,1.170528
2016-09-11,0.002072,0.0,4.071429,1.10661
2016-09-12,11.771354,15.159922,2.989714,1.09994
2016-09-13,15.301868,19.41786,4.202667,2.578941
2016-09-14,5.612026,8.34376,4.161714,2.66787
2016-09-15,0.019933,0.0,5.434095,2.022023
2016-09-16,1.258527,1.641068,4.287619,1.591273
2016-09-17,0.0,0.001712,3.800952,1.48567
2016-09-18,0.0,0.0,4.112,1.340049
2016-09-19,0.0,0.0,3.581524,1.253899
2016-09-20,0.0,0.0,4.600953,1.196651
2016-09-21,0.0,0.0,2.342857,1.161635
2016-09-22,0.658767,0.0,3.219429,1.144405
2016-09-23,1.04362,1.78246,5.602476,1.16497
2016-09-24,0.0,0.0,5.304953,1.128287
2016-09-25,0.000564,0.0,6.224191,1.094382
2016-09-26,1.7e-05,0.0,6.272762,1.066592
2016-09-27,0.0,0.0,6.616381,1.045471
2016-09-28,0.0,0.0,6.201143,1.023795
2016-09-29,0.015052,0.003994,2.916381,1.0099
2016-09-30,0.051068,0.001712,5.505143,0.989891
2016-10-01,0.028929,3.975428,5.58781,0.99656
2016-10-02,0.170497,0.0,5.663048,0.949317
2016-10-03,0.150123,0.0,3.666286,0.916524
2016-10-04,0.82646,1.003802,4.385714,0.92375
2016-10-05,2.498627,0.479596,4.311619,0.910411
2016-10-06,0.011466,0.0,4.261334,0.873172
2016-10-07,0.0,0.0,4.122286,0.838712
2016-10-08,0.619416,0.71406,3.708571,0.818703
2016-10-09,0.001421,0.0,3.703048,0.805919
2016-10-10,3.3e-05,0.0,5.179238,0.800917
2016-10-11,0.0,0.0,6.258286,0.794803
2016-10-12,0.0,0.0,4.274857,0.775905
2016-10-13,0.304565,0.0,5.422476,0.753117
2016-10-14,0.489539,0.148311,5.816191,0.755341
2016-10-15,10.097489,16.32665,4.118286,0.780352
2016-10-16,5.044697,5.133307,2.876381,0.884288
2016-10-17,0.503434,0.102561,4.021714,0.845937
2016-10-18,0.0,0.0,5.573333,0.781464
2016-10-19,0.000331,0.0,6.033143,0.732553
2016-10-20,0.0,0.0,5.468,0.719213
2016-10-21,6.7e-05,0.0,5.304571,0.709209
2016-10-22,0.0,0.0,3.813333,0.698093
2016-10-23,0.0,0.0,2.379429,0.688088
2016-10-24,0.455791,0.064923,3.430095,0.686421
2016-10-25,0.001406,0.0,5.318476,0.712544
2016-10-26,0.004989,0.0,6.065333,0.6892
2016-10-27,0.0,0.0,5.628572,0.664744
2016-10-28,1.7e-05,0.0,5.93181,0.653628
2016-10-29,0.0,0.0,6.292572,0.639733
2016-10-30,0.0,0.0,4.865714,0.626949
2016-10-31,0.0,0.0,5.446476,0.629173
2016-11-01,0.0,0.0,6.298476,0.62028
2016-11-02,0.0,0.0,5.337143,0.61361
2016-11-03,0.0,0.0,4.729143,0.612498
2016-11-04,0.0,0.0,4.384191,0.603606
2016-11-05,0.744851,1.757322,6.032762,0.608608
2016-11-06,1.102076,0.506599,6.068952,0.626949
2016-11-07,1.7e-05,0.0,5.239429,0.610831
2016-11-08,0.0,0.0,5.145143,0.588043
2016-11-09,0.0,0.0,4.540762,0.573036
2016-11-10,0.0,0.0,5.703619,0.574148
2016-11-11,0.0,0.0,5.098667,0.575815
2016-11-12,0.0,0.0,4.495048,0.558029
2016-11-13,16.389563,7.011766,4.504191,0.539688
2016-11-14,6.609833,3.983551,5.365905,0.567478
2016-11-15,0.000865,0.0,2.809143,0.573036
2016-11-16,1.7e-05,0.0,4.519429,0.528572
2016-11-17,0.0,0.0,4.054286,0.518567
2016-11-18,0.115247,0.77693,3.587048,0.521902
2016-11-19,1.671836,3.816716,4.671048,0.531907
2016-11-20,3.652883,5.264523,4.369333,0.562476
2016-11-21,2.096819,2.531401,4.496952,0.59638
2016-11-22,0.0,0.0,6.084191,0.57248
2016-11-23,0.0,0.0,6.457143,0.559141
2016-11-24,0.0,0.0,6.012,0.537465
2016-11-25,0.0,0.0,5.925714,0.491888
2016-11-26,0.0,0.0,6.002286,0.474103
2016-11-27,0.090738,0.02511,5.179238,0.471879
2016-11-28,0.0,0.0,5.140571,0.48244
2016-11-29,0.000151,0.0,6.427619,0.467989
2016-11-30,0.007772,0.0,5.665143,0.465766
2016-12-01,0.066321,0.0,6.505524,0.454649
2016-12-02,0.576347,0.0,4.299429,0.450203
2016-12-03,0.0,0.0,4.199429,0.443533
2016-12-04,0.0,0.0,5.833905,0.434085
2016-12-05,0.0,0.0,6.972,0.43464
2016-12-06,0.0,0.0,5.952953,0.437419
2016-12-07,0.0,0.0,3.257905,0.422413
2016-12-08,0.222865,0.543593,4.938667,0.425192
2016-12-09,0.0,0.0,5.157905,0.426303
2016-12-10,0.374455,0.222828,6.310286,0.426303
2016-12-11,3.564609,3.183939,4.664952,0.424636
2016-12-12,8.893575,8.585259,4.873333,0.449647
2016-12-13,26.341257,26.837663,5.417333,0.67586
2016-12-14,12.029578,15.113879,5.270095,1.625177
2016-12-15,2.668101,1.561677,6.508381,1.046027
2016-12-16,0.0,0.0,4.702095,0.676972
2016-12-17,0.0,0.0,4.38,0.577483
2016-12-18,0.0,0.003428,6.516191,0.564699
2016-12-19,1.790169,3.591362,5.415429,0.553583
2016-12-20,0.130281,0.010271,6.142476,0.576371
2016-12-21,0.459885,0.548918,6.528762,0.531351
2016-12-22,0.0,0.0,4.844,0.548025
2016-12-23,0.25638,0.035428,4.960381,0.513009
2016-12-24,9.641497,12.473665,4.090286,0.564699
2016-12-25,0.693815,1.151201,3.594476,0.626949
2016-12-26,0.423949,0.53021,5.475429,0.578594
2016-12-27,0.024448,0.060904,3.591048,0.546913
2016-12-28,0.002377,0.0293,4.518095,0.511342
2016-12-29,0.749991,1.720309,4.240953,0.525793
2016-12-30,0.011726,0.0,6.709333,0.539688
2016-12-31,0.292839,0.0,5.996953,0.533018
2017-01-01,0.040871,0.003428,5.099238,0.509674
2017-01-02,1.593041,0.843235,4.393334,0.493
2017-01-03,12.65144,7.460353,3.725333,0.536353
2017-01-04,12.918432,6.173098,4.056572,0.565255
2017-01-05,28.805056,37.076356,5.066095,2.074269
2017-01-06,15.839425,6.31996,2.074667,1.3545
2017-01-07,56.062701,55.757338,3.371619,3.52659
2017-01-08,58.449293,51.169746,4.260762,10.256292
2017-01-09,56.186226,34.096654,2.716381,8.574978
2017-01-10,33.390465,18.757314,4.76381,9.270847
2017-01-11,23.432452,18.868584,4.020381,6.783614
2017-01-12,53.693028,46.068555,5.199429,11.085554
2017-01-13,1.4833,1.995379,6.186857,13.966854
2017-01-14,0.276068,1.160307,4.226476,5.883208
2017-01-15,14.381732,17.101269,3.301905,6.338414
2017-01-16,9.660474,8.149462,5.922857,7.913013
2017-01-17,2.66361,1.718574,6.056381,5.594745
2017-01-18,1.67356,1.909117,4.834667,4.224683
2017-01-19,0.624263,1.200321,6.711619,3.359848
2017-01-20,0.001399,0.0,5.690857,2.785701
2017-01-21,0.00325,0.0,7.379048,2.451661
2017-01-22,0.000314,0.0,7.309905,2.21989
2017-01-23,0.0,0.0,5.443048,2.042588
2017-01-24,1.223015,3.45024,6.140381,1.936985
2017-01-25,5.713566,1.406268,4.484572,1.976447
2017-01-26,14.15014,26.422795,3.828953,3.205334
2017-01-27,0.085731,0.588922,7.042667,2.898529
2017-01-28,0.0,0.0,6.1,2.063153
2017-01-29,0.042491,0.55079,6.63181,1.863618
2017-01-30,0.44995,0.051192,5.528762,1.802479
2017-01-31,42.361592,20.61767,3.807238,1.815263
2017-02-01,63.741538,93.921265,4.344,14.415389
2017-02-02,23.401629,11.538245,6.555048,24.15089
2017-02-03,29.581929,31.835791,3.263619,13.505534
2017-02-04,0.350006,0.130645,4.469905,9.243613
2017-02-05,45.200798,52.359408,5.899238,12.167153
2017-02-06,10.022359,7.609282,3.44781,16.51856
2017-02-07,60.830339,60.932726,4.395619,15.783784
2017-02-08,3.745746,1.594826,5.531238,22.43734
2017-02-09,7.302924,9.842225,4.265333,11.571329
2017-02-10,5.729598,2.980372,5.524952,9.036853
2017-02-11,3.236812,2.732908,4.385143,7.632886
2017-02-12,0.053605,0.0,5.248381,6.319516
2017-02-13,0.0,0.0,5.701333,5.434117
2017-02-14,0.0,0.025296,4.357524,4.72602
2017-02-15,0.0,0.0,4.041905,4.282487
2017-02-16,18.639859,25.566031,5.148381,6.937017
2017-02-17,19.599561,8.78532,3.810857,20.637084
2017-02-18,10.152963,10.451573,5.851238,11.739738
2017-02-19,0.0,0.0,4.55581,8.401566
2017-02-20,1.800835,0.623741,5.197524,6.670786
2017-02-21,5.254195,1.880157,5.460191,6.947577
2017-02-22,11.273616,8.716911,4.760381,9.181362
2017-02-23,2.07085,1.346789,5.406286,7.700139
2017-02-24,5.023791,2.83689,6.343429,6.269494
2017-02-25,10.356855,9.145217,4.584952,5.766489
2017-02-26,5.044576,0.750066,5.437333,5.914889
2017-02-27,2.524533,1.555734,5.861714,4.951121
2017-02-28,2.240874,2.121632,4.418857,4.465903
2017-03-01,1.462238,0.674634,5.568762,4.088591
2017-03-02,2.728056,0.561081,5.842476,3.844031
2017-03-03,31.863108,30.495409,2.811238,5.370305
2017-03-04,14.88378,25.044131,4.152952,6.276843
2017-03-05,21.648369,23.388689,5.547048,7.603023
2017-03-06,13.802535,9.872084,5.581143,9.942457
2017-03-07,0.50014,0.232173,5.883238,7.206725
2017-03-08,1.765668,1.006081,4.778476,5.785501
2017-03-09,16.728798,20.576741,3.97981,6.282957
2017-03-10,46.007535,43.074013,4.085714,11.147469
2017-03-11,0.084689,0.012553,5.644,8.665745
2017-03-12,0.0,0.0,5.875429,6.488054
2017-03-13,0.0,0.0,5.148572,5.51315
2017-03-14,0.0,0.0,5.786286,4.901751
2017-03-15,0.00676,0.0,6.551238,4.450428
2017-03-16,0.000318,0.005326,5.421524,4.190861
2017-03-17,0.07018,0.0,6.138667,3.868487
2017-03-18,0.020402,0.023394,5.873524,3.614479
2017-03-19,3.562068,1.957299,3.392571,3.488864
2017-03-20,7.43178,3.372535,4.937143,3.756768
2017-03-21,17.88901,22.418359,5.491429,5.419773
2017-03-22,5.201297,6.910626,4.414857,4.110268
2017-03-23,5.926027,5.49237,4.332191,3.65283
2017-03-24,17.035725,26.576673,4.634667,4.319255
2017-03-25,10.100054,7.490881,4.752952,4.687206
2017-03-26,0.149533,0.09998,4.920762,3.816796
2017-03-27,0.0,0.0,2.653905,3.392708
2017-03-28,0.0,0.0,1.043238,3.145925
2017-03-29,1.462184,2.058597,2.032381,3.02698
2017-03-30,0.421523,0.201672,5.015048,2.867461
2017-03-31,3.786639,0.485689,4.283619,2.744625
2017-04-01,0.003499,0.0,3.719429,2.672369
2017-04-02,0.0,0.0,3.055048,2.554536
2017-04-03,1.013348,0.218617,4.410667,2.44893
2017-04-04,0.484561,0.167795,2.118667,2.433367
2017-04-05,36.382258,18.402374,2.942476,2.513405
2017-04-06,8.191916,2.254275,3.294476,3.127583
2017-04-07,6.579282,1.300317,3.521714,2.453377
2017-04-08,17.118287,13.911204,3.253905,2.956947
2017-04-09,9.060683,2.850425,4.593143,3.79234
2017-04-10,0.0,0.0,4.44,2.916928
2017-04-11,3.5e-05,0.0,4.897333,2.531191
2017-04-12,9.65691,9.142217,2.199048,2.401686
2017-04-13,0.277922,0.086096,4.839048,2.556759
2017-04-14,1.464673,0.378438,3.916571,2.297192
2017-04-15,3.251576,3.291579,4.704191,2.342769
2017-04-16,4.515709,2.598424,3.88,2.398351
2017-04-17,1.567028,1.298605,2.776,2.378897
2017-04-18,5.296527,1.853714,3.161714,2.215487
2017-04-19,2.454903,0.690425,1.977905,2.167687
2017-04-20,5.355971,1.230237,3.596572,2.168243
2017-04-21,7.235571,2.751203,2.751619,2.170466
2017-04-22,5.238458,1.196504,2.342667,2.366669
2017-04-23,10.640223,5.258443,2.724571,2.598445
2017-04-24,5.511752,2.473901,3.374095,2.570654
2017-04-25,4.158101,2.753301,3.009143,2.29219
2017-04-26,1.557446,0.315017,4.028762,2.334432
2017-04-27,0.0,0.0,3.815619,2.129335
2017-04-28,0.06659,0.0,0.521905,1.987602
2017-04-29,1.7e-05,0.0,3.078286,1.886443
2017-04-30,0.0,0.0,3.770476,1.833085
2017-05-01,1.988863,2.462614,3.199429,1.801959
2017-05-02,2.770158,3.265674,3.903048,1.959255
2017-05-03,3.381434,5.25309,3.690095,1.861987
2017-05-04,1.756103,1.277294,3.373333,1.768054
2017-05-05,13.426233,6.797849,2.341905,1.974818
2017-05-06,2.773144,1.586666,1.877524,2.045963
2017-05-07,3.650381,1.602572,1.881905,2.040405
2017-05-08,1.823108,2.668133,2.999619,1.907009
2017-05-09,0.223471,0.125664,3.155048,1.763608
2017-05-10,0.0,0.0,2.765333,1.673565
2017-05-11,0.200229,0.041104,2.963238,1.610758
2017-05-12,0.0,0.0,2.326095,1.525718
2017-05-13,1.138318,0.465882,2.787048,1.479585
2017-05-14,2.218854,1.29442,3.277714,1.582967
2017-05-15,0.06074,0.005326,3.474095,1.47625
2017-05-16,0.0,0.0,3.910286,1.427894
2017-05-17,0.0,0.0,2.847048,1.37398
2017-05-18,9.761213,7.005326,1.398667,1.430118
2017-05-19,38.336672,36.415955,1.989905,2.294969
2017-05-20,4.436505,4.663186,3.085333,2.928601
2017-05-21,0.0,0.0,2.84781,1.983711
2017-05-22,0.0,0.0,3.372952,1.741931
2017-05-23,3.91604,1.8207,2.643619,1.582967
2017-05-24,7.139732,3.632518,2.714667,1.972039
2017-05-25,0.011086,0.005326,4.036381,1.772501
2017-05-26,0.106345,0.0,3.462667,1.552397
2017-05-27,0.007379,0.0,2.586286,1.466801
2017-05-28,0.004234,0.001712,3.750095,1.43512
2017-05-29,0.294836,0.219785,2.755238,1.398992
2017-05-30,0.0,0.0,1.521333,1.342298
2017-05-31,0.0,0.0,2.285143,1.298945
2017-06-01,0.074702,0.033669,1.134857,1.281159
2017-06-02,0.0,0.0,1.551048,1.250033
2017-06-03,1.353253,0.396331,2.097333,1.239472
2017-06-04,0.452507,0.116541,1.353905,1.252812
2017-06-05,0.0,0.0,1.796571,1.238361
2017-06-06,0.0,0.0,1.353905,1.193339
2017-06-07,0.0,0.0,3.452,1.176665
2017-06-08,0.0,0.0,1.948762,1.126641
2017-06-09,1.7e-05,0.0,1.215048,1.100518
2017-06-10,0.0,0.0,1.585714,1.086623
2017-06-11,0.004408,0.005326,0.642667,1.090513
2017-06-12,1.288036,1.036525,2.678667,1.137202
2017-06-13,0.0,0.0,0.772,1.097739
2017-06-14,0.0,0.0,0.986667,1.046604
2017-06-15,0.037643,0.008948,2.014667,1.038822
2017-06-16,0.005547,0.0,2.042857,1.022704
2017-06-17,0.32359,0.08601,2.464952,1.005473
2017-06-18,0.0,0.0,2.475048,0.978238
2017-06-19,0.0,0.0,2.830667,0.953226
2017-06-20,0.02114,0.001712,2.818095,0.933773
2017-06-21,0.062889,0.010271,3.17981,0.912652
2017-06-22,0.573322,0.1274,2.956571,0.929882
2017-06-23,0.096678,0.0,1.263238,0.909873
2017-06-24,2.467714,1.129716,2.358667,0.903203
2017-06-25,4.743837,2.627582,2.613333,0.969901
2017-06-26,0.112223,0.014265,2.457333,0.974347
2017-06-27,0.303804,0.043965,2.489905,0.925436
2017-06-28,5.083328,6.778634,2.226857,0.919877
2017-06-29,5.902299,2.076137,2.654476,1.208346
2017-06-30,0.502727,0.198252,2.435619,1.066613
2017-07-01,3.554474,0.946192,1.952,0.929326
2017-07-02,8.207727,2.219976,1.715238,1.111634
2017-07-03,14.110214,4.408491,2.248381,1.115525
2017-07-04,3.949306,1.473444,2.532381,1.829194
2017-07-05,1.175361,1.551181,3.083429,1.21446
2017-07-06,0.006676,0.0,2.711429,1.089402
2017-07-07,0.0,0.0,3.232381,0.969345
2017-07-08,0.03324,0.0,3.746095,0.910428
2017-07-09,0.0,0.0,3.633333,0.875412
2017-07-10,0.000121,0.0,2.710095,0.863184
2017-07-11,0.141183,0.010271,3.304381,0.845954
2017-07-12,0.862896,0.238989,2.428762,0.827612
2017-07-13,0.380915,0.139994,2.432762,0.814828
2017-07-14,0.38901,0.160865,2.28019,0.804823
2017-07-15,2.521137,2.327193,2.651048,0.780923
2017-07-16,1.397161,0.956343,4.407048,0.843175
2017-07-17,0.026683,0.001712,3.557333,0.771474
2017-07-18,1.7e-05,0.0,2.626286,0.752576
2017-07-19,0.003627,0.0,2.940381,0.742572
2017-07-20,0.0,0.0,0.374095,0.712558
2017-07-21,0.0,0.0,2.978857,0.690881
2017-07-22,0.0,0.0,3.116381,0.695327
2017-07-23,0.0,0.0,3.721333,0.696439
2017-07-24,0.003464,0.0,2.969714,0.695327
2017-07-25,0.001819,0.0,1.803429,0.681432
2017-07-26,1.066998,0.268549,1.026667,0.688657
2017-07-27,0.200528,0.080453,1.584,0.666425
2017-07-28,0.257794,0.055776,3.583048,0.640857
2017-07-29,0.001051,0.0,3.013714,0.617513
2017-07-30,0.0,0.0,2.656952,0.605285
2017-07-31,0.000588,0.0,2.860762,0.591389
2017-08-01,0.261918,0.058287,4.223619,0.61251
2017-08-02,0.0,0.0,2.754286,0.583608
2017-08-03,0.012759,0.0,3.745143,0.569713
2017-08-04,0.0,0.0,2.555619,0.569713
2017-08-05,0.024879,0.001712,2.288571,0.56471
2017-08-06,1.87681,4.276884,3.104191,0.600283
2017-08-07,1.287314,3.118022,3.720762,0.763137
2017-08-08,0.045469,0.034071,3.749143,0.633076
2017-08-09,0.223108,0.035765,4.644,0.556929
2017-08-10,0.027041,0.023394,3.446095,0.536919
2017-08-11,1.7e-05,0.0,3.898667,0.513575
2017-08-12,0.0,0.0,4.68381,0.518022
2017-08-13,0.0,0.0,4.275429,0.50357
2017-08-14,0.0,0.0,4.428381,0.490787
2017-08-15,0.000571,0.0,4.130095,0.485228
2017-08-16,0.0,0.0,3.87181,0.482449
2017-08-17,0.148153,0.0,4.327429,0.471333
2017-08-18,0.0,0.0,3.357905,0.465775
2017-08-19,0.000631,0.0,3.529524,0.460772
2017-08-20,0.0,0.0,4.076762,0.449656
2017-08-21,0.0,0.0,3.066286,0.440763
2017-08-22,1.7e-05,0.0,4.653524,0.43854
2017-08-23,0.0,0.0,4.331048,0.434649
2017-08-24,0.0,0.0,4.970286,0.440207
2017-08-25,0.0,0.0,3.922857,0.442986
2017-08-26,0.0,0.0,5.096762,0.430202
2017-08-27,0.000285,0.001712,3.331429,0.427423
2017-08-28,0.0,0.0,4.611429,0.423533
2017-08-29,0.0,0.0,4.739619,0.424644
2017-08-30,0.0,0.0,4.025333,0.41853
2017-08-31,0.0,0.0,4.477714,0.417974
2017-09-01,0.01825,0.0,3.647429,0.415195
2017-09-02,2.71923,4.949701,3.100762,0.414084
2017-09-03,0.803248,0.941855,2.948381,0.494121
2017-09-04,0.0,0.0,4.975048,0.424088
2017-09-05,0.0,0.0,3.83981,0.419642
2017-09-06,0.0,0.0,3.174476,0.416863
2017-09-07,0.0,0.0,4.541333,0.415751
2017-09-08,0.0,0.0,4.779048,0.414084
2017-09-09,0.0,0.0,4.665143,0.411305
2017-09-10,0.0,0.0,1.834857,0.406858
2017-09-11,0.0,0.0,4.231048,0.405191
2017-09-12,0.0,0.0,3.742095,0.395742
2017-09-13,0.0,0.0,4.371619,0.399633
2017-09-14,0.0,0.0,3.913714,0.388516
2017-09-15,0.0,0.0,4.780952,0.380735
2017-09-16,1.7e-05,0.0,3.571429,0.372953
2017-09-17,0.0,0.0,3.753333,0.366839
2017-09-18,0.0,0.0,2.641714,0.351276
2017-09-19,17.404267,12.945118,2.877905,0.36017
2017-09-20,24.382502,26.318051,3.432191,0.981573
2017-09-21,0.0,0.0,4.992,0.624738
2017-09-22,1.7e-05,0.0,5.27981,0.416307
2017-09-23,0.0,0.0,5.334857,0.374621
2017-09-24,0.0,0.0,4.204381,0.358502
2017-09-25,5e-05,0.0,5.164762,0.341272
2017-09-26,0.0,0.0,5.963429,0.331267
2017-09-27,0.051464,0.0,5.510095,0.329044
2017-09-28,0.0,0.0,5.496762,0.321818
2017-09-29,0.0,0.0,5.742286,0.319039
2017-09-30,0.0,0.0,3.654476,0.335158
2017-10-01,0.0,0.0,4.492952,0.339604
2017-10-02,0.190052,0.056679,3.440762,0.32293
2017-10-03,0.000117,0.001712,5.139048,0.320151
2017-10-04,0.0,0.0,5.626667,0.315704
2017-10-05,0.021086,0.001712,4.670476,0.312925
2017-10-06,0.221866,0.752514,4.669333,0.321818
2017-10-07,0.0,0.0,4.940381,0.330155
2017-10-08,6.9e-05,0.0,4.737333,0.312369
2017-10-09,1.7e-05,0.0,5.34781,0.29236
2017-10-10,0.0,0.0,6.028571,0.273462
2017-10-11,0.0,0.0,6.179238,0.259011
2017-10-12,0.0,0.0,5.402857,0.251229
2017-10-13,0.0,0.0,6.507429,0.236222
2017-10-14,0.0,0.0,3.168571,0.232887
2017-10-15,1.201819,2.590053,1.516,0.240113
2017-10-16,19.181021,15.698829,3.740571,0.321262
2017-10-17,4.754102,2.749062,3.339619,0.468554
2017-10-18,14.928566,15.868118,3.731619,0.642525
2017-10-19,143.538817,173.608927,2.569714,5.780498
2017-10-20,27.761836,31.42775,3.360381,12.569249
2017-10-21,1.079492,0.11882,2.370286,5.237465
2017-10-22,19.183914,18.771619,2.812,2.707941
2017-10-23,2.506363,0.983953,6.184762,2.416137
2017-10-24,0.114663,0.069483,6.147429,1.719698
2017-10-25,0.0,0.0,5.431048,1.287828
2017-10-26,3.3e-05,0.0,5.425524,1.070504
2017-10-27,0.0,0.0,4.978286,0.939331
2017-10-28,1.7e-05,0.0,3.719048,0.857626
2017-10-29,0.0,0.0,5.150476,0.800377
2017-10-30,0.0,0.0,5.644381,0.773142
2017-10-31,9.121207,6.045084,6.886667,0.755911
2017-11-01,3.680071,4.218391,6.170286,0.748686
2017-11-02,1.544864,0.794424,6.269143,0.729232
2017-11-03,1.017221,0.464749,6.908762,0.682543
2017-11-04,2.053077,5.172531,5.866286,0.690881
2017-11-05,0.016068,0.0,5.602095,0.675874
2017-11-06,0.31657,0.68358,4.565143,0.652529
2017-11-07,0.0,0.0,6.365333,0.637522
2017-11-08,0.0,0.0,5.945143,0.615845
2017-11-09,9.478581,21.049867,2.339238,0.718116
2017-11-10,12.420363,13.909829,2.689333,1.550174
2017-11-11,2.148406,1.303759,3.118667,1.151097
2017-11-12,3.430089,2.991023,4.05181,0.866519
2017-11-13,18.762188,25.97045,2.710667,0.95545
2017-11-14,3.921034,2.759345,3.819429,1.46569
2017-11-15,2.361899,3.159199,4.928381,1.03382
2017-11-16,0.859996,0.071814,5.512762,0.915987
2017-11-17,0.962416,2.76509,5.566286,0.822054
2017-11-18,0.004122,0.0,4.646095,0.764249
2017-11-19,1.7e-05,0.0,5.962286,0.720339
2017-11-20,1.564038,0.988747,4.516381,0.691437
2017-11-21,12.982485,13.19561,4.839238,0.837061
2017-11-22,21.002109,16.344877,5.224572,2.186029
2017-11-23,2.5204,2.856324,6.017333,2.27885
2017-11-24,1.060219,0.316702,6.038857,1.743043
2017-11-25,0.2696,0.039388,6.413143,1.304503
2017-11-26,0.005311,0.0,5.44781,1.08162
2017-11-27,0.0,0.0,5.172381,0.963787
2017-11-28,0.573806,0.112369,3.508381,0.884305
2017-11-29,5.397465,1.902637,5.480952,1.248365
2017-11-30,1.479412,2.60621,6.115048,1.092181
2017-12-01,5.913227,7.475008,5.450476,1.062167
2017-12-02,0.319254,0.906237,5.748952,0.961008
2017-12-03,0.006609,0.0293,5.477143,0.860961
2017-12-04,40.516589,32.954819,5.920381,1.229468
2017-12-05,0.015402,0.001712,3.421333,1.325068
2017-12-06,0.0,0.0,6.830095,0.920433
2017-12-07,0.000136,0.0,6.960381,0.827612
2017-12-08,6.7e-05,0.0,5.655429,0.783146
2017-12-09,0.0,0.0,6.131619,0.762581
2017-12-10,0.013676,0.0,5.809143,0.753132
2017-12-11,0.0,0.0,4.994476,0.725897
2017-12-12,0.0,0.0,6.413905,0.701441
2017-12-13,0.774267,0.183565,5.786095,0.684211
2017-12-14,0.562682,0.075753,6.922476,0.684767
2017-12-15,1.7e-05,0.0,5.753714,0.650862
2017-12-16,5.2e-05,0.0,5.627619,0.636966
2017-12-17,0.810402,1.309289,6.824953,0.637522
2017-12-18,0.076278,0.010271,5.649905,0.643636
2017-12-19,0.075199,0.012553,5.901714,0.623071
2017-12-20,8.6e-05,0.0,3.750667,0.611955
2017-12-21,0.0,0.0,5.418095,0.597503
2017-12-22,0.0,0.0,4.412,0.589166
2017-12-23,0.872965,0.399948,3.332762,0.587499
2017-12-24,0.0,0.0,5.517714,0.603617
2017-12-25,1.7e-05,0.0,5.941714,0.589722
2017-12-26,1.7e-05,0.0,6.493524,0.57138
2017-12-27,1.7e-05,0.0,5.898667,0.563043
2017-12-28,0.0,0.0,5.269333,0.550259
2017-12-29,0.0,0.0,5.697714,0.543589
2017-12-30,0.0,0.0,6.046476,0.538031
2017-12-31,0.0,0.0,4.51581,0.530805
2018-01-01,0.0,0.0,5.130476,0.52358
2018-01-02,0.0,0.0,4.234857,0.51691
2018-01-03,2.288238,1.726026,1.861333,0.520245
2018-01-04,9.704762,5.60962,2.625905,0.616401
2018-01-05,1.274853,0.502238,3.551238,0.691992
2018-01-06,17.075954,17.892714,4.119238,1.010476
2018-01-07,2.964358,2.182966,2.467048,0.853179
2018-01-08,2.791905,4.695531,5.458667,0.633632
2018-01-09,7.201685,10.131184,5.70781,0.616401
2018-01-10,5.29615,8.411338,6.216762,1.212793
2018-01-11,3.122879,5.231766,5.207619,0.848177
2018-01-12,3.347811,3.364749,5.805524,0.855958
2018-01-13,0.004435,0.0,5.924762,0.829835
2018-01-14,1.7e-05,0.0,5.398667,0.672539
2018-01-15,0.0,0.0,3.853333,0.599727
2018-01-16,20.275346,29.349262,5.340571,1.373424
2018-01-17,41.573908,53.965079,3.027619,3.811238
2018-01-18,69.18423,87.587786,4.789905,9.464454
2018-01-19,23.353294,12.151204,2.682857,32.780428
2018-01-20,0.496326,0.060929,2.970857,6.570314
2018-01-21,0.001326,0.025296,2.957905,3.880159
2018-01-22,0.008687,0.0,3.251238,2.993075
2018-01-23,0.125128,0.0,3.752,2.520075
2018-01-24,8.112801,3.869095,1.576381,2.296081
2018-01-25,8.293943,1.470653,2.344,2.251059
2018-01-26,39.000575,26.089102,3.401333,2.446707
2018-01-27,19.010015,12.62735,4.498476,5.016806
2018-01-28,1.386696,0.725052,5.086095,3.293217
2018-01-29,0.435991,0.084867,5.531048,2.620678
2018-01-30,0.709764,0.340338,5.522095,2.309976
2018-01-31,0.228776,0.42759,5.337524,2.144898
2018-02-01,0.001378,0.0,6.254286,1.992604
2018-02-02,0.0,0.0,5.752571,1.845869
2018-02-03,0.0,0.0,4.46381,1.71414
2018-02-04,64.711384,54.732886,4.212572,2.950833
2018-02-05,77.857785,71.221272,2.861143,16.29378
2018-02-06,52.728026,36.383945,3.330286,37.996772
2018-02-07,2.299072,0.483196,2.737714,15.825226
2018-02-08,6.494866,4.801466,2.993143,9.51281
2018-02-09,5.125904,2.730777,3.007619,7.476296
2018-02-10,0.854604,0.884724,5.984762,5.67267
2018-02-11,0.0,0.0,6.912762,4.657748
2018-02-12,0.000714,0.0,6.08419,4.028563
2018-02-13,0.0,0.0,5.1,3.59836
2018-02-14,0.0,0.0,6.006095,3.301554
2018-02-15,0.0,0.0,6.772381,3.063108
2018-02-16,0.642303,0.0,5.198286,2.888026
2018-02-17,16.038209,24.492083,4.744,2.733509
2018-02-18,27.682662,17.102414,6.201333,3.44829
2018-02-19,0.0,0.0,5.572381,2.930268
2018-02-20,1.809892,0.005326,5.816762,2.543419
2018-02-21,8.164094,4.144898,4.145333,2.472275
2018-02-22,57.754124,47.693261,5.068762,11.635476
2018-02-23,0.233077,0.456184,3.682476,8.501223
2018-02-24,21.270532,13.433119,2.484952,7.434054
2018-02-25,20.610063,12.046843,5.087048,6.978284
2018-02-26,15.622829,11.828897,3.853143,8.428411
2018-02-27,25.361544,14.446593,3.573333,7.203946
2018-02-28,9.74476,3.476928,4.055048,6.413018
2018-03-01,34.76957,52.476575,2.618286,12.871613
2018-03-02,7.985525,3.57787,4.801714,10.631115
2018-03-03,0.0,0.421653,4.930476,8.174403
2018-03-04,1.468132,0.0,4.830476,6.532519
2018-03-05,12.446073,10.799588,4.584762,6.761516
2018-03-06,59.107349,82.580875,3.674667,14.846988
2018-03-07,67.507961,63.787194,3.358286,35.538948
2018-03-08,121.807147,107.20411,2.087238,47.916996
2018-03-09,202.298371,200.363201,2.5,216.03334
2018-03-10,43.613901,34.666219,3.356762,104.597561
2018-03-11,3.70518,0.619977,3.188762,26.569727
2018-03-12,1.019247,0.213847,3.914667,18.183002
2018-03-13,0.307619,0.04604,5.194857,14.641335
2018-03-14,0.325458,0.159976,6.307238,12.428627
2018-03-15,0.0,0.0,6.546286,10.871783
2018-03-16,0.000246,0.0,6.022095,9.743475
2018-03-17,0.089671,0.014265,5.542667,8.892518
2018-03-18,7.338837,11.635944,3.382667,8.27445
2018-03-19,3.520223,4.880883,5.928571,8.072132
2018-03-20,6.283034,5.623754,6.052571,7.521873
2018-03-21,3.173451,0.934437,4.837143,6.897135
2018-03-22,43.591535,44.055795,2.579619,8.878067
2018-03-23,13.109929,6.530599,2.156,8.497332
2018-03-24,19.730463,22.088185,1.429905,7.817012
2018-03-25,35.777063,35.334212,2.383619,12.01232
2018-03-26,34.301656,46.576528,2.200952,17.390407
2018-03-27,93.653754,62.980298,2.019619,31.032939
2018-03-28,76.542606,96.700898,5.767619,59.315138
2018-03-29,21.40349,21.116494,5.7,51.618182
2018-03-30,0.0,0.0,5.523619,19.639799
2018-03-31,0.0,0.0,4.136191,14.734712
2018-04-01,0.075402,0.017879,2.232,12.575919
2018-04-02,2.679193,3.952132,2.912762,11.380356
2018-04-03,3.877351,3.13048,2.361143,10.254826
2018-04-04,0.051546,0.0,1.115619,9.204888
2018-04-05,4.972751,5.356875,3.673333,8.979782
2018-04-06,0.214027,0.128713,4.328572,8.094921
2018-04-07,0.582878,0.611742,4.073333,7.241186
2018-04-08,0.427173,0.065478,4.13981,6.738171
2018-04-09,1.252522,0.232313,3.241905,6.266838
2018-04-10,0.08526,0.053878,4.312,5.869429
2018-04-11,0.421371,0.073482,4.006857,5.423108
2018-04-12,2.908854,1.606259,3.297714,5.121855
2018-04-13,1.412917,0.672335,4.110857,4.932877
2018-04-14,4.21825,1.477682,3.786667,4.792811
2018-04-15,2.223943,4.558404,3.152191,4.553254
2018-04-16,1.881799,0.406854,3.417714,4.242552
2018-04-17,29.236066,10.049429,5.326286,4.556589
2018-04-18,3.469929,3.943769,3.191429,4.117493
2018-04-19,2.250229,0.535585,4.881905,3.87349
2018-04-20,0.018776,0.010271,4.387429,3.649495
2018-04-21,0.290593,0.053878,5.028381,3.50665
2018-04-22,0.0,0.0,4.761524,3.351577
2018-04-23,0.520078,0.014265,5.165905,3.239858
2018-04-24,0.0,0.0,5.184762,3.140367
2018-04-25,0.0,0.0,5.057905,3.016975
2018-04-26,0.0,0.0,5.253143,2.926933
2018-04-27,0.0,0.0,4.201333,2.851898
2018-04-28,0.0,0.0,4.535619,2.760744
2018-04-29,1.054896,0.870982,3.622857,2.712943
2018-04-30,3.519234,2.367053,4.772,2.705718
2018-05-01,1.347528,0.245334,2.279238,2.677927
2018-05-02,28.905999,30.443384,2.033143,3.318228
2018-05-03,1.639728,2.247214,3.34,3.452736
2018-05-04,1.616551,1.697285,4.174095,2.888026
2018-05-05,0.000259,0.0,4.523048,2.646801
2018-05-06,0.000415,0.0,2.609905,2.477277
2018-05-07,0.802161,0.935206,3.873524,2.37723
2018-05-08,2.754885,0.883958,3.827619,2.343325
2018-05-09,0.477902,0.126257,4.606095,2.360555
2018-05-10,0.105995,0.026826,4.044,2.264955
2018-05-11,0.002586,0.0,2.992762,2.191587
2018-05-12,0.0,0.0,0.729333,2.12211
2018-05-13,0.00508,0.001712,0.467619,2.028733
2018-05-14,0.0,0.0,2.706095,1.963146
2018-05-15,5.2e-05,0.0,4.458286,1.911455
2018-05-16,0.000417,0.0,2.080952,1.876994
2018-05-17,0.584587,0.027008,2.633905,1.869213
2018-05-18,2.343661,0.805305,1.824191,1.897004
2018-05-19,0.160112,0.0,1.653143,1.848648
2018-05-20,0.236858,0.062645,2.047238,1.778059
2018-05-21,0.13386,0.108853,1.859048,1.698577
2018-05-22,0.641101,0.162765,1.401714,1.604644
2018-05-23,0.000298,0.0,1.817143,1.491257
2018-05-24,0.0,0.0,3.095048,1.442345
2018-05-25,0.071077,0.02511,2.156,1.470136
2018-05-26,3.440493,1.550858,3.458667,1.445125
2018-05-27,5.342775,1.997832,2.472,1.488478
2018-05-28,2.644485,0.567353,2.649905,1.372868
2018-05-29,4.93396,1.365851,2.391619,1.414555
2018-05-30,0.285543,0.064485,3.029333,1.364531
2018-05-31,0.0,0.0,3.140952,1.248365
2018-06-01,5.2e-05,0.0,2.864762,1.168883
2018-06-02,0.0,0.0,3.121905,1.108855
2018-06-03,0.0,0.0,2.848381,1.07106
2018-06-04,1.7e-05,0.0,3.184,1.033264
2018-06-05,0.0,0.0,2.919048,1.00992
2018-06-06,0.000246,0.0,2.978857,0.976015
2018-06-07,8.6e-05,0.0,2.990667,0.956005
2018-06-08,0.150571,0.022845,2.363619,0.943778
2018-06-09,0.716469,0.186009,2.624762,0.964899
2018-06-10,3.198956,1.501669,3.605143,1.137758
2018-06-11,0.893238,0.003994,3.034857,1.096627
2018-06-12,0.0,0.0,3.114095,0.934884
2018-06-13,5.2e-05,0.0,3.611619,0.899312
2018-06-14,0.0,0.0,2.203429,0.885417
2018-06-15,0.061058,0.0,2.426667,0.848177
2018-06-16,5.2e-05,0.0,2.262667,0.857626
2018-06-17,0.0,0.0,0.603619,0.840396
2018-06-18,0.0,0.0,0.365905,0.805935
2018-06-19,0.0,0.0,0.634095,0.793707
2018-06-20,0.0,0.0,2.698667,0.758135
2018-06-21,0.000333,0.0,3.297333,0.746462
2018-06-22,0.000141,0.0,2.452762,0.749797
2018-06-23,6.191163,4.970811,2.486667,0.79593
2018-06-24,1.624823,0.234994,2.394095,0.932661
2018-06-25,3.722115,1.40812,1.322667,0.915431
2018-06-26,0.33356,0.077678,1.216,0.820386
2018-06-27,9.973503,3.765224,2.214857,0.834837
2018-06-28,13.054991,5.042828,2.395048,1.379538
2018-06-29,4.748034,1.182613,2.506095,1.255035
2018-06-30,6.282513,2.439406,2.739048,1.242807
2018-07-01,15.07014,12.161077,2.563429,1.498483
2018-07-02,25.574691,18.721274,2.669714,2.312755
2018-07-03,1.830275,1.81234,2.438286,3.041987
2018-07-04,0.158969,0.017316,3.369333,1.624098
2018-07-05,0.0,0.0,2.988762,1.218351
2018-07-06,8.7e-05,0.0,2.642095,1.028262
2018-07-07,0.039518,0.001712,2.042857,0.952671
2018-07-08,0.229436,0.035765,2.33181,0.923768
2018-07-09,0.001064,0.0,1.047238,0.869854
2018-07-10,5.2e-05,0.0,3.299619,0.809826
2018-07-11,0.101754,0.0,2.315048,0.797598
2018-07-12,0.017115,0.001712,2.410857,0.793151
2018-07-13,0.014431,0.0,3.246095,0.783702
2018-07-14,0.000448,0.0,3.890095,0.761469
2018-07-15,0.0,0.0,3.124952,0.747574
2018-07-16,0.0,0.0,3.368571,0.737014
2018-07-17,0.0,0.0,2.435048,0.731455
2018-07-18,0.286866,0.06513,3.084952,0.733123
2018-07-19,4.281343,7.492699,2.846667,0.767583
2018-07-20,5e-05,0.0,2.505143,0.769251
2018-07-21,0.0,0.0,2.512,0.727009
2018-07-22,0.0,0.0,4.563238,0.675874
2018-07-23,0.0,0.0,3.798286,0.660867
2018-07-24,1.400448,0.475585,4.268953,0.650306
2018-07-25,3.921615,5.021316,3.046667,0.72423
2018-07-26,0.000171,0.0,4.184,0.762025
2018-07-27,0.065493,0.012553,3.134667,0.672539
2018-07-28,0.0,0.0,3.412952,0.653641
2018-07-29,0.0,0.0,2.573524,0.637522
2018-07-30,5.2e-05,0.0,4.435238,0.623071
2018-07-31,0.0,0.0,3.858857,0.603062
2018-08-01,0.0,0.0,3.168,0.592501
2018-08-02,0.03947,0.0,3.904381,0.597503
2018-08-03,5.2e-05,0.0,3.940952,0.595836
2018-08-04,0.0,0.0,3.835048,0.589722
2018-08-05,5.2e-05,0.0,3.549143,0.579717
2018-08-06,5.2e-05,0.0,2.885714,0.57138
2018-08-07,0.0,0.0,1.552381,0.558596
2018-08-08,3.5e-05,0.0,0.489524,0.555817
2018-08-09,0.0,0.0,2.421143,0.544701
2018-08-10,1.7e-05,0.0,2.84,0.539698
2018-08-11,0.0,0.0,4.096572,0.539698
2018-08-12,0.0,0.0,4.744,0.532473
2018-08-13,0.0,0.0,2.136762,0.521912
2018-08-14,0.016198,0.031957,2.569905,0.519133
2018-08-15,0.100078,0.033876,4.010857,0.518022
2018-08-16,0.0,0.0,4.284572,0.516354
2018-08-17,0.000699,0.0,5.012,0.520801
2018-08-18,0.0,0.0,3.310095,0.505794
2018-08-19,0.0,0.0,2.577143,0.49301
2018-08-20,0.0,0.0,0.25619,0.488007
2018-08-21,5.2e-05,0.0,3.443429,0.483005
2018-08-22,0.0,0.0,3.773714,0.491898
2018-08-23,5.2e-05,0.0,4.768952,0.498012
2018-08-24,0.0,0.0,4.296381,0.495233
2018-08-25,0.000246,0.0,2.930095,0.495233
2018-08-26,0.0,0.0,4.487048,0.494677
2018-08-27,0.0,0.0,3.519048,0.484673
2018-08-28,5.2e-05,0.0,5.142667,0.464107
2018-08-29,0.0,0.0,4.781524,0.45577
2018-08-30,0.0,0.0,5.147048,0.457993
2018-08-31,0.000396,0.0,4.315048,0.446877
2018-09-01,0.0,0.0,4.358667,0.437984
2018-09-02,0.0,0.0,5.844952,0.425756
2018-09-03,0.0,0.0,3.153714,0.420754
2018-09-04,0.0,0.0,2.774857,0.400188
2018-09-05,0.000246,0.0,4.416762,0.396298
2018-09-06,0.070573,0.0,4.303048,0.407414
2018-09-07,0.142437,0.042456,4.990095,0.417974
2018-09-08,0.0,0.0,4.325334,0.425756
2018-09-09,0.0,0.0,5.094857,0.420198
2018-09-10,0.00481,0.0,4.173333,0.407414
2018-09-11,0.0,0.0,1.886857,0.404079
2018-09-12,0.0,0.0,4.851429,0.402412
2018-09-13,0.072574,0.0,4.430095,0.41853
2018-09-14,0.130642,0.0,4.661714,0.414084
2018-09-15,0.0,0.0,3.842667,0.401856
2018-09-16,0.0,0.0,3.141714,0.38796
2018-09-17,0.0,0.0,4.186095,0.385737
2018-09-18,0.0,0.0,4.757714,0.366284
2018-09-19,0.010709,0.0,3.436191,0.378511
2018-09-20,0.058873,0.001712,5.746476,0.383514
2018-09-21,0.0,0.0,4.532381,0.369618
2018-09-22,0.0,0.0,1.522857,0.350721
2018-09-23,0.01101,0.0,2.489143,0.362949
2018-09-24,0.017638,0.0,4.729905,0.365172
2018-09-25,0.011525,0.001712,3.548381,0.346274
2018-09-26,0.000333,0.0,3.578095,0.3296
2018-09-27,0.013943,0.018259,5.107048,0.330155
2018-09-28,0.0,0.0,5.252381,0.327932
2018-09-29,0.0,0.0,3.962476,0.32293
2018-09-30,0.0,0.0,5.297333,0.315148
2018-10-01,0.446103,1.369475,2.828952,0.317372
2018-10-02,0.251962,0.066609,2.321714,0.320151
2018-10-03,0.284479,0.003428,3.684,0.323486
2018-10-04,0.334767,0.07311,5.994476,0.314593
2018-10-05,1.7e-05,0.0,5.370667,0.309034
2018-10-06,0.000246,0.0,5.250667,0.298474
2018-10-07,0.000246,0.0,5.017714,0.303476
2018-10-08,0.0,0.0,5.697524,0.298474
2018-10-09,0.0,0.0,6.277714,0.290137
2018-10-10,0.000298,0.0,6.518667,0.291804
2018-10-11,0.000314,0.0,5.488,0.28569
2018-10-12,0.0,0.0,4.00381,0.281243
2018-10-13,0.442729,0.038081,4.10781,0.278464
2018-10-14,7.937504,5.019167,3.645524,0.36017
2018-10-15,0.324994,0.743391,5.738286,0.409081
2018-10-16,0.111248,0.022845,3.259429,0.334602
2018-10-17,0.511174,0.156532,4.240762,0.314037
2018-10-18,1.287649,0.571172,3.942667,0.296806
2018-10-19,1.449222,0.184161,6.064381,0.282911
2018-10-20,0.0,0.0,4.886286,0.280132
2018-10-21,0.001293,0.0,5.956,0.271795
2018-10-22,0.0,0.0,5.408,0.265681
2018-10-23,0.759302,0.487985,5.975048,0.264013
2018-10-24,0.010882,0.0,6.026667,0.265681
2018-10-25,0.000246,0.0,5.785333,0.271795
2018-10-26,0.0,0.0,5.979429,0.260678
2018-10-27,0.0,0.0,4.533143,0.252341
2018-10-28,0.0,0.0,4.004,0.240669
2018-10-29,0.0,0.0,3.563429,0.233443
2018-10-30,0.00216,0.0,6.202095,0.235111
2018-10-31,0.000125,0.0,4.819048,0.233443
2018-11-01,0.000348,0.0,4.293334,0.240669
2018-11-02,7.476183,15.438811,3.224952,0.252897
2018-11-03,1.811483,1.676566,5.070286,0.341828
2018-11-04,3.671148,3.784337,5.074095,0.378511
2018-11-05,0.13425,0.045878,6.220762,0.422977
2018-11-06,0.0,0.0,4.862095,0.320706
2018-11-07,0.0,0.0,5.183619,0.277353
2018-11-08,0.000246,0.0,4.793714,0.258455
2018-11-09,0.150392,0.082036,3.330667,0.25512
2018-11-10,1.57987,2.235991,4.768572,0.280132
2018-11-11,4.248655,7.255922,4.030095,0.322374
2018-11-12,1.12939,0.884899,4.652,0.41853
2018-11-13,0.002654,0.0,5.001905,0.345162
2018-11-14,0.107295,0.010271,5.427619,0.305144
2018-11-15,0.0,0.0,4.982667,0.276241
2018-11-16,0.013551,0.001712,6.02,0.269016
2018-11-17,0.000246,0.0,4.802095,0.262346
2018-11-18,0.000246,0.0,5.157905,0.251229
2018-11-19,0.0,0.0,3.405714,0.245671
2018-11-20,0.503884,0.355931,4.452191,0.240113
2018-11-21,0.209712,0.681085,4.439619,0.236222
2018-11-22,0.000502,0.0,4.238286,0.236222
2018-11-23,4.801735,2.704586,5.492381,0.217325
2018-11-24,0.029053,0.0,6.812952,0.220104
2018-11-25,0.003607,0.0,5.337524,0.222883
2018-11-26,0.000578,0.0,5.119429,0.208431
2018-11-27,0.001276,0.0,4.652,0.195092
2018-11-28,0.017956,0.0,1.883619,0.190089
2018-11-29,0.319262,1.21651,4.576953,0.216213
2018-11-30,0.0,0.0,3.833714,0.262902
2018-12-01,0.0,0.0,6.970857,0.215101
2018-12-02,0.0,0.0,7.319238,0.19398
2018-12-03,0.001064,0.0,6.184952,0.193424
2018-12-04,4.879777,7.536316,6.949714,0.206764
2018-12-05,2.91144,1.023976,3.755619,0.230108
2018-12-06,9.836323,17.521473,5.834476,0.289025
2018-12-07,15.612478,9.334209,4.36,0.789816
2018-12-08,13.470595,5.952514,2.154476,0.789816
2018-12-09,3.445052,1.176508,1.759619,0.664201
2018-12-10,199.923692,189.955988,2.916571,21.581824
2018-12-11,53.344505,60.872538,3.033333,53.029402
2018-12-12,23.447628,24.943551,4.195429,30.005789
2018-12-13,0.807779,0.422596,4.740953,7.302881
2018-12-14,33.581609,23.967553,4.589905,5.210786
2018-12-15,1.204222,0.636552,3.171619,4.382618
2018-12-16,49.312764,47.335372,3.118667,7.714186
2018-12-17,0.00583,0.0,5.785334,6.743729
2018-12-18,0.0,0.0,5.690857,4.20698
2018-12-19,0.0,0.0,6.174476,3.31934
2018-12-20,0.010035,0.0,6.342667,2.888582
2018-12-21,0.000469,0.0,6.456,2.606782
2018-12-22,0.011512,0.0,6.418286,2.317757
2018-12-23,0.791553,0.600152,5.101714,2.082091
2018-12-24,50.391142,59.795142,3.066286,3.600028
2018-12-25,30.20881,24.418064,2.606286,17.383181
2018-12-26,5.98963,1.5051,3.342857,6.798199
2018-12-27,13.132022,4.29521,3.928952,4.932877
2018-12-28,9.038181,7.042981,2.754476,4.959001
2018-12-29,14.686176,5.847584,2.640952,4.133056
2018-12-30,60.161442,63.150979,2.017333,8.532905
2018-12-31,6.774098,6.304375,2.596191,12.97444
2019-01-01,0.420035,0.247791,4.554286,7.374582
2019-01-02,2.200735,3.174452,5.628762,5.491473
2019-01-03,0.308674,0.024561,5.509905,4.588826
2019-01-04,0.001802,0.0,6.040762,3.911841
2019-01-05,0.99385,1.783961,4.344952,3.660056
2019-01-06,3.079641,7.503411,6.711619,3.378812
2019-01-07,0.055391,0.04832,5.728572,3.088676
2019-01-08,0.002805,0.0,5.905714,2.878021
2019-01-09,1.151101,0.359366,6.291048,2.674036
2019-01-10,0.013382,0.0,4.740191,2.429477
2019-01-11,22.44194,26.595369,3.130667,2.744625
2019-01-12,19.354909,18.710832,4.427429,3.559453
2019-01-13,1.797258,0.859971,4.427238,3.535553
2019-01-14,18.778735,19.857872,4.36781,2.888582
2019-01-15,38.033876,23.65421,3.219619,5.837192
2019-01-16,10.873194,6.084502,5.736952,5.552057
2019-01-17,0.157282,0.012553,6.325334,4.45543
2019-01-18,0.604959,0.730407,3.800381,3.67284
2019-01-19,11.960737,11.340162,2.503238,3.750098
2019-01-20,0.865893,0.049464,5.131238,3.695628
2019-01-21,5.736802,4.161266,4.462857,3.390485
2019-01-22,5.466914,4.718977,4.219048,3.256533
2019-01-23,8.338501,4.610392,4.531048,3.673396
2019-01-24,13.54186,9.02551,3.34781,4.880075
2019-01-25,9.383663,10.275982,3.629714,4.410409
2019-01-26,58.696529,79.534257,1.82419,26.979364
2019-01-27,51.463015,48.554826,2.160762,32.847126
2019-01-28,52.008517,43.813813,2.928,55.620622
2019-01-29,30.609167,25.73787,3.070857,33.369594
2019-01-30,10.756782,8.426059,2.830667,18.733261
2019-01-31,44.972861,32.329274,2.602286,18.146318
2019-02-01,27.512794,28.374611,1.330095,19.037293
2019-02-02,19.690253,13.988895,3.128572,19.260731
2019-02-03,37.829998,52.444539,2.960762,31.513165
2019-02-04,36.805539,35.107188,1.99619,22.24936
2019-02-05,21.280013,17.39956,3.225905,19.538084
2019-02-06,40.491235,44.89133,2.465905,32.912712
2019-02-07,42.59885,46.763383,2.616762,48.413896
2019-02-08,48.579909,67.00545,2.491619,48.975828
2019-02-09,36.10059,31.730628,3.548191,37.507097
2019-02-10,3.145448,2.766809,7.181524,20.2323
2019-02-11,0.138451,0.08601,6.677143,15.125452
2019-02-12,0.0,0.0,5.087619,12.587591
2019-02-13,1.7e-05,0.0,5.558286,10.833432
2019-02-14,0.0,0.0,5.861333,9.601741
2019-02-15,0.007545,0.0,7.130095,8.68242
2019-02-16,0.007227,0.0,5.434667,7.972085
2019-02-17,0.000921,0.001712,6.062476,7.28176
2019-02-18,8.807576,8.110826,6.522476,7.559669
2019-02-19,0.728263,0.442026,7.816,6.462486
2019-02-20,1.344944,0.419525,5.299619,5.910004
2019-02-21,0.0,0.0,4.52781,5.437559
2019-02-22,0.0,0.0,5.03181,5.043485
2019-02-23,0.227545,0.609838,5.710286,4.762797
2019-02-24,11.357574,17.883573,4.046476,4.763909
2019-02-25,9.316609,5.604344,4.457333,5.018473
2019-02-26,3.568568,2.973486,3.279048,4.634403
2019-02-27,3.692645,1.568332,4.892572,4.335374
2019-02-28,11.180082,9.370412,4.467238,4.361497
2019-03-01,11.374552,8.688363,3.119048,4.498784
2019-03-02,9.882664,6.01918,2.587429,4.865067
2019-03-03,4.19934,1.397823,3.170667,4.453763
2019-03-04,3.424509,1.318265,3.089333,4.081921
2019-03-05,2.155538,1.746074,5.443048,3.954083
2019-03-06,0.227792,0.086252,5.100762,3.696184
2019-03-07,16.030861,12.10866,5.257714,3.780668
2019-03-08,1.784674,0.714847,3.545143,3.553895
2019-03-09,20.404466,17.60812,4.553143,3.653942
2019-03-10,12.15393,6.208342,5.028381,3.646716
2019-03-11,2.602223,1.736342,6.6,3.893499
2019-03-12,0.0,0.0,5.365333,3.451624
2019-03-13,0.002866,0.0,6.652,3.211511
2019-03-14,0.000893,0.0,5.973714,3.067555
2019-03-15,0.969016,0.299584,5.910286,2.968619
2019-03-16,0.334526,0.0,6.118667,2.897475
2019-03-17,4.275039,1.963033,5.497333,2.840781
2019-03-18,3.035257,1.380491,3.353524,3.432727
2019-03-19,39.623469,33.296005,3.019429,5.954469
2019-03-20,17.237751,29.109306,3.944952,7.45851
2019-03-21,12.892755,14.189115,2.191238,10.680582
2019-03-22,23.342984,32.530663,1.558667,8.855279
2019-03-23,19.274684,14.887234,3.679048,10.676692
2019-03-24,10.754777,19.388132,4.550476,10.397671
2019-03-25,24.182649,24.24245,5.08781,11.322551
2019-03-26,6.976706,7.451181,4.880191,10.235929
2019-03-27,7.556702,12.299924,3.425143,10.021939
2019-03-28,9.177511,3.590433,4.649524,9.989146
2019-03-29,45.959857,27.327933,3.18381,8.745227
2019-03-30,0.690028,1.327751,3.741143,7.695288
2019-03-31,17.453867,10.983777,4.094857,7.151143
2019-04-01,7.799124,14.218419,3.961333,6.323532
2019-04-02,26.144805,19.530498,2.388952,6.582542
2019-04-03,7.205631,2.366441,2.870857,6.68648
2019-04-04,11.0266,8.918257,2.92,6.480272
2019-04-05,2.611488,1.66529,4.230857,5.936127
2019-04-06,7.930166,6.440711,2.851619,5.789947
2019-04-07,10.313759,5.412892,2.542095,5.726028
2019-04-08,1.162124,0.24434,4.362476,5.459792
2019-04-09,2.744671,2.782819,4.370667,4.970673
2019-04-10,5.624191,3.580517,4.148571,5.055713
2019-04-11,0.8379,0.27136,4.381333,4.597719
2019-04-12,2.715292,1.276718,4.267619,4.329816
2019-04-13,0.392303,0.0569,1.390095,4.283683
2019-04-14,2.804526,0.855394,2.144381,4.023004
2019-04-15,4.364007,3.106233,3.553143,3.919067
2019-04-16,2.111345,0.577294,5.0,3.806792
2019-04-17,3.541977,2.446043,4.08,3.774554
2019-04-18,2.574446,0.948885,4.084952,3.810127
2019-04-19,5.187621,3.401495,3.026095,3.567234
2019-04-20,1.934109,0.14761,3.267619,3.590023
2019-04-21,0.000372,0.0,4.258667,3.358247
2019-04-22,0.203257,0.044324,4.168572,3.292105
2019-04-23,5.045649,2.909481,2.611238,3.183165
2019-04-24,2.534953,2.439578,2.676762,3.173716
2019-04-25,8.384648,7.940512,3.99181,3.128695
2019-04-26,2.053142,2.278251,4.148762,3.33268
2019-04-27,0.324851,0.0,3.213905,3.026424
2019-04-28,12.667262,6.634028,2.317714,3.228742
2019-04-29,6.200843,2.913664,2.090476,3.374922
2019-04-30,5.195614,4.340304,2.325905,3.048657
2019-05-01,9.985063,6.636496,2.596762,3.446622
2019-05-02,10.797346,11.903439,4.516381,4.153622
2019-05-03,9.334202,8.402294,2.735619,4.496561
2019-05-04,3.051097,1.712535,2.758857,5.194667
2019-05-05,0.02141,0.0,3.070667,3.990767
2019-05-06,0.302959,0.20701,2.335619,3.573348
2019-05-07,0.082671,0.0,3.879238,3.314893
2019-05-08,1.227065,0.555401,4.128381,3.147037
2019-05-09,0.964345,0.923546,4.441333,3.022534
2019-05-10,0.091207,0.0,1.704,2.978068
2019-05-11,0.00035,0.0,0.234095,2.885803
2019-05-12,0.0,0.0,0.249905,2.741846
2019-05-13,0.000316,0.0,1.912381,2.627348
2019-05-14,1.93505,0.56855,1.446286,2.552312
2019-05-15,16.790143,7.326047,1.469905,2.640131
2019-05-16,21.039918,8.293129,1.987048,3.223739
2019-05-17,5.068925,0.861283,1.996571,3.038652
2019-05-18,2.108571,0.874664,2.348381,2.833
2019-05-19,3.275999,0.803246,2.252571,2.859123
2019-05-20,3.215833,1.006407,3.046667,2.785756
2019-05-21,2.723802,0.416295,2.339048,2.756853
2019-05-22,11.234749,5.262806,1.91619,2.769081
2019-05-23,9.24242,4.313465,2.062667,3.303777
2019-05-24,1.041471,0.096548,2.543429,3.184832
2019-05-25,0.605037,0.0992,1.879619,2.894696
2019-05-26,15.616561,12.41577,2.46381,2.919152
2019-05-27,11.536523,11.961106,1.744191,3.707856
2019-05-28,1.019608,0.702205,2.718667,3.577795
2019-05-29,0.294276,0.075189,3.325714,3.19039
2019-05-30,0.075283,0.0,2.817714,2.998078
2019-05-31,1.122506,0.530043,1.076952,2.877465
2019-06-01,6.543043,7.746371,1.711048,2.925266
2019-06-02,1.064914,0.998821,1.318857,2.835223
2019-06-03,7.015039,2.204334,0.609143,2.681818
2019-06-04,0.0,0.0,0.625333,2.513405
2019-06-05,0.0,0.0,0.3,2.328874
2019-06-06,0.0,0.0,0.192762,2.214931
2019-06-07,0.639221,0.314613,1.628762,2.177136
2019-06-08,11.777303,7.246603,2.1,2.326095
2019-06-09,5.782297,3.039016,1.681524,2.34666
2019-06-10,5.194029,2.300295,1.54781,2.440593
2019-06-11,1.316842,0.490239,2.809524,2.528412
2019-06-12,2.114475,1.309267,2.56781,2.261064
2019-06-13,3.121916,0.544535,1.794476,2.380565
2019-06-14,4.74777,2.820684,2.681333,2.345548
2019-06-15,1.209808,1.025112,2.898476,2.348883
2019-06-16,0.937695,0.768926,2.595048,2.199368
2019-06-17,0.0,0.0,2.582476,2.092096
2019-06-18,0.0,0.0,2.732952,2.014281
2019-06-19,0.0,0.0,4.013333,1.954809
2019-06-20,0.0,0.0,3.505524,1.905897
2019-06-21,0.0,0.0,2.260381,1.839755
2019-06-22,0.0,0.0,2.242286,1.755271
2019-06-23,0.254766,0.261089,2.763429,1.714696
2019-06-24,0.0,0.0,2.167238,1.679679
2019-06-25,0.007764,0.0,3.390857,1.625765
2019-06-26,0.30215,0.054283,1.076,1.612426
2019-06-27,0.407426,0.063194,1.3,1.582967
2019-06-28,4.940569,2.83289,1.0,1.560179
2019-06-29,15.623947,4.906967,1.865524,2.227159
2019-06-30,1.661027,0.607158,3.075048,2.144898
2019-07-01,0.0,0.0,2.694286,1.725256
2019-07-02,1.716607,0.593881,1.855619,1.658003
2019-07-03,0.0,0.0,3.613905,1.606867
2019-07-04,0.139814,0.014265,2.379619,1.552953
2019-07-05,17.515013,10.18889,1.828571,1.570739
2019-07-06,3.805264,1.435987,1.315238,1.910899
2019-07-07,5.199831,3.774422,1.472191,1.66634
2019-07-08,2.940887,2.223968,1.32419,1.570183
2019-07-09,21.087755,16.138799,2.246667,2.174912
2019-07-10,0.131486,0.123777,2.563048,2.627348
2019-07-11,0.303424,0.061079,3.401524,1.907009
2019-07-12,6.785696,8.165477,2.722286,1.806962
2019-07-13,0.252731,0.303158,3.305714,1.698021
2019-07-14,0.0,0.0,2.501333,1.591304
2019-07-15,5.2e-05,0.0,0.690476,1.494592
2019-07-16,0.0,0.0,1.388762,1.42845
2019-07-17,0.0,0.0,2.978857,1.385652
2019-07-18,0.0,0.0,2.236381,1.368422
2019-07-19,0.0,0.0,3.617143,1.32618
2019-07-20,0.0,0.0,3.135238,1.292275
2019-07-21,0.0,0.0,1.719429,1.266707
2019-07-22,0.0,0.0,2.912,1.261705
2019-07-23,1.66599,0.480904,2.112381,1.246698
2019-07-24,3.021157,3.140147,3.483619,1.408441
2019-07-25,0.002664,0.001712,2.384381,1.257258
2019-07-26,0.0,0.0,2.524952,1.19056
2019-07-27,0.070296,0.010271,3.362667,1.21446
2019-07-28,0.364356,0.023014,2.526857,1.176665
2019-07-29,1.039022,0.247415,3.048952,1.170551
2019-07-30,0.016895,0.001712,1.894857,1.142204
2019-07-31,0.000402,0.001712,2.420762,1.109411
2019-08-01,0.0,0.0,2.582286,1.086623
2019-08-02,0.665128,0.079783,2.383238,1.083843
2019-08-03,2.868527,1.478829,1.710667,1.076618
2019-08-04,7.281869,5.173657,2.110095,1.278935
2019-08-05,0.908088,0.107595,2.017714,1.323401
2019-08-06,0.529094,0.210797,2.493905,1.153321
2019-08-07,0.059066,0.02511,2.944762,1.096627
2019-08-08,0.232945,0.064737,3.768952,1.058832
2019-08-09,0.003566,0.0,4.409333,0.99658
2019-08-10,0.0,0.0,1.025333,0.925991
2019-08-11,0.0,0.0,0.984381,0.888196
2019-08-12,0.0,0.0,2.328381,0.877635
2019-08-13,0.0,0.0,3.363048,0.87041
2019-08-14,5.2e-05,0.0,4.311238,0.888196
2019-08-15,0.0,0.0,3.115048,0.884861
2019-08-16,1.655988,1.779582,4.132381,0.886528
2019-08-17,0.907388,0.3011,2.964572,0.985464
2019-08-18,0.213473,0.083969,4.097524,0.923768
2019-08-19,0.0,0.0,3.390857,0.890419
2019-08-20,0.0,0.0,3.360381,0.849844
2019-08-21,5.2e-05,0.0,2.955048,0.804267
2019-08-22,0.0,0.0,4.736952,0.790928
2019-08-23,0.0,0.0,2.564952,0.788149
2019-08-24,5.2e-05,0.0,2.027238,0.732567
2019-08-25,0.072764,0.001712,3.044762,0.710334
2019-08-26,0.356083,0.166642,4.120762,0.706999
2019-08-27,8.4e-05,0.0,4.220191,0.682543
2019-08-28,0.0,0.0,3.866667,0.659755
2019-08-29,0.0,0.0,4.530857,0.647527
2019-08-30,0.032346,0.001712,5.244,0.634743
2019-08-31,0.0,0.0,4.244762,0.634743
2019-09-01,5.2e-05,0.0,5.031048,0.624738
2019-09-02,0.0,0.0,4.168953,0.598615
2019-09-03,0.0,0.0,3.354286,0.579161
2019-09-04,0.0,0.0,2.473143,0.562487
2019-09-05,0.0,0.0,2.153143,0.544145
2019-09-06,0.0,0.0,1.911429,0.526359
2019-09-07,0.0,0.0,3.448191,0.521356
2019-09-08,0.0,0.0,0.108952,0.518577
2019-09-09,0.0,0.0,2.136571,0.514687
2019-09-10,0.0,0.0,2.12419,0.506349
2019-09-11,5.2e-05,0.0,4.543619,0.498568
2019-09-12,5e-05,0.0,2.697905,0.508573
2019-09-13,0.131527,0.02511,2.191619,0.513575
2019-09-14,0.0,0.0,3.613333,0.502459
2019-09-15,0.0,0.0,4.732572,0.485228
2019-09-16,0.0,0.0,4.243048,0.483561
2019-09-17,0.0,0.0,4.936762,0.480226
2019-09-18,0.0,0.0,3.790095,0.484117
2019-09-19,0.0,0.0,4.029143,0.471889
2019-09-20,0.001683,0.0,3.998667,0.468554
2019-09-21,0.028839,0.003428,2.489714,0.474112
2019-09-22,0.653118,1.363384,3.615619,0.471333
2019-09-23,0.537956,0.681287,2.543619,0.464107
2019-09-24,0.0,0.0,4.597714,0.471889
2019-09-25,0.0,0.0,4.126667,0.467442
2019-09-26,0.1074,0.011987,2.630095,0.460772
2019-09-27,0.100022,0.029713,4.621524,0.45577
2019-09-28,0.0,0.0,4.736952,0.459661
2019-09-29,0.0,0.0,5.690286,0.45577
2019-09-30,1.7e-05,0.0,3.189333,0.440763
2019-10-01,0.0,0.0,4.520572,0.434093
2019-10-02,1.301674,3.150639,3.628952,0.421865
2019-10-03,2.12843,1.814753,1.40781,0.461328
2019-10-04,1.27524,1.494635,2.565333,0.50357
2019-10-05,0.003525,0.0,3.318857,0.495789
2019-10-06,0.003557,0.0,3.263429,0.439096
2019-10-07,0.0,0.0,5.603238,0.419642
2019-10-08,5.2e-05,0.0,5.129524,0.413528
2019-10-09,0.0,0.0,5.482095,0.404079
2019-10-10,0.0,0.0,5.362857,0.388516
2019-10-11,0.0,0.0,4.084,0.392407
2019-10-12,0.0,0.0,5.290667,0.397965
2019-10-13,0.0,0.0,5.772762,0.396298
2019-10-14,0.000562,0.0,5.777714,0.385181
2019-10-15,0.0,0.0,5.309714,0.380179
2019-10-16,0.0,0.0,5.168,0.379623
2019-10-17,0.000562,0.0,3.886667,0.374621
2019-10-18,0.257182,0.0,4.981524,0.369618
2019-10-19,3.9e-05,0.0,4.555238,0.363504
2019-10-20,0.0,0.0,4.804191,0.348497
2019-10-21,0.0,0.0,4.489333,0.344051
2019-10-22,7.002277,6.261651,3.503619,0.364616
2019-10-23,0.358875,0.765671,2.695048,0.415751
2019-10-24,3.033227,2.433635,3.826667,0.404635
2019-10-25,0.6912,0.945648,3.490667,0.464107
2019-10-26,0.001177,0.0,4.468953,0.420198
2019-10-27,3.5e-05,0.0,5.152571,0.409637
2019-10-28,0.129481,0.02511,5.112572,0.388516
2019-10-29,0.00139,0.0,1.526667,0.366284
2019-10-30,0.017377,0.005326,2.825524,0.361837
2019-10-31,0.1591,0.031383,3.137714,0.361281
2019-11-01,0.924284,1.812545,5.667238,0.376844
2019-11-02,0.662892,2.286211,4.297524,0.381291
2019-11-03,0.185606,0.09596,4.688381,0.373509
2019-11-04,0.0,0.0,5.344381,0.354056
2019-11-05,0.007184,0.0,5.664,0.346274
2019-11-06,0.0,0.0,5.688,0.335714
2019-11-07,0.000316,0.0,6.270095,0.325153
2019-11-08,0.0,0.0,5.959048,0.319039
2019-11-09,0.0,0.0,3.311048,0.30959
2019-11-10,0.0,0.0,4.171048,0.308479
2019-11-11,0.000316,0.0,7.763429,0.295139
2019-11-12,0.000316,0.0,5.287048,0.294027
2019-11-13,0.000316,0.0,5.950667,0.293471
2019-11-14,0.0,0.0,5.753905,0.290692
2019-11-15,0.000316,0.0,5.267238,0.291804
2019-11-16,0.0,0.0,6.249524,0.290137
2019-11-17,0.0,0.0,5.362095,0.284578
2019-11-18,0.0,0.0,5.500191,0.286802
2019-11-19,0.000316,0.0,5.590095,0.284578
2019-11-20,0.0,0.0,5.212,0.282355
2019-11-21,0.000645,0.0,5.516381,0.282355
2019-11-22,0.000246,0.0,4.501143,0.276797
2019-11-23,0.0,0.0,6.682286,0.278464
2019-11-24,0.000316,0.0,5.371619,0.275129
2019-11-25,0.040073,0.03788,4.32781,0.279576
2019-11-26,0.036523,0.038071,4.656381,0.280132
2019-11-27,0.0,0.0,5.300381,0.284578
2019-11-28,0.0,0.0,5.409905,0.284578
2019-11-29,0.000316,0.0,4.783238,0.277353
2019-11-30,0.03109,0.02511,4.330476,0.273462
2019-12-01,0.000631,0.0,5.602286,0.277909
2019-12-02,1.969872,2.267222,6.229333,0.287913
2019-12-03,0.0,0.0,4.999429,0.28569
2019-12-04,0.0,0.0,8.196572,0.272906
2019-12-05,0.0,0.0,5.868572,0.263457
2019-12-06,0.000435,0.042825,7.376381,0.260678
2019-12-07,19.137695,18.122974,7.094857,0.351276
2019-12-08,0.09431,0.060904,3.722286,0.568601
2019-12-09,0.000246,0.0,3.455619,0.318483
2019-12-10,1.984792,1.021113,3.542857,0.281243
2019-12-11,9.443071,10.260294,5.501714,0.411305
2019-12-12,1.452935,0.525475,7.519048,0.415195
2019-12-13,0.141734,0.064551,5.913524,0.345718
2019-12-14,0.000679,0.0,4.896381,0.32682
2019-12-15,4.182634,7.643965,4.956762,0.349053
2019-12-16,0.129719,0.023394,7.702476,0.449656
2019-12-17,0.0,0.0,5.680762,0.331267
2019-12-18,0.000153,0.0,3.970476,0.304588
2019-12-19,0.203378,0.654604,3.362286,0.294583
2019-12-20,0.286542,0.093064,4.354286,0.29236
2019-12-21,2.687299,4.872305,5.436191,0.294583
2019-12-22,0.998992,2.543977,6.004572,0.378511
2019-12-23,0.792381,0.477461,6.096381,0.375732
2019-12-24,0.000804,0.0,6.169333,0.324597
2019-12-25,0.0,0.0,4.64,0.306811
2019-12-26,0.469208,0.16398,5.529714,0.294583
2019-12-27,7.563423,10.934623,4.228762,0.308479
2019-12-28,3.671122,2.320342,5.668381,0.594724
2019-12-29,3.659827,1.185454,4.205334,0.4491
2019-12-30,6.895746,6.757113,5.398667,0.465219
2019-12-31,0.000625,0.0,6.45581,0.420754
2020-01-01,0.0,0.0,4.522857,0.3535
2020-01-02,0.000662,0.0,4.79181,0.325709
2020-01-03,0.208149,0.060904,5.066286,0.311813
2020-01-04,6.707688,11.778234,3.472,0.361837
2020-01-05,13.39019,21.115979,6.386667,1.374536
2020-01-06,0.083116,0.0,5.542286,0.874856
2020-01-07,0.212055,0.092317,5.462095,0.468554
2020-01-08,9.009483,15.285882,6.655048,0.436872
2020-01-09,32.60516,35.194856,4.668572,4.174187
2020-01-10,0.124293,0.003428,6.500762,1.576297
2020-01-11,4.626436,9.817457,4.840381,0.732011
2020-01-12,1.223774,0.15807,5.880381,0.611399
2020-01-13,0.004189,0.0,5.723619,0.483561
2020-01-14,1.619836,0.65842,6.680952,0.407414
2020-01-15,2.017799,2.843741,5.196381,0.533029
2020-01-16,0.001607,0.0,5.463619,0.529694
2020-01-17,13.467731,8.432482,5.995429,0.437428
2020-01-18,0.47354,0.001712,6.184,0.506349
2020-01-19,0.029507,0.001712,6.506476,0.389072
2020-01-20,2.672747,0.697521,4.913524,0.362393
2020-01-21,6.996267,6.520341,4.796762,0.355167
2020-01-22,3.526557,0.907987,6.726095,0.828723
2020-01-23,0.310755,2.016711,6.624191,0.688102
2020-01-24,5.547158,3.349118,3.586857,0.590834
2020-01-25,29.591724,16.178427,3.068571,0.505238
2020-01-26,28.682548,18.784332,2.865905,1.036599
2020-01-27,20.759172,15.776676,3.152,2.128224
2020-01-28,25.035238,33.991623,4.084191,5.612642
2020-01-29,26.405357,31.7649,3.715048,3.789561
2020-01-30,10.831417,14.267561,3.342667,7.715854
2020-01-31,22.53974,23.947928,3.93219,6.730946
2020-02-01,3.051877,2.579191,3.822857,4.632736
2020-02-02,16.419524,23.568669,5.950476,3.789005
2020-02-03,10.012829,14.714993,6.491048,4.691097
2020-02-04,0.087452,0.012553,6.019238,3.332124
2020-02-05,0.013127,0.012553,6.338857,2.380565
2020-02-06,0.000273,0.0,4.356762,1.869769
2020-02-07,0.0,0.0,7.296,1.480141
2020-02-08,2.011103,2.849482,5.283619,1.431229
2020-02-09,0.018328,0.0,3.18,1.183335
2020-02-10,22.053631,10.556938,5.976952,1.11886
2020-02-11,2.77889,1.605653,7.535429,1.283938
2020-02-12,0.073631,0.007041,5.325905,1.054941
2020-02-13,0.0,0.0,5.334286,0.867631
2020-02-14,0.0,0.0,4.252572,0.7787
2020-02-15,0.022061,0.005326,4.46381,0.719227
2020-02-16,5.687342,11.609676,4.723619,0.723118
2020-02-17,22.026922,17.881608,6.909143,1.197786
2020-02-18,3.419472,1.574464,7.090095,1.244475
2020-02-19,2.89662,1.803912,5.975619,0.908761
2020-02-20,0.013778,0.0,5.250286,0.796486
2020-02-21,0.048291,0.026826,5.180381,0.714225
2020-02-22,4.443235,4.280898,2.448762,0.728676
2020-02-23,23.985327,22.295778,2.897333,0.940443
2020-02-24,33.337044,40.539019,3.224762,3.52666
2020-02-25,17.319853,20.782374,4.756,6.180131
2020-02-26,48.174524,61.558641,4.61981,9.701232
2020-02-27,8.255575,3.09063,5.482667,4.703325
2020-02-28,39.263052,35.267963,6.457333,9.747921
2020-02-29,6.310376,7.505094,6.898667,6.130107
2020-03-01,0.079433,0.108543,4.64,4.128054
2020-03-02,0.103767,0.014265,5.507619,3.227074
2020-03-03,2.830169,1.516378,6.040762,2.69349
2020-03-04,0.0,0.0,5.448571,2.221045
2020-03-05,0.016001,0.02511,5.548381,1.903674
2020-03-06,25.560725,34.560925,4.455238,2.207706
2020-03-07,3.888624,5.378431,5.528762,3.324342
2020-03-08,8.99042,6.135559,4.133143,2.525077
2020-03-09,42.096332,43.73688,6.033143,6.875458
2020-03-10,1.218566,0.164923,4.545333,4.902307
2020-03-11,26.82271,31.993647,1.943048,4.932321
2020-03-12,28.618335,17.725461,3.208381,5.505925
2020-03-13,0.270305,0.103335,4.451238,5.42144
2020-03-14,0.027186,0.14664,3.43181,3.972425
2020-03-15,0.0,0.0,6.143048,3.317673
2020-03-16,0.000246,0.0,4.810476,2.920819
2020-03-17,3.69098,3.020347,4.026667,2.64569
2020-03-18,3.489766,4.719009,4.029524,2.719057
2020-03-19,6.432985,5.203598,2.600762,2.457268
2020-03-20,3.620032,1.984304,3.072,2.482279
2020-03-21,4.121665,4.638561,3.921905,2.279406
2020-03-22,2.721682,4.371583,3.327619,2.117108
2020-03-23,4.376196,3.028901,4.357714,2.134338
2020-03-24,1.013769,0.792881,3.968762,2.0065
2020-03-25,7.624678,7.838801,3.019048,2.038181
2020-03-26,2.719812,2.482629,3.028952,2.211041
2020-03-27,15.156842,18.97176,3.77181,2.036514
2020-03-28,7.560962,5.099759,3.271619,3.073669
2020-03-29,26.458983,19.318778,3.078286,3.283212
2020-03-30,11.510936,4.441835,3.932762,3.48275
2020-03-31,1.842336,0.790014,3.255619,3.019755
2020-04-01,1.450093,1.03724,5.071429,2.657918
2020-04-02,3.347733,2.191368,4.434095,2.473386
2020-04-03,0.490915,0.200347,4.126476,2.258841
2020-04-04,0.0,0.0,3.856,2.043184
2020-04-05,3.832928,1.919953,3.945333,1.872548
2020-04-06,2.369847,3.531572,4.744,1.937579
2020-04-07,0.737085,0.745996,3.403619,1.640772
2020-04-08,1.30176,2.472349,4.812572,1.715252
2020-04-09,0.067422,0.012553,3.892762,1.543504
2020-04-10,0.698772,0.217654,4.389714,1.437343
2020-04-11,0.0,0.0,5.064381,1.394545
2020-04-12,0.0,0.0,5.038476,1.327847
2020-04-13,0.0,0.0,5.102476,1.273377
2020-04-14,0.037258,0.0,4.640381,1.229468
2020-04-15,6.106194,3.867002,3.084,1.233914
2020-04-16,2.404619,0.483248,3.258286,1.194451
2020-04-17,51.808278,61.021995,3.484762,2.755741
2020-04-18,7.502926,6.442061,5.107238,5.759933
2020-04-19,9.665956,6.831,2.98,3.370475
2020-04-20,0.004853,0.0,5.128762,2.729062
2020-04-21,2.128698,1.493491,4.560762,2.269957
2020-04-22,0.520686,0.208147,5.316762,2.024842
2020-04-23,0.082199,0.014265,4.225333,1.828083
2020-04-24,0.039334,0.001712,3.623238,1.701356
2020-04-25,0.0004,0.0,2.795619,1.604088
2020-04-26,0.058824,0.081676,2.081143,1.497371
2020-04-27,7.202431,2.197462,3.239429,1.547951
2020-04-28,0.140619,0.069482,4.328762,1.442901
2020-04-29,3.566908,2.184316,4.362095,1.384541
2020-04-30,0.044803,0.02511,3.356952,1.418445
2020-05-01,0.0,0.0,3.902286,1.307838
2020-05-02,0.0,0.0,0.421143,1.258926
2020-05-03,0.0,0.0,2.421524,1.201121
2020-05-04,0.0,0.0,1.774095,1.167772
2020-05-05,5.2e-05,0.0,2.283048,1.1322
2020-05-06,3.361319,0.731539,1.659619,1.11219
2020-05-07,5.96649,5.344538,1.276952,1.099962
2020-05-08,4.275428,2.782426,2.987619,1.221686
2020-05-09,5.8291,5.773278,2.585333,1.157211
2020-05-10,3.520943,4.443188,3.970667,1.31951
2020-05-11,0.000134,0.0,3.642286,1.162769
2020-05-12,1.550742,0.722037,2.512762,1.072727
2020-05-13,3.929714,2.579405,2.656,1.058276
2020-05-14,7.111788,4.754651,3.030286,1.311173
2020-05-15,2.70021,1.319361,2.860381,1.304503
2020-05-16,0.342,0.048318,2.431048,1.171107
2020-05-17,2.971905,1.828017,1.41981,1.124974
2020-05-18,2.297924,0.737279,2.176,1.134979
2020-05-19,19.652803,9.355769,1.791429,1.390099
2020-05-20,42.239016,24.731201,0.874857,3.660056
2020-05-21,89.257573,87.067192,1.689333,14.400666
2020-05-22,1.625246,2.349854,1.383619,7.982646
2020-05-23,20.513253,21.706066,0.92781,4.821158
2020-05-24,13.756564,16.799184,1.064,5.615421
2020-05-25,0.001423,0.0,2.550095,4.329816
2020-05-26,0.067137,0.012553,2.330095,3.555562
2020-05-27,0.316349,0.230055,3.030095,3.19039
2020-05-28,0.0,0.0,3.253333,2.997522
2020-05-29,1.7e-05,0.0,3.171429,2.749627
2020-05-30,0.0,0.0,2.623619,2.524521
2020-05-31,0.91846,0.978593,2.797714,2.365002
2020-06-01,1.979849,1.721706,2.777524,2.388902
2020-06-02,0.085962,0.010271,3.336762,2.150457
2020-06-03,0.083106,0.0,2.232952,1.957588
2020-06-04,0.000121,0.0,0.472,1.822524
2020-06-05,1.646124,0.127218,2.826857,1.753047
2020-06-06,2.827892,0.574258,2.327048,1.761385
2020-06-07,3.751336,1.244539,1.288952,1.78195
2020-06-08,3.09835,2.561885,1.928,1.840866
2020-06-09,4.629823,2.996336,1.772762,1.745266
2020-06-10,2.423162,1.397472,1.785333,1.800292
2020-06-11,0.351291,0.24432,2.453524,1.650221
2020-06-12,0.091847,0.011987,2.004,1.542393
2020-06-13,2.328265,1.971035,2.180762,1.510711
2020-06-14,4.938211,5.551763,2.116381,1.864211
2020-06-15,9.062372,5.699735,1.887619,2.094875
2020-06-16,4.415327,1.744132,2.287048,1.983711
2020-06-17,0.434967,0.259016,2.383429,1.763052
2020-06-18,2.188551,0.791372,1.1,1.613537
2020-06-19,3.415891,0.613538,1.474476,1.645219
2020-06-20,0.975422,0.438347,1.354286,1.599642
2020-06-21,6.642712,3.201485,2.181143,1.582967
2020-06-22,0.001254,0.0,3.457333,1.650777
2020-06-23,0.0001,0.0,2.478857,1.487922
2020-06-24,0.0,0.0,2.611238,1.403994
2020-06-25,0.001151,0.0,1.338286,1.344522
2020-06-26,0.0,0.0,2.731048,1.327847
2020-06-27,0.0,0.0,2.110667,1.293942
2020-06-28,0.080069,0.008559,2.312571,1.25837
2020-06-29,5.995526,4.456332,2.178286,1.272265
2020-06-30,18.497093,25.416341,2.038857,1.941469
2020-07-01,14.812902,6.895404,1.111238,1.657447
2020-07-02,24.263393,15.796714,1.838286,3.577795
2020-07-03,1.115169,0.359213,2.959429,3.44829
2020-07-04,0.000499,0.001712,3.262286,2.30553
2020-07-05,6.7e-05,0.0,2.958667,1.915346
2020-07-06,0.000437,0.0,2.502667,1.711917
2020-07-07,0.023696,0.001712,2.046667,1.594639
2020-07-08,2.894332,2.849487,2.102286,1.573518
2020-07-09,7.121434,3.403045,2.542667,1.552397
2020-07-10,8.255705,2.878039,2.168,1.56129
2020-07-11,1.284589,0.418971,2.860952,1.602421
2020-07-12,7.434801,3.545264,2.070286,1.473471
2020-07-13,0.905272,0.35632,1.756952,1.610758
2020-07-14,0.0,0.0,0.765143,1.403438
2020-07-15,0.0,0.0,0.842667,1.294498
2020-07-16,0.0,0.0,2.359048,1.236693
2020-07-17,0.0,0.0,2.604952,1.19723
2020-07-18,0.0,0.0,3.969333,1.169995
2020-07-19,0.0,0.0,3.625714,1.140537
2020-07-20,0.003181,0.0,2.936191,1.119972
2020-07-21,5.00572,3.724355,1.359429,1.130532
2020-07-22,1.602011,1.314054,2.323048,1.248921
2020-07-23,5.654204,5.721834,2.312762,1.41511
2020-07-24,3.875007,3.89483,1.992762,1.297277
2020-07-25,0.731157,0.250634,3.761905,1.262261
2020-07-26,0.0,0.0,2.492571,1.154988
2020-07-27,1.7e-05,0.0,2.676381,1.093292
2020-07-28,0.0,0.0,1.370095,1.037711
2020-07-29,1.523272,0.529881,1.617524,0.987131
2020-07-30,0.0,0.0,2.496381,0.946557
2020-07-31,5.2e-05,0.0,4.017714,0.921545
2020-08-01,0.000218,0.0,1.451429,0.912096
2020-08-02,1.242429,0.535578,1.484952,0.908205
2020-08-03,19.994565,15.683201,2.248952,1.162769
2020-08-04,1.544771,0.43003,3.302667,1.567404
2020-08-05,0.001752,0.0,3.016952,1.114413
2020-08-06,0.000253,0.001712,2.728381,1.008252
2020-08-07,0.0,0.0,2.827048,0.950447
2020-08-08,0.001166,0.0,2.823048,0.910984
2020-08-09,0.034621,0.023394,0.916762,0.872077
2020-08-10,0.000366,0.0,1.350476,0.844286
2020-08-11,8.4e-05,0.0,3.202286,0.816495
2020-08-12,0.0,0.0,4.025333,0.795374
2020-08-13,1.7e-05,0.0,3.172191,0.788149
2020-08-14,5.2e-05,0.0,4.06381,0.780367
2020-08-15,8.6e-05,0.0,3.486667,0.769251
2020-08-16,0.0,0.0,2.352,0.753688
2020-08-17,0.0,0.0,4.061333,0.737569
2020-08-18,0.0,0.0,4.682286,0.723118
2020-08-19,0.000699,0.0,5.189143,0.712558
2020-08-20,0.0,0.0,4.530857,0.703109
2020-08-21,0.0,0.0,3.540572,0.689213
2020-08-22,0.0,0.0,3.43181,0.664201
2020-08-23,0.0,0.0,2.570476,0.644748
2020-08-24,0.0,0.0,4.238857,0.637522
2020-08-25,0.0,0.0,4.005333,0.635855
2020-08-26,5.2e-05,0.0,4.168572,0.630297
2020-08-27,0.0,0.0,4.362667,0.623627
2020-08-28,0.275805,0.128167,1.949524,0.620848
2020-08-29,0.00133,0.0,1.569905,0.607508
2020-08-30,3.521004,1.272359,1.983619,0.646415
2020-08-31,2.753134,0.963965,3.773524,0.748686
2020-09-01,0.004725,0.0,4.131429,0.708111
2020-09-02,0.000136,0.0,3.56,0.620848
2020-09-03,0.657117,0.1019,3.350667,0.594724
2020-09-04,0.900941,0.867559,2.642857,0.593613
2020-09-05,1.036879,0.187585,3.253333,0.60195
2020-09-06,1.87926,0.644694,4.593714,0.600838
2020-09-07,2.408508,3.326662,3.744381,0.60862
2020-09-08,0.847935,0.129094,4.076762,0.631964
2020-09-09,7.835984,3.484536,2.58781,0.571936
2020-09-10,0.126432,0.064551,3.384,0.709778
2020-09-11,0.00141,0.0,5.045905,0.573047
2020-09-12,1.087474,0.22092,2.452571,0.535252
2020-09-13,0.518545,0.117122,2.080191,0.528026
2020-09-14,0.705491,0.285485,2.055238,0.530805
2020-09-15,0.121371,0.011987,2.370667,0.521912
2020-09-16,2.257839,1.085689,2.384,0.519689
2020-09-17,8.983808,5.699025,2.632381,0.535808
2020-09-18,14.607437,7.987149,2.604191,1.486811
2020-09-19,4.123224,3.714072,2.258857,1.345077
2020-09-20,2.894185,2.507945,4.54381,1.357861
2020-09-21,0.0,0.0,5.65981,1.02715
2020-09-22,1.7e-05,0.0,4.42,0.778144
2020-09-23,0.0,0.0,4.724762,0.684211
2020-09-24,0.0,0.0,4.696762,0.640301
2020-09-25,0.0,0.0,5.163048,0.613066
2020-09-26,0.0,0.0,5.537333,0.586387
2020-09-27,0.0,0.0,5.18381,0.555261
2020-09-28,0.000298,0.0,5.620762,0.539143
2020-09-29,0.120934,0.029104,4.640572,0.528026
2020-09-30,0.071226,0.0156,3.77581,0.541366
2020-10-01,0.000385,0.0,5.263238,0.540254
2020-10-02,0.007507,0.0,3.669714,0.519133
2020-10-03,0.000151,0.0,1.496381,0.497456
2020-10-04,0.961808,1.81902,3.15981,0.475779
2020-10-05,0.707887,1.570982,3.996191,0.509684
2020-10-06,1.985009,2.243002,4.660381,0.504126
2020-10-07,1.723348,2.769318,4.558095,0.507461
2020-10-08,0.299615,0.820352,5.671048,0.529694
2020-10-09,0.000246,0.0,6.042286,0.492454
2020-10-10,1.7e-05,0.0,5.266286,0.464663
2020-10-11,1.7e-05,0.0,4.689905,0.4491
2020-10-12,0.801849,1.646613,4.037714,0.443542
2020-10-13,0.250606,0.775043,2.887429,0.468554
2020-10-14,0.429429,0.766226,3.139238,0.451324
2020-10-15,0.67755,1.067182,4.533905,0.441319
2020-10-16,3.387,2.693637,4.295238,0.436316
2020-10-17,0.009213,0.001712,5.381714,0.444098
2020-10-18,0.389092,0.069881,3.722667,0.415195
2020-10-19,0.090813,0.012553,5.411429,0.404079
2020-10-20,0.0,0.0,6.562667,0.397965
2020-10-21,0.0,0.0,5.724953,0.379623
2020-10-22,0.400902,0.107194,3.247048,0.369063
2020-10-23,0.000937,0.030449,2.725333,0.366839
2020-10-24,2.500234,0.825526,4.090286,0.370174
2020-10-25,0.011239,0.0,4.161524,0.36406
2020-10-26,2.635296,2.572153,2.656,0.375732
2020-10-27,5.911313,4.277794,3.348762,0.396853
2020-10-28,0.347228,0.239221,4.546095,0.395742
2020-10-29,2.175372,1.894063,5.800952,0.396853
2020-10-30,0.166845,0.243195,7.597143,0.399077
2020-10-31,0.0,0.0,5.423619,0.359614
2020-11-01,0.0,0.0,5.962095,0.345162
2020-11-02,1.7e-05,0.0,6.352572,0.337937
2020-11-03,0.0,0.0,5.359048,0.33349
2020-11-04,0.088754,0.012553,6.436191,0.325709
2020-11-05,0.000331,0.0,4.842095,0.320706
2020-11-06,0.000314,0.0,5.51181,0.312925
2020-11-07,0.0,0.0,4.741714,0.304588
2020-11-08,3.9e-05,0.0,3.539619,0.292916
2020-11-09,5.921656,13.896869,2.950476,0.317372
2020-11-10,5.308328,6.267359,2.900381,0.514687
2020-11-11,0.772372,1.335191,3.283429,0.559152
2020-11-12,0.596799,0.646637,2.805714,0.430202
2020-11-13,0.0,0.0,5.509333,0.393519
2020-11-14,0.006992,0.005326,5.669333,0.369618
2020-11-15,0.007502,0.005326,6.308953,0.34683
2020-11-16,6.9e-05,0.0,6.71981,0.338493
2020-11-17,0.000246,0.0,6.320762,0.328488
2020-11-18,0.0,0.0,4.019429,0.319039
2020-11-19,1.7e-05,0.0,3.098095,0.308479
2020-11-20,0.383283,0.060929,3.875048,0.30292
2020-11-21,11.663581,19.87117,4.097333,0.373509
2020-11-22,2.194487,1.556336,4.312762,0.531361
2020-11-23,2.020837,1.183808,5.960762,0.395742
2020-11-24,0.074911,0.008559,5.387048,0.379067
2020-11-25,0.00152,0.0,5.50381,0.341272
2020-11-26,0.070368,0.001712,5.557333,0.325153
2020-11-27,3.121977,8.520751,5.918857,0.30959
2020-11-28,0.286717,0.581292,2.346286,0.365728
2020-11-29,2.110759,1.755031,4.879238,0.323486
2020-11-30,3.561542,4.360849,5.781524,0.390739
2020-12-01,0.000314,0.0,3.553143,0.377956
2020-12-02,0.070564,0.04832,4.158667,0.315148
2020-12-03,0.074885,0.010271,4.318286,0.30292
2020-12-04,1.743402,2.764141,5.549333,0.302365
2020-12-05,0.191155,0.012553,5.518857,0.307367
2020-12-06,0.0,0.0,6.350667,0.289581
2020-12-07,0.000366,0.0,5.216762,0.272906
2020-12-08,0.0,0.0,4.495238,0.264569
2020-12-09,1.059753,0.49136,6.356,0.262902
2020-12-10,10.832362,11.212517,4.40381,0.290692
2020-12-11,10.645817,10.110207,4.689143,1.9587
2020-12-12,4.061449,4.670368,1.855048,0.609731
2020-12-13,3.316873,6.98453,2.068,0.467998
2020-12-14,1.7e-05,0.0,2.939048,0.396298
2020-12-15,0.044799,0.053896,4.745333,0.344051
2020-12-16,15.71061,18.504867,3.542476,1.002138
2020-12-17,2.59979,2.014979,5.516953,0.584164
2020-12-18,7.548333,2.189084,3.887619,0.410193
2020-12-19,0.0,0.0,5.268,0.382402
2020-12-20,0.00474,0.0,6.001333,0.350721
2020-12-21,0.0,0.0,5.324953,0.336269
2020-12-22,0.040908,0.025296,5.812762,0.330155
2020-12-23,0.021008,0.0,4.745714,0.320151
2020-12-24,7.245567,15.06132,4.553333,0.317372
2020-12-25,30.664909,27.741655,2.432381,0.40797
2020-12-26,4.887688,9.789099,2.957143,1.972039
2020-12-27,5.56606,10.024099,3.87581,1.359529
2020-12-28,6.528127,3.683543,4.412381,0.88097
2020-12-29,10.790162,10.916856,2.851429,3.041987
2020-12-30,46.844074,48.766751,6.393143,5.369749
2020-12-31,19.231987,13.462036,3.82381,6.246273
2021-01-01,41.02952,70.905853,4.121143,22.818517
2021-01-02,51.865262,50.397629,3.931619,18.077953
2021-01-03,20.917731,27.782618,3.532381,18.96726
2021-01-04,28.937533,28.195388,1.659048,15.107666
2021-01-05,124.904118,131.362976,3.612762,96.215282
2021-01-06,103.965733,73.917113,3.559048,65.585867
2021-01-07,16.014464,10.666625,4.945714,21.138282
2021-01-08,25.860158,26.884322,3.087619,16.836257
2021-01-09,7.555891,9.315031,2.796571,13.269578
2021-01-10,28.455588,30.404552,6.750095,12.242984
2021-01-11,7.864967,5.016359,3.593905,12.505886
2021-01-12,171.249513,164.048654,4.090667,78.265724
2021-01-13,64.568919,56.057299,3.802095,54.04488
2021-01-14,28.941164,15.415783,3.164571,30.273692
2021-01-15,3.307612,1.380857,5.758857,15.863021
2021-01-16,0.001479,0.0,4.296571,12.074016
2021-01-17,0.002184,0.0,3.677524,9.959687
2021-01-18,29.397781,20.320514,4.518857,9.089278
2021-01-19,10.760744,4.783527,2.801333,8.953103
2021-01-20,7.000991,3.188515,3.122095,7.607469
2021-01-21,13.259846,5.654988,3.185714,7.899273
2021-01-22,5.440227,4.846089,5.814095,7.260639
2021-01-23,0.09417,0.064551,5.345524,6.286848
2021-01-24,0.052174,0.001712,5.959238,5.593744
2021-01-25,0.035153,0.02511,6.368952,5.177993
2021-01-26,0.093307,0.012553,4.280572,4.75446
2021-01-27,0.000333,0.0,4.644762,4.407074
2021-01-28,0.679159,0.062645,2.852,4.15251
2021-01-29,2.157426,2.961453,2.654667,3.967979
2021-01-30,11.281164,6.270064,5.284,3.976316
2021-01-31,0.816417,0.308899,4.602095,3.705633
2021-02-01,7.805629,11.018232,6.255048,4.357051
2021-02-02,0.317584,0.6009,5.279238,3.650607
2021-02-03,0.046004,0.0,2.961905,3.365473
2021-02-04,26.807751,28.437285,5.882667,4.60161
2021-02-05,0.885647,0.374452,4.933714,3.62893
2021-02-06,0.362392,0.053878,5.089333,3.601139
2021-02-07,11.325229,11.205813,5.093714,4.017446
2021-02-08,0.719302,0.135971,4.220762,3.803457
2021-02-09,23.680774,32.502252,5.223429,4.514903
2021-02-10,20.35282,19.423218,4.77181,7.394591
2021-02-11,10.624611,10.939586,3.647048,6.324087
2021-02-12,52.679624,92.616915,3.440952,36.32265
2021-02-13,7.288092,9.286405,5.116381,23.34432
2021-02-14,0.008711,0.001712,4.284381,12.293008
2021-02-15,19.711376,16.045811,2.282286,11.767761
2021-02-16,44.142608,51.015175,2.646095,18.948918
2021-02-17,20.195493,11.857134,3.568381,15.253846
2021-02-18,87.303235,72.95562,2.017905,42.214868
2021-02-19,47.352288,22.597467,2.241143,23.816765
2021-02-20,69.32455,60.827593,2.598667,33.405166
2021-02-21,22.749654,19.25636,5.352952,26.254023
2021-02-22,78.836172,68.174985,5.895238,26.434663
2021-02-23,0.0,0.0,5.405143,17.873968
2021-02-24,0.0,0.0,5.724762,13.426319
2021-02-25,0.240605,0.033717,3.891429,11.3081
2021-02-26,15.696696,13.414235,2.01219,10.398783
2021-02-27,16.80268,5.705654,3.504,9.819621
2021-02-28,16.842076,12.550225,1.976381,9.627309
2021-03-01,84.445595,87.050233,2.530857,13.138961
2021-03-02,60.188836,55.963529,2.682286,35.895783
2021-03-03,1.509035,1.418604,3.302667,15.207157
2021-03-04,0.0,0.0,5.302095,11.680497
2021-03-05,0.231412,0.181281,6.387429,9.976362
2021-03-06,12.448586,16.945426,4.168953,9.824624
2021-03-07,0.008406,0.0,5.830667,8.680752
2021-03-08,7.536633,18.499175,6.176,10.303182
2021-03-09,0.351695,0.69976,5.866667,8.412848
2021-03-10,0.080459,0.012553,6.146857,7.441836
2021-03-11,0.000281,0.0,5.964191,6.670917
2021-03-12,0.001442,0.0,4.712762,6.192915
2021-03-13,0.397617,0.042084,5.474095,5.721582
2021-03-14,1.028635,0.783939,5.210667,5.361412
2021-03-15,0.00056,0.0,5.034476,5.021252
2021-03-16,0.226176,0.10303,5.337333,4.70388
2021-03-17,0.003045,0.02511,4.654095,4.469326
2021-03-18,0.025422,0.02511,4.782667,4.265897
2021-03-19,2.792885,6.159765,3.670095,4.224766
2021-03-20,2.340389,2.753298,3.941714,4.039679
2021-03-21,0.362991,0.051192,2.636571,3.90406
2021-03-22,3.277733,2.576684,5.200381,3.800678
2021-03-23,0.001016,0.0,4.69181,3.617814
2021-03-24,0.016341,0.0,4.004191,3.454404
2021-03-25,11.847701,10.175364,3.729333,3.89072
2021-03-26,1.774282,1.581844,5.124952,3.767884
2021-03-27,15.788759,23.364534,4.112762,3.42161
2021-03-28,15.193566,8.327016,3.563048,4.307583
2021-03-29,0.082852,0.033876,4.177334,3.402157
2021-03-30,0.505593,0.424332,4.368572,3.155374
2021-03-31,3.506369,1.11576,4.153524,3.021422
2021-04-01,9.626737,5.692513,2.13581,3.2821
2021-04-02,0.320869,0.147042,2.065143,3.154262
2021-04-03,2.466758,0.725905,2.067619,2.873575
2021-04-04,3.014059,4.961281,1.093905,2.883579
2021-04-05,4.678681,2.920925,4.193524,2.888026
2021-04-06,0.415387,0.610645,3.233333,2.807988
2021-04-07,0.101187,0.0,5.053143,2.595666
2021-04-08,0.01769,0.028733,5.334095,2.458935
2021-04-09,1.4942,0.555228,5.561143,2.375007
2021-04-10,0.000698,0.0,4.360381,2.270513
2021-04-11,0.066622,0.012553,5.132381,2.214376
2021-04-12,0.024635,0.012553,4.488381,2.123221
2021-04-13,4.606207,7.042979,3.875048,2.178247
2021-04-14,2.203875,1.632725,3.087429,2.140452
2021-04-15,1.202258,2.419558,3.748381,2.066528
2021-04-16,0.700459,0.775826,4.334286,1.987046
2021-04-17,0.0,0.001712,2.779619,1.889778
2021-04-18,0.174046,0.028538,2.969905,1.810296
2021-04-19,14.127173,7.187972,2.375429,2.276627
2021-04-20,44.026222,46.916185,2.023429,5.251916
2021-04-21,71.190666,91.851738,2.980762,26.609746
2021-04-22,24.082327,39.059041,2.106476,29.730103
2021-04-23,20.744634,16.884387,2.680191,12.157944
2021-04-24,10.47098,10.723378,1.427238,10.265387
2021-04-25,7.068049,3.256519,1.946286,8.776353
2021-04-26,21.344142,5.701648,1.266095,8.48566
2021-04-27,10.84713,2.155783,2.513333,8.739669
2021-04-28,1.16428,0.848352,3.690095,7.139471
2021-04-29,6.967779,2.085842,2.553905,6.267394
2021-04-30,10.021479,7.133485,3.062857,6.303522
2021-05-01,4.028934,3.918427,4.005524,5.830522
2021-05-02,0.957586,0.093332,2.336762,5.137418
2021-05-03,0.003382,0.0,4.047429,4.70666
2021-05-04,0.709927,0.142401,3.051619,4.378172
2021-05-05,0.295493,0.196492,4.435048,4.127498
2021-05-06,0.000246,0.0,3.204762,3.89072
2021-05-07,0.0,0.0,4.457714,3.657277
2021-05-08,0.000469,0.0,2.844762,3.510541
2021-05-09,0.019051,0.0,2.981905,3.386594
2021-05-10,0.000977,0.0,3.293714,3.288214
2021-05-11,5.733951,12.061465,3.945333,3.274319
2021-05-12,0.004948,0.0,3.598667,3.137032
2021-05-13,6.9e-05,0.0,4.219048,3.06422
2021-05-14,0.001436,0.0,3.184952,2.988629
2021-05-15,0.0,0.003428,2.454476,2.931935
2021-05-16,0.0,0.0,4.7,2.862458
2021-05-17,0.0,0.0,2.082095,2.736288
2021-05-18,0.12248,0.022845,2.403048,2.660141
2021-05-19,4.248497,0.936516,2.186286,2.707941
2021-05-20,2.829647,0.854055,2.487429,2.598445
2021-05-21,15.00785,13.220549,1.498667,2.810767
2021-05-22,7.547039,5.576703,1.669333,3.209288
2021-05-23,4.493188,2.095579,2.097333,2.928045
2021-05-24,13.499457,7.000372,2.007619,2.751851
2021-05-25,9.179717,10.327572,3.66,3.202618
2021-05-26,4.130593,2.101076,2.602476,3.041431
2021-05-27,0.287991,0.022282,3.035048,2.899142
2021-05-28,0.000238,0.0,3.063048,2.635129
2021-05-29,0.338811,0.231391,0.463048,2.413358
2021-05-30,0.000268,0.0,1.543048,2.256618
2021-05-31,11.951788,8.156745,2.518286,2.392793
2021-06-01,6.701101,3.062632,2.212,2.949166
2021-06-02,5.401088,6.241648,3.031048,2.462826
2021-06-03,4.916802,2.173085,2.897905,2.587885
2021-06-04,0.000748,0.0,2.998286,2.286632
2021-06-05,0.0,0.0,1.040381,2.120998
2021-06-06,7.8e-05,0.0,1.064762,2.000942
2021-06-07,4.167042,4.399956,2.134667,1.957032
2021-06-08,9.953904,10.310423,3.090095,2.129335
2021-06-09,0.851263,0.940368,3.940952,2.675148
2021-06-10,0.014113,0.0,1.292762,2.099877
2021-06-11,3.3e-05,0.0,0.90819,1.902562
2021-06-12,0.01098,0.001712,1.923619,1.842534
2021-06-13,1.32872,1.635745,1.640952,1.886999
2021-06-14,2.503021,2.05006,3.062286,1.949251
2021-06-15,0.058199,0.001712,3.401714,1.960923
2021-06-16,0.026576,0.02511,3.609524,1.843645
2021-06-17,0.0,0.0,2.76,1.779726
2021-06-18,1.413597,0.768514,3.171238,1.719698
2021-06-19,1.7e-05,0.0,0.386095,1.651889
2021-06-20,0.00024,0.0,1.444191,1.547951
2021-06-21,0.0,0.0,2.912572,1.506264
2021-06-22,0.0,0.0,2.499619,1.491813
2021-06-23,0.192444,0.059772,2.188381,1.477362
2021-06-24,0.280938,0.015981,2.202667,1.484588
2021-06-25,2.150703,2.756348,2.701333,1.485699
2021-06-26,0.009535,0.0156,1.644381,1.552397
2021-06-27,3.292892,3.718058,1.686857,1.50682
2021-06-28,1.459818,1.577075,1.534857,1.518492
2021-06-29,3.981559,1.883174,1.776381,1.448459
2021-06-30,28.610534,11.580755,1.809905,1.894225
